clip_id,scene,shot,clip_of,seconds,location,prompt
S01-1A,1,1A,1/1,5,LOC-01,"ECU, eye, 85mm, locked-off, no camera movement. Black frame resolving into a single red alarm gyro reflected in a young man's wet eye; the pupil contracts as the light sweeps past. Cadet Arjun (20, same face as Arjun but younger, CLEAN-SHAVEN, NO grey streak, short neat black hair, charcoal cadet suit with a brass half-plate on the LEFT shoulder only). Setting: a 60m-wide industrial containment shaft 200m deep, brass containment rings, crystal growing through cracked concrete, four levels of catwalk, amber work lamps and spinning red alarm gyros. 14:12, 3 Aug 2059, interior / emergency state. Light: single rotating red gyro, everything else black. Audio: 38Hz sub-bass; distant klaxon; Amara V.O. 'Anchor before you build.'. Photoreal live-action cinema, 2.39:1 anamorphic widescreen, fine 35mm grain, naturalistic skin, practical lighting, no CGI gloss. Avoid: on-screen text, subtitles, watermarks, HUD or UI graphics, comic-book styling, capes, masks on the hero, glossy 3D-render look, extra fingers, changing hairstyles."
S01-1B,1,1B,1/1,7,LOC-01,"EWS, extreme high, looking straight down the shaft, 21mm, slow crane descent. Reveal of the 60m brass-ringed containment shaft plunging 200m; sixty Corps personnel evacuating four levels of catwalk; steam venting; crystal filament veining the concrete. Setting: a 60m-wide industrial containment shaft 200m deep, brass containment rings, crystal growing through cracked concrete, four levels of catwalk, amber work lamps and spinning red alarm gyros. 14:12, 3 Aug 2059, interior / emergency state. Light: amber sodium work lamps, spinning red gyros, a growing white glow from the base. Effect: full CG shaft extension below level 4; crystal filament growth; volumetric steam. Audio: klaxons, hydraulics, running boots, hum rising. Photoreal live-action cinema, 2.39:1 anamorphic widescreen, fine 35mm grain, naturalistic skin, practical lighting, no CGI gloss. Avoid: on-screen text, subtitles, watermarks, HUD or UI graphics, comic-book styling, capes, masks on the hero, glossy 3D-render look, extra fingers, changing hairstyles."
S01-1C,1,1C,1/1,6,LOC-01,"MS, low, handheld, 32mm, tracking backwards ahead of subject. Cadet Arjun shoulders upstream through the evacuating crowd, hauling himself up a ladder against the flow. Cadet Arjun (20, same face as Arjun but younger, CLEAN-SHAVEN, NO grey streak, short neat black hair, charcoal cadet suit with a brass half-plate on the LEFT shoulder only). Setting: a 60m-wide industrial containment shaft 200m deep, brass containment rings, crystal growing through cracked concrete, four levels of catwalk, amber work lamps and spinning red alarm gyros. 14:12, 3 Aug 2059, interior / emergency state. Light: amber practicals raking, red gyro strobing across his face. Effect: atmospheric only. Audio: crowd, metal, his breathing loud in the mix. Photoreal live-action cinema, 2.39:1 anamorphic widescreen, fine 35mm grain, naturalistic skin, practical lighting, no CGI gloss. Avoid: on-screen text, subtitles, watermarks, HUD or UI graphics, comic-book styling, capes, masks on the hero, glossy 3D-render look, extra fingers, changing hairstyles."
S01-1D,1,1D,1/1,5,LOC-01,"WS, slightly high, Arjun's POV, 40mm, handheld settle. Dev pinned beneath a collapsed brass containment arm on the level-3 catwalk, entirely calm, oxblood cloak spread in the steam. Dev in 2059 (46, tall broad South Indian man, grey beard, BOTH eyes human brown, NO crystal anywhere, brass-bronze cuirass, bronze gorget, heavy oxblood cloak, wedding band ON HIS HAND). Setting: a 60m-wide industrial containment shaft 200m deep, brass containment rings, crystal growing through cracked concrete, four levels of catwalk, amber work lamps and spinning red alarm gyros. 14:12, 3 Aug 2059, interior / emergency state. Light: amber key from below, white bloom edge-lighting his right side. Effect: CG containment arm; sparks; the white bloom glow. Audio: the hum takes over the mix. Photoreal live-action cinema, 2.39:1 anamorphic widescreen, fine 35mm grain, naturalistic skin, practical lighting, no CGI gloss. Avoid: on-screen text, subtitles, watermarks, HUD or UI graphics, comic-book styling, capes, masks on the hero, glossy 3D-render look, extra fingers, changing hairstyles."
S01-1E,1,1E,1/1,6,LOC-01,"CU, eye, slight low, 75mm, locked-off, no camera movement. Dev: 'Cadet. Go up.' Perfect calm. A steam vent blows past behind him. Dev in 2059 (46, tall broad South Indian man, grey beard, BOTH eyes human brown, NO crystal anywhere, brass-bronze cuirass, bronze gorget, heavy oxblood cloak, wedding band ON HIS HAND). Setting: a 60m-wide industrial containment shaft 200m deep, brass containment rings, crystal growing through cracked concrete, four levels of catwalk, amber work lamps and spinning red alarm gyros. 14:12, 3 Aug 2059, interior / emergency state. Light: amber key, hard shadow, white rim growing. Effect: steam element. Audio: dialogue dry and close against the enormous room tone. Photoreal live-action cinema, 2.39:1 anamorphic widescreen, fine 35mm grain, naturalistic skin, practical lighting, no CGI gloss. Avoid: on-screen text, subtitles, watermarks, HUD or UI graphics, comic-book styling, capes, masks on the hero, glossy 3D-render look, extra fingers, changing hairstyles."
S01-1F-a,1,1F,1/2,5,LOC-01,"MS 2-shot, eye, 50mm, slow push in. Arjun kneeling at the rail above Dev; the argument; the shaft lurches and dust falls between them. Cadet Arjun (20, same face as Arjun but younger, CLEAN-SHAVEN, NO grey streak, short neat black hair, charcoal cadet suit with a brass half-plate on the LEFT shoulder only). Dev in 2059 (46, tall broad South Indian man, grey beard, BOTH eyes human brown, NO crystal anywhere, brass-bronze cuirass, bronze gorget, heavy oxblood cloak, wedding band ON HIS HAND). Setting: a 60m-wide industrial containment shaft 200m deep, brass containment rings, crystal growing through cracked concrete, four levels of catwalk, amber work lamps and spinning red alarm gyros. 14:12, 3 Aug 2059, interior / emergency state. Light: amber, red gyro passing every 2s. Effect: debris, dust fall. Audio: structural groan under dialogue. Photoreal live-action cinema, 2.39:1 anamorphic widescreen, fine 35mm grain, naturalistic skin, practical lighting, no CGI gloss. Avoid: on-screen text, subtitles, watermarks, HUD or UI graphics, comic-book styling, capes, masks on the hero, glossy 3D-render look, extra fingers, changing hairstyles. (Continuous shot, part 1 of 2. Begin the described action; end the clip mid-movement, not on a settle. Use the final frame of part 0 as the starting reference so the move is unbroken.)"
S01-1F-b,1,1F,2/2,4,LOC-01,"MS 2-shot, eye, 50mm, slow push in. Arjun kneeling at the rail above Dev; the argument; the shaft lurches and dust falls between them. Cadet Arjun (20, same face as Arjun but younger, CLEAN-SHAVEN, NO grey streak, short neat black hair, charcoal cadet suit with a brass half-plate on the LEFT shoulder only). Dev in 2059 (46, tall broad South Indian man, grey beard, BOTH eyes human brown, NO crystal anywhere, brass-bronze cuirass, bronze gorget, heavy oxblood cloak, wedding band ON HIS HAND). Setting: a 60m-wide industrial containment shaft 200m deep, brass containment rings, crystal growing through cracked concrete, four levels of catwalk, amber work lamps and spinning red alarm gyros. 14:12, 3 Aug 2059, interior / emergency state. Light: amber, red gyro passing every 2s. Effect: debris, dust fall. Audio: structural groan under dialogue. Photoreal live-action cinema, 2.39:1 anamorphic widescreen, fine 35mm grain, naturalistic skin, practical lighting, no CGI gloss. Avoid: on-screen text, subtitles, watermarks, HUD or UI graphics, comic-book styling, capes, masks on the hero, glossy 3D-render look, extra fingers, changing hairstyles. (Continuous shot, part 2 of 2. Complete the described action and settle on the final beat. Use the final frame of part 1 as the starting reference so the move is unbroken.)"
S01-1G,1,1G,1/1,8,LOC-01,"WS, low, looking down the shaft past the catwalk, 25mm, slow tilt down. The white bloom being born at the base of the shaft — not fire; a soundless, patient, gentle white expansion rising ring by ring. Setting: a 60m-wide industrial containment shaft 200m deep, brass containment rings, crystal growing through cracked concrete, four levels of catwalk, amber work lamps and spinning red alarm gyros. 14:12, 3 Aug 2059, interior / emergency state. Light: the bloom is the only source; everything silhouettes. Effect: the Bloom: a non-turbulent, slow, glassy white expansion, no flame, no smoke, consuming catwalks silently. Audio: ALL SOUND DUCKS to a single sustained 38Hz tone. Photoreal live-action cinema, 2.39:1 anamorphic widescreen, fine 35mm grain, naturalistic skin, practical lighting, no CGI gloss. Avoid: on-screen text, subtitles, watermarks, HUD or UI graphics, comic-book styling, capes, masks on the hero, glossy 3D-render look, extra fingers, changing hairstyles."
S01-1H,1,1H,1/1,5,LOC-01,"CU, eye, 50mm, handheld. Arjun looks at the bloom, at Dev, at the lever. Decision lands on his face. Cadet Arjun (20, same face as Arjun but younger, CLEAN-SHAVEN, NO grey streak, short neat black hair, charcoal cadet suit with a brass half-plate on the LEFT shoulder only). Setting: a 60m-wide industrial containment shaft 200m deep, brass containment rings, crystal growing through cracked concrete, four levels of catwalk, amber work lamps and spinning red alarm gyros. 14:12, 3 Aug 2059, interior / emergency state. Light: white bloom key from below, amber fill dying. Effect: interactive white light on skin. Audio: heartbeat only. Photoreal live-action cinema, 2.39:1 anamorphic widescreen, fine 35mm grain, naturalistic skin, practical lighting, no CGI gloss. Avoid: on-screen text, subtitles, watermarks, HUD or UI graphics, comic-book styling, capes, masks on the hero, glossy 3D-render look, extra fingers, changing hairstyles."
S01-1I,1,1I,1/1,3,LOC-01,"insert, eye, level with the lever, 40mm macro, whip-focus rack. The brass containment ring lever, red-painted grip, chest height, 40m of catwalk away, going out of focus then sharp. Setting: a 60m-wide industrial containment shaft 200m deep, brass containment rings, crystal growing through cracked concrete, four levels of catwalk, amber work lamps and spinning red alarm gyros. 14:12, 3 Aug 2059, interior / emergency state. Light: amber practical, white spill. Audio: a single metallic chime. Photoreal live-action cinema, 2.39:1 anamorphic widescreen, fine 35mm grain, naturalistic skin, practical lighting, no CGI gloss. Avoid: on-screen text, subtitles, watermarks, HUD or UI graphics, comic-book styling, capes, masks on the hero, glossy 3D-render look, extra fingers, changing hairstyles."
S01-1J,1,1J,1/1,6,LOC-01,"MS to ECU, low behind, 32mm, fast handheld run-in. Arjun runs the catwalk. The lever fills frame. His hand reaches — CUT TO BLACK 4 frames before contact. Cadet Arjun (20, same face as Arjun but younger, CLEAN-SHAVEN, NO grey streak, short neat black hair, charcoal cadet suit with a brass half-plate on the LEFT shoulder only). Setting: a 60m-wide industrial containment shaft 200m deep, brass containment rings, crystal growing through cracked concrete, four levels of catwalk, amber work lamps and spinning red alarm gyros. 14:12, 3 Aug 2059, interior / emergency state. Light: blown white, amber gone. Effect: white bloom overtaking frame edges. Audio: everything → ABSOLUTE SILENCE for 3s over black. Photoreal live-action cinema, 2.39:1 anamorphic widescreen, fine 35mm grain, naturalistic skin, practical lighting, no CGI gloss. Avoid: on-screen text, subtitles, watermarks, HUD or UI graphics, comic-book styling, capes, masks on the hero, glossy 3D-render look, extra fingers, changing hairstyles."
S02-2A,2,2A,1/1,8,LOC-02,"EWS, high wide, looking down through the broken skylight, 21mm, slow drift descent. A single vertical green god-ray falls 18m into a submerged barrel-vaulted transit hall; cast-iron columns; silt-drifted benches. Setting: a drowned transit hall 18m underwater, 40m vaulted ceiling, cast-iron columns, silt, one vertical green god-ray from a broken skylight. midday surface / underwater dusk, underwater, 8m visibility. Light: one vertical god-ray, deep viridian falloff. Effect: full CG environment extension; particulate; caustics. Audio: underwater pressure bed, distant metal groan. Photoreal live-action cinema, 2.39:1 anamorphic widescreen, fine 35mm grain, naturalistic skin, practical lighting, no CGI gloss. Avoid: on-screen text, subtitles, watermarks, HUD or UI graphics, comic-book styling, capes, masks on the hero, glossy 3D-render look, extra fingers, changing hairstyles."
S02-2B,2,2B,1/1,7,LOC-02,"MS, eye, underwater, 32mm, slow lateral dolly. Arjun in patched neoprene and rebreather works a copper bus-bar loose with a pry bar; amber lamp on his mask cutting the green. Arjun (32, South Indian man, lean swimmer's build, deep brown skin, black mid-length hair pushed back with a grey streak at the RIGHT temple, heavy stubble, faint silver branching scars along both forearms). Setting: a drowned transit hall 18m underwater, 40m vaulted ceiling, cast-iron columns, silt, one vertical green god-ray from a broken skylight. midday surface / underwater dusk, underwater, 8m visibility. Light: amber head-lamp key, green ambient fill. Effect: bubbles, silt, lamp volumetric. Audio: regulator breathing dominant. Photoreal live-action cinema, 2.39:1 anamorphic widescreen, fine 35mm grain, naturalistic skin, practical lighting, no CGI gloss. Avoid: on-screen text, subtitles, watermarks, HUD or UI graphics, comic-book styling, capes, masks on the hero, glossy 3D-render look, extra fingers, changing hairstyles."
S02-2C,2,2C,1/1,5,LOC-02,"insert, overhead, 40mm macro, locked-off, no camera movement. A dive slate; grease pencil writes EXIT — NORTH ARCH — THIRD COLUMN. Camera holds; we see the same sentence already written three times above it. Setting: a drowned transit hall 18m underwater, 40m vaulted ceiling, cast-iron columns, silt, one vertical green god-ray from a broken skylight. midday surface / underwater dusk, underwater, 8m visibility. Light: amber lamp only. Audio: pencil scrape, breathing. Photoreal live-action cinema, 2.39:1 anamorphic widescreen, fine 35mm grain, naturalistic skin, practical lighting, no CGI gloss. Avoid: on-screen text, subtitles, watermarks, HUD or UI graphics, comic-book styling, capes, masks on the hero, glossy 3D-render look, extra fingers, changing hairstyles."
S02-2D,2,2D,1/1,4,LOC-02,"CU, low, looking up past him, 50mm, locked-off, no camera movement. Arjun through the mask — the moment he registers his own repetition. No reaction. He is used to it. Arjun (32, South Indian man, lean swimmer's build, deep brown skin, black mid-length hair pushed back with a grey streak at the RIGHT temple, heavy stubble, faint silver branching scars along both forearms). Setting: a drowned transit hall 18m underwater, 40m vaulted ceiling, cast-iron columns, silt, one vertical green god-ray from a broken skylight. midday surface / underwater dusk, underwater, 8m visibility. Light: amber lamp bounce on glass, green rim. Effect: reflection comp in mask glass. Audio: one skipped breath. Photoreal live-action cinema, 2.39:1 anamorphic widescreen, fine 35mm grain, naturalistic skin, practical lighting, no CGI gloss. Avoid: on-screen text, subtitles, watermarks, HUD or UI graphics, comic-book styling, capes, masks on the hero, glossy 3D-render look, extra fingers, changing hairstyles."
S02-2E,2,2E,1/1,6,LOC-02,"WS, low, from the terrazzo floor, 25mm, locked-off, no camera movement. He swims over the Corps hexagon inlaid in the terrazzo floor — the open-sided hexagon, half-buried in silt — and does not look at it. Arjun (32, South Indian man, lean swimmer's build, deep brown skin, black mid-length hair pushed back with a grey streak at the RIGHT temple, heavy stubble, faint silver branching scars along both forearms). Setting: a drowned transit hall 18m underwater, 40m vaulted ceiling, cast-iron columns, silt, one vertical green god-ray from a broken skylight. midday surface / underwater dusk, underwater, 8m visibility. Light: god-ray behind him, silhouette. Effect: CG floor inlay, silt drift. Audio: low hum begins under the bed. Photoreal live-action cinema, 2.39:1 anamorphic widescreen, fine 35mm grain, naturalistic skin, practical lighting, no CGI gloss. Avoid: on-screen text, subtitles, watermarks, HUD or UI graphics, comic-book styling, capes, masks on the hero, glossy 3D-render look, extra fingers, changing hairstyles."
S02-2F,2,2F,1/1,5,LOC-02,"insert, eye, 85mm, slow push. The brass anchor-stone at his hip pulses amber. Once. Twice. A heartbeat. Setting: a drowned transit hall 18m underwater, 40m vaulted ceiling, cast-iron columns, silt, one vertical green god-ray from a broken skylight. midday surface / underwater dusk, underwater, 8m visibility. Light: self-lit amber pulse, green ambient. Effect: anchor-stone pulse; internal amber glow through brass cage lattice. Audio: a soft bell, felt more than heard, 1Hz. Photoreal live-action cinema, 2.39:1 anamorphic widescreen, fine 35mm grain, naturalistic skin, practical lighting, no CGI gloss. Avoid: on-screen text, subtitles, watermarks, HUD or UI graphics, comic-book styling, capes, masks on the hero, glossy 3D-render look, extra fingers, changing hairstyles."
S02-2G,2,2G,1/1,6,LOC-02,"CU, eye, 50mm, slow push in. Arjun stops dead in the water. Stares at his own hip. Says 'No.' through the regulator. Arjun (32, South Indian man, lean swimmer's build, deep brown skin, black mid-length hair pushed back with a grey streak at the RIGHT temple, heavy stubble, faint silver branching scars along both forearms). Setting: a drowned transit hall 18m underwater, 40m vaulted ceiling, cast-iron columns, silt, one vertical green god-ray from a broken skylight. midday surface / underwater dusk, underwater, 8m visibility. Light: amber pulse now keying his face from below. Effect: interactive pulse light. Audio: breathing stops; the bell continues. Photoreal live-action cinema, 2.39:1 anamorphic widescreen, fine 35mm grain, naturalistic skin, practical lighting, no CGI gloss. Avoid: on-screen text, subtitles, watermarks, HUD or UI graphics, comic-book styling, capes, masks on the hero, glossy 3D-render look, extra fingers, changing hairstyles."
S02-2H,2,2H,1/1,8,LOC-02,"EWS, extreme low, looking up the skylight shaft, 21mm, locked-off, no camera movement. Tiny figure of Arjun 18m below a distant grey coin of surface light, fist closed around the pulsing stone. Arjun (32, South Indian man, lean swimmer's build, deep brown skin, black mid-length hair pushed back with a grey streak at the RIGHT temple, heavy stubble, faint silver branching scars along both forearms). Setting: a drowned transit hall 18m underwater, 40m vaulted ceiling, cast-iron columns, silt, one vertical green god-ray from a broken skylight. midday surface / underwater dusk, underwater, 8m visibility. Light: surface coin blown out, everything else viridian. Effect: CG extension, god-ray, particulate. Audio: the bell, the hum, and rain heard faintly from above the water. Photoreal live-action cinema, 2.39:1 anamorphic widescreen, fine 35mm grain, naturalistic skin, practical lighting, no CGI gloss. Avoid: on-screen text, subtitles, watermarks, HUD or UI graphics, comic-book styling, capes, masks on the hero, glossy 3D-render look, extra fingers, changing hairstyles."
S03-3A-a,3,3A,1/2,5,LOC-03 / LOC-10,"EWS aerial, drone, descending, 24mm, aerial descent through the towers. Nine stilt-towers of stacked shipping containers and bamboo scaffold rising out of grey water, forty rope walkways, LED string lights, tarpaulin in saffron and teal, rain sheeting. Setting: the Stiltway — nine towers of stacked shipping containers and bamboo scaffold linked by rope walkways, saffron and teal tarpaulins, LED string lights, grey monsoon water below, intercut with a corrugated rooftop kite-field high above the Stiltway: a red water-tank, antenna masts, laundry lines, pigeon coops. late afternoon, monsoon rain, wind 30km/h. Light: flat grey monsoon key, warm 2700K practical pockets. Effect: CG city extension, rain sim, atmospheric haze. Audio: rain on ten thousand tin roofs; the city's chord. Photoreal live-action cinema, 2.39:1 anamorphic widescreen, fine 35mm grain, naturalistic skin, practical lighting, no CGI gloss. Avoid: on-screen text, subtitles, watermarks, HUD or UI graphics, comic-book styling, capes, masks on the hero, glossy 3D-render look, extra fingers, changing hairstyles. (Continuous shot, part 1 of 2. Begin the described action; end the clip mid-movement, not on a settle. Use the final frame of part 0 as the starting reference so the move is unbroken.)"
S03-3A-b,3,3A,2/2,4,LOC-03 / LOC-10,"EWS aerial, drone, descending, 24mm, aerial descent through the towers. Nine stilt-towers of stacked shipping containers and bamboo scaffold rising out of grey water, forty rope walkways, LED string lights, tarpaulin in saffron and teal, rain sheeting. Setting: the Stiltway — nine towers of stacked shipping containers and bamboo scaffold linked by rope walkways, saffron and teal tarpaulins, LED string lights, grey monsoon water below, intercut with a corrugated rooftop kite-field high above the Stiltway: a red water-tank, antenna masts, laundry lines, pigeon coops. late afternoon, monsoon rain, wind 30km/h. Light: flat grey monsoon key, warm 2700K practical pockets. Effect: CG city extension, rain sim, atmospheric haze. Audio: rain on ten thousand tin roofs; the city's chord. Photoreal live-action cinema, 2.39:1 anamorphic widescreen, fine 35mm grain, naturalistic skin, practical lighting, no CGI gloss. Avoid: on-screen text, subtitles, watermarks, HUD or UI graphics, comic-book styling, capes, masks on the hero, glossy 3D-render look, extra fingers, changing hairstyles. (Continuous shot, part 2 of 2. Complete the described action and settle on the final beat. Use the final frame of part 1 as the starting reference so the move is unbroken.)"
S03-3B,3,3B,1/1,8,LOC-03 / LOC-10,"WS, eye, tracking, 32mm, handheld follow. Arjun crosses the market deck with copper on his shoulder, hood up, moving through vendors, marigolds, plastic-sheet rain capes. Arjun (32, South Indian man, lean swimmer's build, deep brown skin, black mid-length hair pushed back with a grey streak at the RIGHT temple, heavy stubble, faint silver branching scars along both forearms). Setting: the Stiltway — nine towers of stacked shipping containers and bamboo scaffold linked by rope walkways, saffron and teal tarpaulins, LED string lights, grey monsoon water below, intercut with a corrugated rooftop kite-field high above the Stiltway: a red water-tank, antenna masts, laundry lines, pigeon coops. late afternoon, monsoon rain, wind 30km/h. Light: grey key, string-light practicals, oil-drum fire warmth. Effect: rain interaction. Audio: market Tamil/Bengali/Yoruba chatter, hawkers, radios. Photoreal live-action cinema, 2.39:1 anamorphic widescreen, fine 35mm grain, naturalistic skin, practical lighting, no CGI gloss. Avoid: on-screen text, subtitles, watermarks, HUD or UI graphics, comic-book styling, capes, masks on the hero, glossy 3D-render look, extra fingers, changing hairstyles."
S03-3C,3,3C,1/1,6,LOC-03 / LOC-10,"MS, low, tilted up along the walkway ropes, 40mm, slow tilt up. Hundreds of WHITE PAPER MEMORIAL KITES hanging from the Long Walk ropes in the rain, sodden, turning. Setting: the Stiltway — nine towers of stacked shipping containers and bamboo scaffold linked by rope walkways, saffron and teal tarpaulins, LED string lights, grey monsoon water below, intercut with a corrugated rooftop kite-field high above the Stiltway: a red water-tank, antenna masts, laundry lines, pigeon coops. late afternoon, monsoon rain, wind 30km/h. Light: backlit by grey sky, LED strings foreground. Effect: cloth sim on hundreds of kites. Audio: paper in wind; the market drops 30% under it. Photoreal live-action cinema, 2.39:1 anamorphic widescreen, fine 35mm grain, naturalistic skin, practical lighting, no CGI gloss. Avoid: on-screen text, subtitles, watermarks, HUD or UI graphics, comic-book styling, capes, masks on the hero, glossy 3D-render look, extra fingers, changing hairstyles."
S03-3D,3,3D,1/1,7,LOC-03 / LOC-10,"WS, low, from below the roof edge, 32mm, whip pan up + handheld. Kira runs the roof edge of Tower Six barefoot, kite spool in hand, saffron-and-black kite cutting an arc; two kids screaming behind her. Kira (17, mixed Nigerian-Indian girl, wiry, dark brown skin, SIX cornrows in a high knot with THREE copper clips on the left, one brass earring, grey cloth wraps on both forearms). Setting: the Stiltway — nine towers of stacked shipping containers and bamboo scaffold linked by rope walkways, saffron and teal tarpaulins, LED string lights, grey monsoon water below, intercut with a corrugated rooftop kite-field high above the Stiltway: a red water-tank, antenna masts, laundry lines, pigeon coops. late afternoon, monsoon rain, wind 30km/h. Light: grey sky backlight, rim on wet skin. Effect: kite line physics; CG kite crowd in bg. Audio: laughter, line singing, wind. Photoreal live-action cinema, 2.39:1 anamorphic widescreen, fine 35mm grain, naturalistic skin, practical lighting, no CGI gloss. Avoid: on-screen text, subtitles, watermarks, HUD or UI graphics, comic-book styling, capes, masks on the hero, glossy 3D-render look, extra fingers, changing hairstyles."
S03-3E,3,3E,1/1,4,LOC-03 / LOC-10,"CU, eye, 85mm, handheld, loose. Kira's face, wet, grinning, calling 'LINE—' as she cuts a rival kite; three copper clips catching the light. Kira (17, mixed Nigerian-Indian girl, wiry, dark brown skin, SIX cornrows in a high knot with THREE copper clips on the left, one brass earring, grey cloth wraps on both forearms). Setting: the Stiltway — nine towers of stacked shipping containers and bamboo scaffold linked by rope walkways, saffron and teal tarpaulins, LED string lights, grey monsoon water below, intercut with a corrugated rooftop kite-field high above the Stiltway: a red water-tank, antenna masts, laundry lines, pigeon coops. late afternoon, monsoon rain, wind 30km/h. Light: soft grey wrap, wet-skin specular. Audio: the Stiltway roars off-screen. Photoreal live-action cinema, 2.39:1 anamorphic widescreen, fine 35mm grain, naturalistic skin, practical lighting, no CGI gloss. Avoid: on-screen text, subtitles, watermarks, HUD or UI graphics, comic-book styling, capes, masks on the hero, glossy 3D-render look, extra fingers, changing hairstyles."
S03-3F-a,3,3F,1/2,5,LOC-03 / LOC-10,"MS 2-shot, eye, 50mm, locked-off, no camera movement. Bhaskar weighs the copper at his yard, offers 260, adds a foil packet of food on top without comment. Arjun (32, South Indian man, lean swimmer's build, deep brown skin, black mid-length hair pushed back with a grey streak at the RIGHT temple, heavy stubble, faint silver branching scars along both forearms). Bhaskar (44, bald South Indian man, thick grey moustache, gold tooth, tattooed forearms, oily work vest). Setting: the Stiltway — nine towers of stacked shipping containers and bamboo scaffold linked by rope walkways, saffron and teal tarpaulins, LED string lights, grey monsoon water below, intercut with a corrugated rooftop kite-field high above the Stiltway: a red water-tank, antenna masts, laundry lines, pigeon coops. late afternoon, monsoon rain, wind 30km/h. Light: work-lamp key, torch spark flare, warm. Effect: welding spark interactive light. Audio: grinder, rain on corrugated steel. Photoreal live-action cinema, 2.39:1 anamorphic widescreen, fine 35mm grain, naturalistic skin, practical lighting, no CGI gloss. Avoid: on-screen text, subtitles, watermarks, HUD or UI graphics, comic-book styling, capes, masks on the hero, glossy 3D-render look, extra fingers, changing hairstyles. (Continuous shot, part 1 of 2. Begin the described action; end the clip mid-movement, not on a settle. Use the final frame of part 0 as the starting reference so the move is unbroken.)"
S03-3F-b,3,3F,2/2,4,LOC-03 / LOC-10,"MS 2-shot, eye, 50mm, locked-off, no camera movement. Bhaskar weighs the copper at his yard, offers 260, adds a foil packet of food on top without comment. Arjun (32, South Indian man, lean swimmer's build, deep brown skin, black mid-length hair pushed back with a grey streak at the RIGHT temple, heavy stubble, faint silver branching scars along both forearms). Bhaskar (44, bald South Indian man, thick grey moustache, gold tooth, tattooed forearms, oily work vest). Setting: the Stiltway — nine towers of stacked shipping containers and bamboo scaffold linked by rope walkways, saffron and teal tarpaulins, LED string lights, grey monsoon water below, intercut with a corrugated rooftop kite-field high above the Stiltway: a red water-tank, antenna masts, laundry lines, pigeon coops. late afternoon, monsoon rain, wind 30km/h. Light: work-lamp key, torch spark flare, warm. Effect: welding spark interactive light. Audio: grinder, rain on corrugated steel. Photoreal live-action cinema, 2.39:1 anamorphic widescreen, fine 35mm grain, naturalistic skin, practical lighting, no CGI gloss. Avoid: on-screen text, subtitles, watermarks, HUD or UI graphics, comic-book styling, capes, masks on the hero, glossy 3D-render look, extra fingers, changing hairstyles. (Continuous shot, part 2 of 2. Complete the described action and settle on the final beat. Use the final frame of part 1 as the starting reference so the move is unbroken.)"
S03-3G,3,3G,1/1,3,LOC-03 / LOC-10,"MS, eye, handheld, 40mm, quick handheld swish. A shoulder-brush in the crowd. Kira is six metres gone before Arjun's hand reaches his harness. Arjun (32, South Indian man, lean swimmer's build, deep brown skin, black mid-length hair pushed back with a grey streak at the RIGHT temple, heavy stubble, faint silver branching scars along both forearms). Kira (17, mixed Nigerian-Indian girl, wiry, dark brown skin, SIX cornrows in a high knot with THREE copper clips on the left, one brass earring, grey cloth wraps on both forearms). Setting: the Stiltway — nine towers of stacked shipping containers and bamboo scaffold linked by rope walkways, saffron and teal tarpaulins, LED string lights, grey monsoon water below, intercut with a corrugated rooftop kite-field high above the Stiltway: a red water-tank, antenna masts, laundry lines, pigeon coops. late afternoon, monsoon rain, wind 30km/h. Light: grey, practicals. Audio: one clean brass click in the mix. Photoreal live-action cinema, 2.39:1 anamorphic widescreen, fine 35mm grain, naturalistic skin, practical lighting, no CGI gloss. Avoid: on-screen text, subtitles, watermarks, HUD or UI graphics, comic-book styling, capes, masks on the hero, glossy 3D-render look, extra fingers, changing hairstyles."
S03-3H,3,3H,1/1,2,LOC-03 / LOC-10,"insert, eye, 85mm, locked-off, no camera movement. The empty regulator socket on Arjun's canvas harness — a brass ring with nothing in it. Setting: the Stiltway — nine towers of stacked shipping containers and bamboo scaffold linked by rope walkways, saffron and teal tarpaulins, LED string lights, grey monsoon water below, intercut with a corrugated rooftop kite-field high above the Stiltway: a red water-tank, antenna masts, laundry lines, pigeon coops. late afternoon, monsoon rain, wind 30km/h. Light: grey. Audio: rain. Photoreal live-action cinema, 2.39:1 anamorphic widescreen, fine 35mm grain, naturalistic skin, practical lighting, no CGI gloss. Avoid: on-screen text, subtitles, watermarks, HUD or UI graphics, comic-book styling, capes, masks on the hero, glossy 3D-render look, extra fingers, changing hairstyles."
S03-3I,3,3I,1/1,8,LOC-03 / LOC-10,"MS/WS, low, Arjun's POV up to the walkway, 40mm, locked-off, no camera movement. Kira on the walkway above, weighing the stolen brass regulator, entirely unashamed; delivers her two lines and vanishes. Kira (17, mixed Nigerian-Indian girl, wiry, dark brown skin, SIX cornrows in a high knot with THREE copper clips on the left, one brass earring, grey cloth wraps on both forearms). Setting: the Stiltway — nine towers of stacked shipping containers and bamboo scaffold linked by rope walkways, saffron and teal tarpaulins, LED string lights, grey monsoon water below, intercut with a corrugated rooftop kite-field high above the Stiltway: a red water-tank, antenna masts, laundry lines, pigeon coops. late afternoon, monsoon rain, wind 30km/h. Light: backlit grey, LED strings. Effect: rain. Audio: her voice carrying over the market. Photoreal live-action cinema, 2.39:1 anamorphic widescreen, fine 35mm grain, naturalistic skin, practical lighting, no CGI gloss. Avoid: on-screen text, subtitles, watermarks, HUD or UI graphics, comic-book styling, capes, masks on the hero, glossy 3D-render look, extra fingers, changing hairstyles."
S03-3J,3,3J,1/1,5,LOC-03 / LOC-10,"CU, eye, 75mm, very slow push. Arjun in the rain — and the corner of his mouth moves. First almost-smile in twelve years. Arjun (32, South Indian man, lean swimmer's build, deep brown skin, black mid-length hair pushed back with a grey streak at the RIGHT temple, heavy stubble, faint silver branching scars along both forearms). Setting: the Stiltway — nine towers of stacked shipping containers and bamboo scaffold linked by rope walkways, saffron and teal tarpaulins, LED string lights, grey monsoon water below, intercut with a corrugated rooftop kite-field high above the Stiltway: a red water-tank, antenna masts, laundry lines, pigeon coops. late afternoon, monsoon rain, wind 30km/h. Light: soft grey, one warm LED kick on the left cheek. Audio: market fades slightly; a single warm note enters the score. Photoreal live-action cinema, 2.39:1 anamorphic widescreen, fine 35mm grain, naturalistic skin, practical lighting, no CGI gloss. Avoid: on-screen text, subtitles, watermarks, HUD or UI graphics, comic-book styling, capes, masks on the hero, glossy 3D-render look, extra fingers, changing hairstyles."
S03-3K,3,3K,1/1,7,LOC-03 / LOC-10,"WS, high, 32mm, slow crane up. Every strung screen in the market cuts to an AUTHORITY BULLETIN: CARRIER SWEEP — SECTOR NINE — COMPLIANCE IS PROTECTION. The market's noise halves. Setting: the Stiltway — nine towers of stacked shipping containers and bamboo scaffold linked by rope walkways, saffron and teal tarpaulins, LED string lights, grey monsoon water below, intercut with a corrugated rooftop kite-field high above the Stiltway: a red water-tank, antenna masts, laundry lines, pigeon coops. late afternoon, monsoon rain, wind 30km/h. Light: screens now the brightest thing in frame, cyan cast. Effect: screen comps ×20. Audio: a hard institutional chime; the crowd goes quiet in a wave. Photoreal live-action cinema, 2.39:1 anamorphic widescreen, fine 35mm grain, naturalistic skin, practical lighting, no CGI gloss. Avoid: on-screen text, subtitles, watermarks, HUD or UI graphics, comic-book styling, capes, masks on the hero, glossy 3D-render look, extra fingers, changing hairstyles."
S04-4A,4,4A,1/1,6,LOC-03,"WS, low, 25mm, locked-off, no camera movement. Six grey Kestrel skiffs drop onto the market deck through the rain, twin fans blasting water horizontally, tarpaulins tearing loose. Setting: the Stiltway — nine towers of stacked shipping containers and bamboo scaffold linked by rope walkways, saffron and teal tarpaulins, LED string lights, grey monsoon water below. dusk, rain. Light: skiff landing lights as hard cyan key; market practicals blown sideways. Effect: CG skiffs, rotor wash sim, debris. Audio: twin-fan howl, water blast, canvas tearing. Photoreal live-action cinema, 2.39:1 anamorphic widescreen, fine 35mm grain, naturalistic skin, practical lighting, no CGI gloss. Avoid: on-screen text, subtitles, watermarks, HUD or UI graphics, comic-book styling, capes, masks on the hero, glossy 3D-render look, extra fingers, changing hairstyles."
S04-4B,4,4B,1/1,8,LOC-03,"MS, low hero angle, then dropped to eye, 40mm, steadicam follow. Riya steps off skiff #6, gloves, bun, water running off the shoulder cape; the hero angle deliberately collapses to eye level as she starts speaking to civilians. Riya (34, Bengali-Indian woman, athletic, storm-grey military command coat with oxblood shoulder piping, black hair). Setting: the Stiltway — nine towers of stacked shipping containers and bamboo scaffold linked by rope walkways, saffron and teal tarpaulins, LED string lights, grey monsoon water below. dusk, rain. Light: skiff light rim, market warm fill. Effect: rain interaction. Audio: her voice calm, unamplified. Photoreal live-action cinema, 2.39:1 anamorphic widescreen, fine 35mm grain, naturalistic skin, practical lighting, no CGI gloss. Avoid: on-screen text, subtitles, watermarks, HUD or UI graphics, comic-book styling, capes, masks on the hero, glossy 3D-render look, extra fingers, changing hairstyles."
S04-4C,4,4C,1/1,7,LOC-03,"WS, eye, 32mm, slow lateral dolly along the line. A line of civilians with wrists out, palms up, in the rain; Authority riot units clumsy in the wet, one slips. Riya (34, Bengali-Indian woman, athletic, storm-grey military command coat with oxblood shoulder piping, black hair). Setting: the Stiltway — nine towers of stacked shipping containers and bamboo scaffold linked by rope walkways, saffron and teal tarpaulins, LED string lights, grey monsoon water below. dusk, rain. Light: flat dusk grey, oxblood chevrons the only colour. Audio: rain, a baby, radio chatter. Photoreal live-action cinema, 2.39:1 anamorphic widescreen, fine 35mm grain, naturalistic skin, practical lighting, no CGI gloss. Avoid: on-screen text, subtitles, watermarks, HUD or UI graphics, comic-book styling, capes, masks on the hero, glossy 3D-render look, extra fingers, changing hairstyles."
S04-4D,4,4D,1/1,4,LOC-03,"CU, eye, 85mm, handheld. Officer Pande's visor, breath fogging inside it, hands too tight on the Nullpin launcher. Setting: the Stiltway — nine towers of stacked shipping containers and bamboo scaffold linked by rope walkways, saffron and teal tarpaulins, LED string lights, grey monsoon water below. dusk, rain. Light: cyan launcher indicator underlighting the visor. Effect: visor HUD comp. Audio: his breathing amplified. Photoreal live-action cinema, 2.39:1 anamorphic widescreen, fine 35mm grain, naturalistic skin, practical lighting, no CGI gloss. Avoid: on-screen text, subtitles, watermarks, HUD or UI graphics, comic-book styling, capes, masks on the hero, glossy 3D-render look, extra fingers, changing hairstyles."
S04-4E,4,4E,1/1,4,LOC-03,"MS, eye, 50mm, snap handheld. A fruit-seller moves suddenly; Pande fires; a Nullpin buries in the man's thigh; he screams and NO LIGHT comes out of him. Setting: the Stiltway — nine towers of stacked shipping containers and bamboo scaffold linked by rope walkways, saffron and teal tarpaulins, LED string lights, grey monsoon water below. dusk, rain. Light: muzzle flash is a dull grey-blue, not a fireball. Effect: Nullpin: 18cm spike, dull matte, no glow; a grey ripple across the man's skin that finds nothing. Audio: a DESCENDING METALLIC SWALLOW, not a gunshot. Photoreal live-action cinema, 2.39:1 anamorphic widescreen, fine 35mm grain, naturalistic skin, practical lighting, no CGI gloss. Avoid: on-screen text, subtitles, watermarks, HUD or UI graphics, comic-book styling, capes, masks on the hero, glossy 3D-render look, extra fingers, changing hairstyles."
S04-4F-a,4,4F,1/2,5,LOC-03,"MS, high, looking down, 40mm, locked-off, no camera movement. Riya kneels in the wet, cuts the pin out herself, presses the wound with her bare hand, takes Pande's launcher off him. Riya (34, Bengali-Indian woman, athletic, storm-grey military command coat with oxblood shoulder piping, black hair). Setting: the Stiltway — nine towers of stacked shipping containers and bamboo scaffold linked by rope walkways, saffron and teal tarpaulins, LED string lights, grey monsoon water below. dusk, rain. Light: low practicals, her face mostly in shadow. Effect: prosthetic wound. Audio: dialogue quiet under rain. Photoreal live-action cinema, 2.39:1 anamorphic widescreen, fine 35mm grain, naturalistic skin, practical lighting, no CGI gloss. Avoid: on-screen text, subtitles, watermarks, HUD or UI graphics, comic-book styling, capes, masks on the hero, glossy 3D-render look, extra fingers, changing hairstyles. (Continuous shot, part 1 of 2. Begin the described action; end the clip mid-movement, not on a settle. Use the final frame of part 0 as the starting reference so the move is unbroken.)"
S04-4F-b,4,4F,2/2,5,LOC-03,"MS, high, looking down, 40mm, locked-off, no camera movement. Riya kneels in the wet, cuts the pin out herself, presses the wound with her bare hand, takes Pande's launcher off him. Riya (34, Bengali-Indian woman, athletic, storm-grey military command coat with oxblood shoulder piping, black hair). Setting: the Stiltway — nine towers of stacked shipping containers and bamboo scaffold linked by rope walkways, saffron and teal tarpaulins, LED string lights, grey monsoon water below. dusk, rain. Light: low practicals, her face mostly in shadow. Effect: prosthetic wound. Audio: dialogue quiet under rain. Photoreal live-action cinema, 2.39:1 anamorphic widescreen, fine 35mm grain, naturalistic skin, practical lighting, no CGI gloss. Avoid: on-screen text, subtitles, watermarks, HUD or UI graphics, comic-book styling, capes, masks on the hero, glossy 3D-render look, extra fingers, changing hairstyles. (Continuous shot, part 2 of 2. Complete the described action and settle on the final beat. Use the final frame of part 1 as the starting reference so the move is unbroken.)"
S04-4G,4,4G,1/1,8,LOC-03,"WS, eye, over Riya's shoulder, 50mm, slow arc. Riya stands and scans the crowd — the camera arcs past a man in a grey coat, face wrapped, hands in pockets, two metres away, not breathing. Riya (34, Bengali-Indian woman, athletic, storm-grey military command coat with oxblood shoulder piping, black hair). Arjun (32, South Indian man, lean swimmer's build, deep brown skin, black mid-length hair pushed back with a grey streak at the RIGHT temple, heavy stubble, faint silver branching scars along both forearms). Setting: the Stiltway — nine towers of stacked shipping containers and bamboo scaffold linked by rope walkways, saffron and teal tarpaulins, LED string lights, grey monsoon water below. dusk, rain. Light: dusk grey, string lights bokeh. Audio: everything drops out except rain for 2 seconds. Photoreal live-action cinema, 2.39:1 anamorphic widescreen, fine 35mm grain, naturalistic skin, practical lighting, no CGI gloss. Avoid: on-screen text, subtitles, watermarks, HUD or UI graphics, comic-book styling, capes, masks on the hero, glossy 3D-render look, extra fingers, changing hairstyles."
S04-4H,4,4H,1/1,4,LOC-03,"ECU, eye, 135mm, locked-off, no camera movement. Riya's eyes catch on something. Almost registers. A radio call pulls her away. Riya (34, Bengali-Indian woman, athletic, storm-grey military command coat with oxblood shoulder piping, black hair). Setting: the Stiltway — nine towers of stacked shipping containers and bamboo scaffold linked by rope walkways, saffron and teal tarpaulins, LED string lights, grey monsoon water below. dusk, rain. Light: one cyan skiff-light rake across her eyes. Audio: radio breaks the silence. Photoreal live-action cinema, 2.39:1 anamorphic widescreen, fine 35mm grain, naturalistic skin, practical lighting, no CGI gloss. Avoid: on-screen text, subtitles, watermarks, HUD or UI graphics, comic-book styling, capes, masks on the hero, glossy 3D-render look, extra fingers, changing hairstyles."
S04-4I,4,4I,1/1,5,LOC-03,"CU, low, behind, 85mm, handheld. Arjun walks. Both fists come out of his pockets and they are visibly shaking. Arjun (32, South Indian man, lean swimmer's build, deep brown skin, black mid-length hair pushed back with a grey streak at the RIGHT temple, heavy stubble, faint silver branching scars along both forearms). Setting: the Stiltway — nine towers of stacked shipping containers and bamboo scaffold linked by rope walkways, saffron and teal tarpaulins, LED string lights, grey monsoon water below. dusk, rain. Light: backlit by string lights, face in shadow. Audio: rain; his heartbeat rising in the mix. Photoreal live-action cinema, 2.39:1 anamorphic widescreen, fine 35mm grain, naturalistic skin, practical lighting, no CGI gloss. Avoid: on-screen text, subtitles, watermarks, HUD or UI graphics, comic-book styling, capes, masks on the hero, glossy 3D-render look, extra fingers, changing hairstyles."
S05-5A,5,5A,1/1,8,LOC-04,"WS, wide, slightly high, 25mm, slow push in. The L of welded containers: index-card wall, fishless aquarium glowing green, x-ray film curtain, Arjun in the repurposed dental chair, Meera working at his C7 with a soldering iron. Arjun (32, South Indian man, lean swimmer's build, deep brown skin, black mid-length hair pushed back with a grey streak at the RIGHT temple, heavy stubble, faint silver branching scars along both forearms). Meera (61, small Bengali woman, cropped grey-white hair, glasses on a beaded chain, her LEFT arm a brass mechanical prosthetic, indigo kurta and canvas apron). Setting: Ward 12, a clinic of three welded shipping containers: a dental chair, pegboard walls of brass instruments, a wall of ten thousand index cards, a fishless aquarium glowing green. night, rain on steel roof. Light: two hard 5600K surgical lamps, one warm desk lamp, green aquarium glow. Audio: rain on steel roof, solder hiss. Photoreal live-action cinema, 2.39:1 anamorphic widescreen, fine 35mm grain, naturalistic skin, practical lighting, no CGI gloss. Avoid: on-screen text, subtitles, watermarks, HUD or UI graphics, comic-book styling, capes, masks on the hero, glossy 3D-render look, extra fingers, changing hairstyles."
S05-5B,5,5B,1/1,6,LOC-04,"ECU, macro on the neck, 100mm macro, locked-off, no camera movement. The copper stabiliser disc taped over his C7; silver-grey dendritic Threadwork radiating from beneath it across his back. Arjun (32, South Indian man, lean swimmer's build, deep brown skin, black mid-length hair pushed back with a grey streak at the RIGHT temple, heavy stubble, faint silver branching scars along both forearms). Setting: Ward 12, a clinic of three welded shipping containers: a dental chair, pegboard walls of brass instruments, a wall of ten thousand index cards, a fishless aquarium glowing green. night, rain on steel roof. Light: hard surgical key, deep falloff. Effect: Threadwork: fine sub-dermal dendritic filament, matte silver-grey, dormant, no emission. Audio: solder, breath. Photoreal live-action cinema, 2.39:1 anamorphic widescreen, fine 35mm grain, naturalistic skin, practical lighting, no CGI gloss. Avoid: on-screen text, subtitles, watermarks, HUD or UI graphics, comic-book styling, capes, masks on the hero, glossy 3D-render look, extra fingers, changing hairstyles."
S05-5C-a,5,5C,1/2,5,LOC-04,"insert, directly overhead, locked, 40mm macro, locked-off, no camera movement. THE NOTEBOOK — waterlogged leather, black elastic band, opened flat. Handwritten rules legible: 'Your sister was called Ila. She drew fish.' / 'You are NOT ALLOWED to use the current.'. Setting: Ward 12, a clinic of three welded shipping containers: a dental chair, pegboard walls of brass instruments, a wall of ten thousand index cards, a fishless aquarium glowing green. night, rain on steel roof. Light: warm desk lamp only, single soft source. Audio: page turn; rain. Photoreal live-action cinema, 2.39:1 anamorphic widescreen, fine 35mm grain, naturalistic skin, practical lighting, no CGI gloss. Avoid: on-screen text, subtitles, watermarks, HUD or UI graphics, comic-book styling, capes, masks on the hero, glossy 3D-render look, extra fingers, changing hairstyles. (Continuous shot, part 1 of 2. Begin the described action; end the clip mid-movement, not on a settle. Use the final frame of part 0 as the starting reference so the move is unbroken.)"
S05-5C-b,5,5C,2/2,4,LOC-04,"insert, directly overhead, locked, 40mm macro, locked-off, no camera movement. THE NOTEBOOK — waterlogged leather, black elastic band, opened flat. Handwritten rules legible: 'Your sister was called Ila. She drew fish.' / 'You are NOT ALLOWED to use the current.'. Setting: Ward 12, a clinic of three welded shipping containers: a dental chair, pegboard walls of brass instruments, a wall of ten thousand index cards, a fishless aquarium glowing green. night, rain on steel roof. Light: warm desk lamp only, single soft source. Audio: page turn; rain. Photoreal live-action cinema, 2.39:1 anamorphic widescreen, fine 35mm grain, naturalistic skin, practical lighting, no CGI gloss. Avoid: on-screen text, subtitles, watermarks, HUD or UI graphics, comic-book styling, capes, masks on the hero, glossy 3D-render look, extra fingers, changing hairstyles. (Continuous shot, part 2 of 2. Complete the described action and settle on the final beat. Use the final frame of part 1 as the starting reference so the move is unbroken.)"
S05-5D,5,5D,1/1,5,LOC-04,"insert, directly overhead, 40mm macro, locked-off, no camera movement. Meera's brass prosthetic fingers turning to a section of NINE TORN-OUT PAGE STUBS. Setting: Ward 12, a clinic of three welded shipping containers: a dental chair, pegboard walls of brass instruments, a wall of ten thousand index cards, a fishless aquarium glowing green. night, rain on steel roof. Light: same warm lamp; the prosthetic glows faint amber at the knuckle channels. Effect: prosthetic filament glow. Audio: paper, and the prosthetic's small servo. Photoreal live-action cinema, 2.39:1 anamorphic widescreen, fine 35mm grain, naturalistic skin, practical lighting, no CGI gloss. Avoid: on-screen text, subtitles, watermarks, HUD or UI graphics, comic-book styling, capes, masks on the hero, glossy 3D-render look, extra fingers, changing hairstyles."
S05-5E-a,5,5E,1/2,7,LOC-04,"MS 2-shot, eye, 50mm, locked-off, no camera movement. 'How much of last month.' The noodle-stall speech. Arjun entirely calm while describing his own erasure. Arjun (32, South Indian man, lean swimmer's build, deep brown skin, black mid-length hair pushed back with a grey streak at the RIGHT temple, heavy stubble, faint silver branching scars along both forearms). Meera (61, small Bengali woman, cropped grey-white hair, glasses on a beaded chain, her LEFT arm a brass mechanical prosthetic, indigo kurta and canvas apron). Setting: Ward 12, a clinic of three welded shipping containers: a dental chair, pegboard walls of brass instruments, a wall of ten thousand index cards, a fishless aquarium glowing green. night, rain on steel roof. Light: warm desk lamp key on Arjun, surgical lamp edge on Meera. Audio: rain only under dialogue; no score. Photoreal live-action cinema, 2.39:1 anamorphic widescreen, fine 35mm grain, naturalistic skin, practical lighting, no CGI gloss. Avoid: on-screen text, subtitles, watermarks, HUD or UI graphics, comic-book styling, capes, masks on the hero, glossy 3D-render look, extra fingers, changing hairstyles. (Continuous shot, part 1 of 2. Begin the described action; end the clip mid-movement, not on a settle. Use the final frame of part 0 as the starting reference so the move is unbroken.)"
S05-5E-b,5,5E,2/2,7,LOC-04,"MS 2-shot, eye, 50mm, locked-off, no camera movement. 'How much of last month.' The noodle-stall speech. Arjun entirely calm while describing his own erasure. Arjun (32, South Indian man, lean swimmer's build, deep brown skin, black mid-length hair pushed back with a grey streak at the RIGHT temple, heavy stubble, faint silver branching scars along both forearms). Meera (61, small Bengali woman, cropped grey-white hair, glasses on a beaded chain, her LEFT arm a brass mechanical prosthetic, indigo kurta and canvas apron). Setting: Ward 12, a clinic of three welded shipping containers: a dental chair, pegboard walls of brass instruments, a wall of ten thousand index cards, a fishless aquarium glowing green. night, rain on steel roof. Light: warm desk lamp key on Arjun, surgical lamp edge on Meera. Audio: rain only under dialogue; no score. Photoreal live-action cinema, 2.39:1 anamorphic widescreen, fine 35mm grain, naturalistic skin, practical lighting, no CGI gloss. Avoid: on-screen text, subtitles, watermarks, HUD or UI graphics, comic-book styling, capes, masks on the hero, glossy 3D-render look, extra fingers, changing hairstyles. (Continuous shot, part 2 of 2. Complete the described action and settle on the final beat. Use the final frame of part 1 as the starting reference so the move is unbroken.)"
S05-5F,5,5F,1/1,6,LOC-04,"CU, eye, 85mm, very slow push. Meera puts the iron down. Her prosthetic hums amber with fatigue. 'It's accelerating.'. Meera (61, small Bengali woman, cropped grey-white hair, glasses on a beaded chain, her LEFT arm a brass mechanical prosthetic, indigo kurta and canvas apron). Setting: Ward 12, a clinic of three welded shipping containers: a dental chair, pegboard walls of brass instruments, a wall of ten thousand index cards, a fishless aquarium glowing green. night, rain on steel roof. Light: green aquarium fill on her left, warm key right. Effect: prosthetic glow. Audio: the hum of the arm. Photoreal live-action cinema, 2.39:1 anamorphic widescreen, fine 35mm grain, naturalistic skin, practical lighting, no CGI gloss. Avoid: on-screen text, subtitles, watermarks, HUD or UI graphics, comic-book styling, capes, masks on the hero, glossy 3D-render look, extra fingers, changing hairstyles."
S05-5G,5,5G,1/1,5,LOC-04,"insert, eye, table level, 85mm, locked-off, no camera movement. The anchor-stone set on the bench. It pulses. Amber. Once. Twice. Setting: Ward 12, a clinic of three welded shipping containers: a dental chair, pegboard walls of brass instruments, a wall of ten thousand index cards, a fishless aquarium glowing green. night, rain on steel roof. Light: self-lit. Effect: anchor-stone pulse. Audio: the 1Hz bell. Photoreal live-action cinema, 2.39:1 anamorphic widescreen, fine 35mm grain, naturalistic skin, practical lighting, no CGI gloss. Avoid: on-screen text, subtitles, watermarks, HUD or UI graphics, comic-book styling, capes, masks on the hero, glossy 3D-render look, extra fingers, changing hairstyles."
S05-5H,5,5H,1/1,8,LOC-04,"CU, eye, 75mm, locked-off, no camera movement. Meera goes absolutely still. Her brass hand closes. 'Then something in the Cradle is calling its hardware home.'. Meera (61, small Bengali woman, cropped grey-white hair, glasses on a beaded chain, her LEFT arm a brass mechanical prosthetic, indigo kurta and canvas apron). Setting: Ward 12, a clinic of three welded shipping containers: a dental chair, pegboard walls of brass instruments, a wall of ten thousand index cards, a fishless aquarium glowing green. night, rain on steel roof. Light: amber pulse now keying her face, green fill dying. Effect: interactive pulse. Audio: score enters for the first time: a single low cello note. Photoreal live-action cinema, 2.39:1 anamorphic widescreen, fine 35mm grain, naturalistic skin, practical lighting, no CGI gloss. Avoid: on-screen text, subtitles, watermarks, HUD or UI graphics, comic-book styling, capes, masks on the hero, glossy 3D-render look, extra fingers, changing hairstyles."
S06-6A,6,6A,1/1,8,LOC-03,"WS, low, static, 32mm, locked-off, no camera movement. A bone-white harvest sled glides silently onto the market deck; twelve empty upright restraint frames; nine Hollow step off and WALK. the Hollow (figures in bone-white hooded lacquer coats and smooth half-masks covering only nose to chin so their calm eyes stay bare — they only ever WALK, never run). Setting: the Stiltway — nine towers of stacked shipping containers and bamboo scaffold linked by rope walkways, saffron and teal tarpaulins, LED string lights, grey monsoon water below. dusk, heavy rain. Light: the sled is self-lit white — the cleanest object in the film so far. Effect: CG sled, ground-effect hover, zero exhaust. Audio: NO ENGINE. Rain hitting a surface that makes no other sound. Market chatter dying. Photoreal live-action cinema, 2.39:1 anamorphic widescreen, fine 35mm grain, naturalistic skin, practical lighting, no CGI gloss. Avoid: on-screen text, subtitles, watermarks, HUD or UI graphics, comic-book styling, capes, masks on the hero, glossy 3D-render look, extra fingers, changing hairstyles."
S06-6B,6,6B,1/1,7,LOC-03,"MS, eye, 50mm, slow dolly in. The Hollow Lead reads three names off a small white card, pleasantly. The third is a boy of twelve. the Hollow (figures in bone-white hooded lacquer coats and smooth half-masks covering only nose to chin so their calm eyes stay bare — they only ever WALK, never run). Setting: the Stiltway — nine towers of stacked shipping containers and bamboo scaffold linked by rope walkways, saffron and teal tarpaulins, LED string lights, grey monsoon water below. dusk, heavy rain. Light: white sled bounce, flat. Audio: his voice conversational, no reverb — wrong for the space. Photoreal live-action cinema, 2.39:1 anamorphic widescreen, fine 35mm grain, naturalistic skin, practical lighting, no CGI gloss. Avoid: on-screen text, subtitles, watermarks, HUD or UI graphics, comic-book styling, capes, masks on the hero, glossy 3D-render look, extra fingers, changing hairstyles."
S06-6C,6,6C,1/1,6,LOC-03,"WS, high, from Tower Three, 25mm, crane down fast. The market erupts; hundreds of people funnel onto the 120m Long Walk between Towers Three and Six. Setting: the Stiltway — nine towers of stacked shipping containers and bamboo scaffold linked by rope walkways, saffron and teal tarpaulins, LED string lights, grey monsoon water below. dusk, heavy rain. Light: LED strings whipping, oil-drum fires, grey dusk. Effect: crowd sim augmentation, rope physics. Audio: panic, planks, rope. Photoreal live-action cinema, 2.39:1 anamorphic widescreen, fine 35mm grain, naturalistic skin, practical lighting, no CGI gloss. Avoid: on-screen text, subtitles, watermarks, HUD or UI graphics, comic-book styling, capes, masks on the hero, glossy 3D-render look, extra fingers, changing hairstyles."
S06-6D,6,6D,1/1,6,LOC-03,"MS, eye, handheld, 40mm, running handheld. Kira mid-span, pushing the two kite kids ahead of her, then turning BACK for the twelve-year-old. Kira (17, mixed Nigerian-Indian girl, wiry, dark brown skin, SIX cornrows in a high knot with THREE copper clips on the left, one brass earring, grey cloth wraps on both forearms). Setting: the Stiltway — nine towers of stacked shipping containers and bamboo scaffold linked by rope walkways, saffron and teal tarpaulins, LED string lights, grey monsoon water below. dusk, heavy rain. Light: string lights, rain. Effect: rain. Audio: her breathing, the crowd. Photoreal live-action cinema, 2.39:1 anamorphic widescreen, fine 35mm grain, naturalistic skin, practical lighting, no CGI gloss. Avoid: on-screen text, subtitles, watermarks, HUD or UI graphics, comic-book styling, capes, masks on the hero, glossy 3D-render look, extra fingers, changing hairstyles."
S06-6E,6,6E,1/1,4,LOC-03,"CU, eye, 85mm, snap handheld. A Hollow's white glove closes on her wrist — and her hands IGNITE gold-white. Kira (17, mixed Nigerian-Indian girl, wiry, dark brown skin, SIX cornrows in a high knot with THREE copper clips on the left, one brass earring, grey cloth wraps on both forearms). Setting: the Stiltway — nine towers of stacked shipping containers and bamboo scaffold linked by rope walkways, saffron and teal tarpaulins, LED string lights, grey monsoon water below. dusk, heavy rain. Light: her own gold light becomes the key, blowing out the rain. Effect: Tether ignition: gold-white #FFE9A8 core, #E8A33D edge, six uncontrolled filaments firing from her palms; gold dendritic hairlines surfacing on the backs of her hands. Audio: a singing tone like a wet finger on glass, six of them, out of tune. Photoreal live-action cinema, 2.39:1 anamorphic widescreen, fine 35mm grain, naturalistic skin, practical lighting, no CGI gloss. Avoid: on-screen text, subtitles, watermarks, HUD or UI graphics, comic-book styling, capes, masks on the hero, glossy 3D-render look, extra fingers, changing hairstyles."
S06-6F,6,6F,1/1,6,LOC-03,"WS, low, from the water, 21mm, locked-off, no camera movement. The tethers scythe through the suspension ropes; 40m of the Long Walk's mid-span FAILS; sixty people fall eleven metres toward black water and steel. Setting: the Stiltway — nine towers of stacked shipping containers and bamboo scaffold linked by rope walkways, saffron and teal tarpaulins, LED string lights, grey monsoon water below. dusk, heavy rain. Light: gold flash, then grey collapse. Effect: full CG walkway collapse, rope snap sim, crowd sim, water impact. Audio: rope snap, timber, screaming, then a horrible silence as bodies fall. Photoreal live-action cinema, 2.39:1 anamorphic widescreen, fine 35mm grain, naturalistic skin, practical lighting, no CGI gloss. Avoid: on-screen text, subtitles, watermarks, HUD or UI graphics, comic-book styling, capes, masks on the hero, glossy 3D-render look, extra fingers, changing hairstyles."
S06-6G,6,6G,1/1,5,LOC-03,"CU, eye, 75mm, locked-off, no camera movement. At the deck edge, a man in a grey coat stops walking. Rain. Screaming off-screen. ONE SUBLIMINAL FRAME: the notebook line 'YOU ARE NOT ALLOWED'. Arjun (32, South Indian man, lean swimmer's build, deep brown skin, black mid-length hair pushed back with a grey streak at the RIGHT temple, heavy stubble, faint silver branching scars along both forearms). Setting: the Stiltway — nine towers of stacked shipping containers and bamboo scaffold linked by rope walkways, saffron and teal tarpaulins, LED string lights, grey monsoon water below. dusk, heavy rain. Light: grey key, string bokeh. Effect: 1-frame insert comp. Audio: everything ducks to his breath. Photoreal live-action cinema, 2.39:1 anamorphic widescreen, fine 35mm grain, naturalistic skin, practical lighting, no CGI gloss. Avoid: on-screen text, subtitles, watermarks, HUD or UI graphics, comic-book styling, capes, masks on the hero, glossy 3D-render look, extra fingers, changing hairstyles."
S06-6H,6,6H,1/1,4,LOC-03,"MS, low, from ground level, 32mm, crash zoom out. Arjun drops to one knee and slams both palms onto the deck. ANCHOR. Cyan-white ignites from C7 down both arms. Arjun (32, South Indian man, lean swimmer's build, deep brown skin, black mid-length hair pushed back with a grey streak at the RIGHT temple, heavy stubble, faint silver branching scars along both forearms). Setting: the Stiltway — nine towers of stacked shipping containers and bamboo scaffold linked by rope walkways, saffron and teal tarpaulins, LED string lights, grey monsoon water below. dusk, heavy rain. Light: his own cyan becomes the key light of the entire sequence. Effect: Bastion ignition: cyan #B9F2FF core / #2FB8D6 edge running his real Threadwork paths. Audio: a deep glass CHIME, enormous. Photoreal live-action cinema, 2.39:1 anamorphic widescreen, fine 35mm grain, naturalistic skin, practical lighting, no CGI gloss. Avoid: on-screen text, subtitles, watermarks, HUD or UI graphics, comic-book styling, capes, masks on the hero, glossy 3D-render look, extra fingers, changing hairstyles."
S06-6I-a,6,6I,1/2,5,LOC-03,"EWS, wide, low, from across the water, 25mm, slow crane up. THE HERO SHOT — a hexagonally tessellated plane of cyan hardlight crystallises out of nothing beneath the falling span, 40m wide, catching sixty bodies, then locking upward into a full bastion bridge. Arjun (32, South Indian man, lean swimmer's build, deep brown skin, black mid-length hair pushed back with a grey streak at the RIGHT temple, heavy stubble, faint silver branching scars along both forearms). Setting: the Stiltway — nine towers of stacked shipping containers and bamboo scaffold linked by rope walkways, saffron and teal tarpaulins, LED string lights, grey monsoon water below. dusk, heavy rain. Light: the bastion lights the entire Stiltway from below; nine towers suddenly visible in cyan. Effect: hexagonal tessellation growing outward from his palms at 40m/s, semi-transparent, refracting rain, amber stress fractures where bodies land. Audio: the chime resolving into a sustained chord; rain drumming on light. Photoreal live-action cinema, 2.39:1 anamorphic widescreen, fine 35mm grain, naturalistic skin, practical lighting, no CGI gloss. Avoid: on-screen text, subtitles, watermarks, HUD or UI graphics, comic-book styling, capes, masks on the hero, glossy 3D-render look, extra fingers, changing hairstyles. (Continuous shot, part 1 of 2. Begin the described action; end the clip mid-movement, not on a settle. Use the final frame of part 0 as the starting reference so the move is unbroken.)"
S06-6I-b,6,6I,2/2,4,LOC-03,"EWS, wide, low, from across the water, 25mm, slow crane up. THE HERO SHOT — a hexagonally tessellated plane of cyan hardlight crystallises out of nothing beneath the falling span, 40m wide, catching sixty bodies, then locking upward into a full bastion bridge. Arjun (32, South Indian man, lean swimmer's build, deep brown skin, black mid-length hair pushed back with a grey streak at the RIGHT temple, heavy stubble, faint silver branching scars along both forearms). Setting: the Stiltway — nine towers of stacked shipping containers and bamboo scaffold linked by rope walkways, saffron and teal tarpaulins, LED string lights, grey monsoon water below. dusk, heavy rain. Light: the bastion lights the entire Stiltway from below; nine towers suddenly visible in cyan. Effect: hexagonal tessellation growing outward from his palms at 40m/s, semi-transparent, refracting rain, amber stress fractures where bodies land. Audio: the chime resolving into a sustained chord; rain drumming on light. Photoreal live-action cinema, 2.39:1 anamorphic widescreen, fine 35mm grain, naturalistic skin, practical lighting, no CGI gloss. Avoid: on-screen text, subtitles, watermarks, HUD or UI graphics, comic-book styling, capes, masks on the hero, glossy 3D-render look, extra fingers, changing hairstyles. (Continuous shot, part 2 of 2. Complete the described action and settle on the final beat. Use the final frame of part 1 as the starting reference so the move is unbroken.)"
S06-6J,6,6J,1/1,7,LOC-03,"MS, low, from beneath the bastion looking up through it, 32mm, locked-off, no camera movement. Seen THROUGH the translucent hexagonal plane: Arjun kneeling at its centre, both palms down, blood from his left nostril, brow split by a rivet. Arjun (32, South Indian man, lean swimmer's build, deep brown skin, black mid-length hair pushed back with a grey streak at the RIGHT temple, heavy stubble, faint silver branching scars along both forearms). Setting: the Stiltway — nine towers of stacked shipping containers and bamboo scaffold linked by rope walkways, saffron and teal tarpaulins, LED string lights, grey monsoon water below. dusk, heavy rain. Light: cyan from the plane, warm oil-fire from below. Effect: seeing-through-hardlight comp; refraction of the figure. Audio: rain on the shield, hugely amplified. Photoreal live-action cinema, 2.39:1 anamorphic widescreen, fine 35mm grain, naturalistic skin, practical lighting, no CGI gloss. Avoid: on-screen text, subtitles, watermarks, HUD or UI graphics, comic-book styling, capes, masks on the hero, glossy 3D-render look, extra fingers, changing hairstyles."
S06-6K,6,6K,1/1,6,LOC-03,"WS, eye, 40mm, handheld. Sixty people standing on light. Four hundred more stopped running. Twenty phones come up. Setting: the Stiltway — nine towers of stacked shipping containers and bamboo scaffold linked by rope walkways, saffron and teal tarpaulins, LED string lights, grey monsoon water below. dusk, heavy rain. Light: cyan from below on every face. Effect: phone screen comps. Audio: the crowd's absolute silence, then one child's voice. Photoreal live-action cinema, 2.39:1 anamorphic widescreen, fine 35mm grain, naturalistic skin, practical lighting, no CGI gloss. Avoid: on-screen text, subtitles, watermarks, HUD or UI graphics, comic-book styling, capes, masks on the hero, glossy 3D-render look, extra fingers, changing hairstyles."
S06-6L,6,6L,1/1,6,LOC-03,"MS 2-shot across the gap, eye, 85mm, locked-off, no camera movement. Kira on the far side, tethers still burning in her hands, staring at him. Across her face: there is another one of me. Arjun (32, South Indian man, lean swimmer's build, deep brown skin, black mid-length hair pushed back with a grey streak at the RIGHT temple, heavy stubble, faint silver branching scars along both forearms). Kira (17, mixed Nigerian-Indian girl, wiry, dark brown skin, SIX cornrows in a high knot with THREE copper clips on the left, one brass earring, grey cloth wraps on both forearms). Setting: the Stiltway — nine towers of stacked shipping containers and bamboo scaffold linked by rope walkways, saffron and teal tarpaulins, LED string lights, grey monsoon water below. dusk, heavy rain. Light: gold on her, cyan on him, the gap of rain between. Effect: both power sets. Audio: score: the two-note Guardian theme, first full statement. Photoreal live-action cinema, 2.39:1 anamorphic widescreen, fine 35mm grain, naturalistic skin, practical lighting, no CGI gloss. Avoid: on-screen text, subtitles, watermarks, HUD or UI graphics, comic-book styling, capes, masks on the hero, glossy 3D-render look, extra fingers, changing hairstyles."
S06-6M,6,6M,1/1,7,LOC-03,"WS, low, 32mm, handheld. He lifts his hands. The bastion holds two seconds — then dissolves into drifting light-dust. The gap in the Long Walk is a gap forever. Arjun (32, South Indian man, lean swimmer's build, deep brown skin, black mid-length hair pushed back with a grey streak at the RIGHT temple, heavy stubble, faint silver branching scars along both forearms). Setting: the Stiltway — nine towers of stacked shipping containers and bamboo scaffold linked by rope walkways, saffron and teal tarpaulins, LED string lights, grey monsoon water below. dusk, heavy rain. Light: cyan dying to grey; the city goes dark again. Effect: dissolve to particulate; the light-dust drifts and is rained through. Audio: the chord decays; rain returns at full volume. Photoreal live-action cinema, 2.39:1 anamorphic widescreen, fine 35mm grain, naturalistic skin, practical lighting, no CGI gloss. Avoid: on-screen text, subtitles, watermarks, HUD or UI graphics, comic-book styling, capes, masks on the hero, glossy 3D-render look, extra fingers, changing hairstyles."
S07-7A,7,7A,1/1,6,LOC-06,"EWS, extreme wide exterior, 32mm, slow crane up the face. The Bastion Spire: 300m of board-formed brutalist concrete, oxblood stencilled numerals, external buttresses, rain, one lit floor. Setting: the Bastion Spire — a brutalist grey concrete tower, low corridors, oxblood floor stripe, cyan fluorescents, rain on every window. night, rain on glass. Light: storm-grey, cyan interior spill from a single floor. Effect: CG tower extension, rain, atmosphere. Audio: storm, and the building's low hum. Photoreal live-action cinema, 2.39:1 anamorphic widescreen, fine 35mm grain, naturalistic skin, practical lighting, no CGI gloss. Avoid: on-screen text, subtitles, watermarks, HUD or UI graphics, comic-book styling, capes, masks on the hero, glossy 3D-render look, extra fingers, changing hairstyles."
S07-7B,7,7B,1/1,8,LOC-06,"WS, eye, 25mm, slow lateral dolly. Forty monitors of Stiltway phone footage, all showing the hexagonal bridge blooming; Riya small in front of them. Riya (34, Bengali-Indian woman, athletic, storm-grey military command coat with oxblood shoulder piping, black hair). Setting: the Bastion Spire — a brutalist grey concrete tower, low corridors, oxblood floor stripe, cyan fluorescents, rain on every window. night, rain on glass. Light: cyan fluorescent + 40 screens as the key; rain-streak shadows on her face. Effect: 40 screen comps of the Sc.6 footage at phone quality. Audio: forty tinny copies of the same chime, slightly out of sync. Photoreal live-action cinema, 2.39:1 anamorphic widescreen, fine 35mm grain, naturalistic skin, practical lighting, no CGI gloss. Avoid: on-screen text, subtitles, watermarks, HUD or UI graphics, comic-book styling, capes, masks on the hero, glossy 3D-render look, extra fingers, changing hairstyles."
S07-7C,7,7C,1/1,5,LOC-06,"CU, eye, 100mm, locked-off, no camera movement. Riya watches it for the eleventh time. Her hand goes flat on the desk. Riya (34, Bengali-Indian woman, athletic, storm-grey military command coat with oxblood shoulder piping, black hair). Setting: the Bastion Spire — a brutalist grey concrete tower, low corridors, oxblood floor stripe, cyan fluorescents, rain on every window. night, rain on glass. Light: screen light only, cold. Effect: screen interactive. Audio: the loop; her breathing. Photoreal live-action cinema, 2.39:1 anamorphic widescreen, fine 35mm grain, naturalistic skin, practical lighting, no CGI gloss. Avoid: on-screen text, subtitles, watermarks, HUD or UI graphics, comic-book styling, capes, masks on the hero, glossy 3D-render look, extra fingers, changing hairstyles."
S07-7D,7,7D,1/1,6,LOC-06,"MS, eye, slightly low, 50mm, locked-off, no camera movement. Minister Ose enters: ivory high-collar coat, jade signet, silver-black chignon. Asks 'Class.'. Minister Ose (55, silver-black chignon, ivory high-collar coat, jade ring). Setting: the Bastion Spire — a brutalist grey concrete tower, low corridors, oxblood floor stripe, cyan fluorescents, rain on every window. night, rain on glass. Light: warm ivory pool follows her — she carries her own light and it is the wrong temperature for the room. Audio: her heels; the room's hum. Photoreal live-action cinema, 2.39:1 anamorphic widescreen, fine 35mm grain, naturalistic skin, practical lighting, no CGI gloss. Avoid: on-screen text, subtitles, watermarks, HUD or UI graphics, comic-book styling, capes, masks on the hero, glossy 3D-render look, extra fingers, changing hairstyles."
S07-7E-a,7,7E,1/2,8,LOC-06,"MS 2-shot, eye, 40mm, very slow push. The 'register is a document' exchange; Riya's silence. Riya (34, Bengali-Indian woman, athletic, storm-grey military command coat with oxblood shoulder piping, black hair). Minister Ose (55, silver-black chignon, ivory high-collar coat, jade ring). Setting: the Bastion Spire — a brutalist grey concrete tower, low corridors, oxblood floor stripe, cyan fluorescents, rain on every window. night, rain on glass. Light: cyan on Riya, ivory on Ose, a hard line between them. Audio: no score at all. Photoreal live-action cinema, 2.39:1 anamorphic widescreen, fine 35mm grain, naturalistic skin, practical lighting, no CGI gloss. Avoid: on-screen text, subtitles, watermarks, HUD or UI graphics, comic-book styling, capes, masks on the hero, glossy 3D-render look, extra fingers, changing hairstyles. (Continuous shot, part 1 of 2. Begin the described action; end the clip mid-movement, not on a settle. Use the final frame of part 0 as the starting reference so the move is unbroken.)"
S07-7E-b,7,7E,2/2,8,LOC-06,"MS 2-shot, eye, 40mm, very slow push. The 'register is a document' exchange; Riya's silence. Riya (34, Bengali-Indian woman, athletic, storm-grey military command coat with oxblood shoulder piping, black hair). Minister Ose (55, silver-black chignon, ivory high-collar coat, jade ring). Setting: the Bastion Spire — a brutalist grey concrete tower, low corridors, oxblood floor stripe, cyan fluorescents, rain on every window. night, rain on glass. Light: cyan on Riya, ivory on Ose, a hard line between them. Audio: no score at all. Photoreal live-action cinema, 2.39:1 anamorphic widescreen, fine 35mm grain, naturalistic skin, practical lighting, no CGI gloss. Avoid: on-screen text, subtitles, watermarks, HUD or UI graphics, comic-book styling, capes, masks on the hero, glossy 3D-render look, extra fingers, changing hairstyles. (Continuous shot, part 2 of 2. Complete the described action and settle on the final beat. Use the final frame of part 1 as the starting reference so the move is unbroken.)"
S07-7F-a,7,7F,1/2,5,LOC-06,"WS, wide, from behind them at the window, 32mm, locked-off, no camera movement. Ose at the rain-streaked glass, the drowned city below; 'Bring him in. Alive, if you're quick.'. Riya (34, Bengali-Indian woman, athletic, storm-grey military command coat with oxblood shoulder piping, black hair). Minister Ose (55, silver-black chignon, ivory high-collar coat, jade ring). Setting: the Bastion Spire — a brutalist grey concrete tower, low corridors, oxblood floor stripe, cyan fluorescents, rain on every window. night, rain on glass. Light: backlit by the city, both in silhouette. Effect: CG city out the window. Audio: rain; a single low piano note to end the scene. Photoreal live-action cinema, 2.39:1 anamorphic widescreen, fine 35mm grain, naturalistic skin, practical lighting, no CGI gloss. Avoid: on-screen text, subtitles, watermarks, HUD or UI graphics, comic-book styling, capes, masks on the hero, glossy 3D-render look, extra fingers, changing hairstyles. (Continuous shot, part 1 of 2. Begin the described action; end the clip mid-movement, not on a settle. Use the final frame of part 0 as the starting reference so the move is unbroken.)"
S07-7F-b,7,7F,2/2,4,LOC-06,"WS, wide, from behind them at the window, 32mm, locked-off, no camera movement. Ose at the rain-streaked glass, the drowned city below; 'Bring him in. Alive, if you're quick.'. Riya (34, Bengali-Indian woman, athletic, storm-grey military command coat with oxblood shoulder piping, black hair). Minister Ose (55, silver-black chignon, ivory high-collar coat, jade ring). Setting: the Bastion Spire — a brutalist grey concrete tower, low corridors, oxblood floor stripe, cyan fluorescents, rain on every window. night, rain on glass. Light: backlit by the city, both in silhouette. Effect: CG city out the window. Audio: rain; a single low piano note to end the scene. Photoreal live-action cinema, 2.39:1 anamorphic widescreen, fine 35mm grain, naturalistic skin, practical lighting, no CGI gloss. Avoid: on-screen text, subtitles, watermarks, HUD or UI graphics, comic-book styling, capes, masks on the hero, glossy 3D-render look, extra fingers, changing hairstyles. (Continuous shot, part 2 of 2. Complete the described action and settle on the final beat. Use the final frame of part 1 as the starting reference so the move is unbroken.)"
S08-8A,8,8A,1/1,7,LOC-04,"WS, eye, 32mm, handheld, restless. Arjun in the chair with a split brow; Kira by the door, arms crossed, a knife she thinks nobody noticed; Meera working. Arjun (32, South Indian man, lean swimmer's build, deep brown skin, black mid-length hair pushed back with a grey streak at the RIGHT temple, heavy stubble, faint silver branching scars along both forearms). Kira (17, mixed Nigerian-Indian girl, wiry, dark brown skin, SIX cornrows in a high knot with THREE copper clips on the left, one brass earring, grey cloth wraps on both forearms). Meera (61, small Bengali woman, cropped grey-white hair, glasses on a beaded chain, her LEFT arm a brass mechanical prosthetic, indigo kurta and canvas apron). Setting: Ward 12, a clinic of three welded shipping containers: a dental chair, pegboard walls of brass instruments, a wall of ten thousand index cards, a fishless aquarium glowing green. night, rain. Light: surgical lamps, green aquarium, warm desk. Audio: rain, instruments. Photoreal live-action cinema, 2.39:1 anamorphic widescreen, fine 35mm grain, naturalistic skin, practical lighting, no CGI gloss. Avoid: on-screen text, subtitles, watermarks, HUD or UI graphics, comic-book styling, capes, masks on the hero, glossy 3D-render look, extra fingers, changing hairstyles."
S08-8B,8,8B,1/1,6,LOC-04,"insert, eye, 85mm, slow push. The stone pulses faster. Amber. Amber. Amber. Then the brass cage UNFOLDS like a seed head. Setting: Ward 12, a clinic of three welded shipping containers: a dental chair, pegboard walls of brass instruments, a wall of ten thousand index cards, a fishless aquarium glowing green. night, rain. Light: self-lit, throwing amber across the whole room. Effect: brass cage unfolding animation, practical prop + CG petals. Audio: brass mechanism; the bell accelerating. Photoreal live-action cinema, 2.39:1 anamorphic widescreen, fine 35mm grain, naturalistic skin, practical lighting, no CGI gloss. Avoid: on-screen text, subtitles, watermarks, HUD or UI graphics, comic-book styling, capes, masks on the hero, glossy 3D-render look, extra fingers, changing hairstyles."
S08-8C-a,8,8C,1/2,5,LOC-04,"MS, low, from bench level, 40mm, locked-off, no camera movement. A shoulders-up volumetric of Dev forms above the stone — grey beard, broad shoulders, one crystalline white-blue eye — edges dissolving into grain. a shoulders-up projection of Dev (grey beard, one crystalline white-blue right eye) whose edges dissolve into drifting light-grain. Setting: Ward 12, a clinic of three welded shipping containers: a dental chair, pegboard walls of brass instruments, a wall of ten thousand index cards, a fishless aquarium glowing green. night, rain. Light: the volumetric is the only light source now; everyone else lit amber-cyan from it. Effect: volumetric memory projection: not a hologram; a light-field with grain, scan-drift, and edges that dissolve into particles. No UI, no interface, no sci-fi lines. Audio: his voice carries clinic room-tone as if he is physically present. Photoreal live-action cinema, 2.39:1 anamorphic widescreen, fine 35mm grain, naturalistic skin, practical lighting, no CGI gloss. Avoid: on-screen text, subtitles, watermarks, HUD or UI graphics, comic-book styling, capes, masks on the hero, glossy 3D-render look, extra fingers, changing hairstyles. (Continuous shot, part 1 of 2. Begin the described action; end the clip mid-movement, not on a settle. Use the final frame of part 0 as the starting reference so the move is unbroken.)"
S08-8C-b,8,8C,2/2,5,LOC-04,"MS, low, from bench level, 40mm, locked-off, no camera movement. A shoulders-up volumetric of Dev forms above the stone — grey beard, broad shoulders, one crystalline white-blue eye — edges dissolving into grain. a shoulders-up projection of Dev (grey beard, one crystalline white-blue right eye) whose edges dissolve into drifting light-grain. Setting: Ward 12, a clinic of three welded shipping containers: a dental chair, pegboard walls of brass instruments, a wall of ten thousand index cards, a fishless aquarium glowing green. night, rain. Light: the volumetric is the only light source now; everyone else lit amber-cyan from it. Effect: volumetric memory projection: not a hologram; a light-field with grain, scan-drift, and edges that dissolve into particles. No UI, no interface, no sci-fi lines. Audio: his voice carries clinic room-tone as if he is physically present. Photoreal live-action cinema, 2.39:1 anamorphic widescreen, fine 35mm grain, naturalistic skin, practical lighting, no CGI gloss. Avoid: on-screen text, subtitles, watermarks, HUD or UI graphics, comic-book styling, capes, masks on the hero, glossy 3D-render look, extra fingers, changing hairstyles. (Continuous shot, part 2 of 2. Complete the described action and settle on the final beat. Use the final frame of part 1 as the starting reference so the move is unbroken.)"
S08-8D,8,8D,1/1,4,LOC-04,"CU, eye, 85mm, locked-off, no camera movement. Meera's steel tea tumbler hits the floor, out of focus in the foreground; her face does not move. Meera (61, small Bengali woman, cropped grey-white hair, glasses on a beaded chain, her LEFT arm a brass mechanical prosthetic, indigo kurta and canvas apron). Setting: Ward 12, a clinic of three welded shipping containers: a dental chair, pegboard walls of brass instruments, a wall of ten thousand index cards, a fishless aquarium glowing green. night, rain. Light: amber volumetric key. Audio: the tumbler rolling, loud. Photoreal live-action cinema, 2.39:1 anamorphic widescreen, fine 35mm grain, naturalistic skin, practical lighting, no CGI gloss. Avoid: on-screen text, subtitles, watermarks, HUD or UI graphics, comic-book styling, capes, masks on the hero, glossy 3D-render look, extra fingers, changing hairstyles."
S08-8E-a,8,8E,1/2,7,LOC-04,"CU, eye, 75mm, very slow push. Dev's recording: 'I've found the way to make it stop hurting. It isn't a metaphor, Arjun, it's engineering. Come home. Bring nothing.'. a shoulders-up projection of Dev (grey beard, one crystalline white-blue right eye) whose edges dissolve into drifting light-grain. Setting: Ward 12, a clinic of three welded shipping containers: a dental chair, pegboard walls of brass instruments, a wall of ten thousand index cards, a fishless aquarium glowing green. night, rain. Light: self-lit volumetric, grain. Effect: volumetric. Audio: warm, exhausted, kind. Photoreal live-action cinema, 2.39:1 anamorphic widescreen, fine 35mm grain, naturalistic skin, practical lighting, no CGI gloss. Avoid: on-screen text, subtitles, watermarks, HUD or UI graphics, comic-book styling, capes, masks on the hero, glossy 3D-render look, extra fingers, changing hairstyles. (Continuous shot, part 1 of 2. Begin the described action; end the clip mid-movement, not on a settle. Use the final frame of part 0 as the starting reference so the move is unbroken.)"
S08-8E-b,8,8E,2/2,7,LOC-04,"CU, eye, 75mm, very slow push. Dev's recording: 'I've found the way to make it stop hurting. It isn't a metaphor, Arjun, it's engineering. Come home. Bring nothing.'. a shoulders-up projection of Dev (grey beard, one crystalline white-blue right eye) whose edges dissolve into drifting light-grain. Setting: Ward 12, a clinic of three welded shipping containers: a dental chair, pegboard walls of brass instruments, a wall of ten thousand index cards, a fishless aquarium glowing green. night, rain. Light: self-lit volumetric, grain. Effect: volumetric. Audio: warm, exhausted, kind. Photoreal live-action cinema, 2.39:1 anamorphic widescreen, fine 35mm grain, naturalistic skin, practical lighting, no CGI gloss. Avoid: on-screen text, subtitles, watermarks, HUD or UI graphics, comic-book styling, capes, masks on the hero, glossy 3D-render look, extra fingers, changing hairstyles. (Continuous shot, part 2 of 2. Complete the described action and settle on the final beat. Use the final frame of part 1 as the starting reference so the move is unbroken.)"
S08-8F-a,8,8F,1/2,8,LOC-04,"MS, eye, 50mm, handheld. Arjun stands so fast the chair goes over; the refusal speech; the cruelty to Meera; the apology. Arjun (32, South Indian man, lean swimmer's build, deep brown skin, black mid-length hair pushed back with a grey streak at the RIGHT temple, heavy stubble, faint silver branching scars along both forearms). Setting: Ward 12, a clinic of three welded shipping containers: a dental chair, pegboard walls of brass instruments, a wall of ten thousand index cards, a fishless aquarium glowing green. night, rain. Light: the volumetric collapses mid-scene and the room drops back to surgical white. Effect: volumetric collapse to dust. Audio: the fall of the chair is the loudest sound in the scene. Photoreal live-action cinema, 2.39:1 anamorphic widescreen, fine 35mm grain, naturalistic skin, practical lighting, no CGI gloss. Avoid: on-screen text, subtitles, watermarks, HUD or UI graphics, comic-book styling, capes, masks on the hero, glossy 3D-render look, extra fingers, changing hairstyles. (Continuous shot, part 1 of 2. Begin the described action; end the clip mid-movement, not on a settle. Use the final frame of part 0 as the starting reference so the move is unbroken.)"
S08-8F-b,8,8F,2/2,8,LOC-04,"MS, eye, 50mm, handheld. Arjun stands so fast the chair goes over; the refusal speech; the cruelty to Meera; the apology. Arjun (32, South Indian man, lean swimmer's build, deep brown skin, black mid-length hair pushed back with a grey streak at the RIGHT temple, heavy stubble, faint silver branching scars along both forearms). Setting: Ward 12, a clinic of three welded shipping containers: a dental chair, pegboard walls of brass instruments, a wall of ten thousand index cards, a fishless aquarium glowing green. night, rain. Light: the volumetric collapses mid-scene and the room drops back to surgical white. Effect: volumetric collapse to dust. Audio: the fall of the chair is the loudest sound in the scene. Photoreal live-action cinema, 2.39:1 anamorphic widescreen, fine 35mm grain, naturalistic skin, practical lighting, no CGI gloss. Avoid: on-screen text, subtitles, watermarks, HUD or UI graphics, comic-book styling, capes, masks on the hero, glossy 3D-render look, extra fingers, changing hairstyles. (Continuous shot, part 2 of 2. Complete the described action and settle on the final beat. Use the final frame of part 1 as the starting reference so the move is unbroken.)"
S08-8G,8,8G,1/1,5,LOC-04,"WS, eye, past the rain-runnelled window, 85mm, locked-off, no camera movement. Behind the argument, out the window in the rain: something WHITE glides past. Silent. Nobody sees it. Setting: Ward 12, a clinic of three welded shipping containers: a dental chair, pegboard walls of brass instruments, a wall of ten thousand index cards, a fishless aquarium glowing green. night, rain. Light: white sled self-light through rain-streaked plastic window. Effect: CG sled through defocused rain. Audio: absolutely nothing where an engine should be. Photoreal live-action cinema, 2.39:1 anamorphic widescreen, fine 35mm grain, naturalistic skin, practical lighting, no CGI gloss. Avoid: on-screen text, subtitles, watermarks, HUD or UI graphics, comic-book styling, capes, masks on the hero, glossy 3D-render look, extra fingers, changing hairstyles."
S09-9A,9,9A,1/1,5,LOC-04,"MS, eye, on the door, 50mm, locked-off, no camera movement. The clinic door is not broken — it is UNBOLTED, politely, from outside. It swings. Setting: Ward 12, a clinic of three welded shipping containers: a dental chair, pegboard walls of brass instruments, a wall of ten thousand index cards, a fishless aquarium glowing green. night, rain, then fire. Light: rain-dark exterior beyond. Audio: three bolts, unhurried. Photoreal live-action cinema, 2.39:1 anamorphic widescreen, fine 35mm grain, naturalistic skin, practical lighting, no CGI gloss. Avoid: on-screen text, subtitles, watermarks, HUD or UI graphics, comic-book styling, capes, masks on the hero, glossy 3D-render look, extra fingers, changing hairstyles."
S09-9B,9,9B,1/1,7,LOC-04,"MS, low, 40mm, slow push. Sera Vance steps in out of the rain — bone-white lacquer, mirrored chrome eyes, platinum crown braid — and is ABSOLUTELY DRY. Sera (29, pale Anglo-Indian woman, BOTH eyes mirrored chrome with no iris, platinum crown braid, no eyebrows, seamless bone-white lacquer armour with mirror-polished gauntlets). Setting: Ward 12, a clinic of three welded shipping containers: a dental chair, pegboard walls of brass instruments, a wall of ten thousand index cards, a fishless aquarium glowing green. night, rain, then fire. Light: her plates catch and return every light in the room. Effect: mirror-plate reflections must be true ray-traced returns of the actual set; chrome sclera comp on both eyes. Audio: no footstep sound at all. Photoreal live-action cinema, 2.39:1 anamorphic widescreen, fine 35mm grain, naturalistic skin, practical lighting, no CGI gloss. Avoid: on-screen text, subtitles, watermarks, HUD or UI graphics, comic-book styling, capes, masks on the hero, glossy 3D-render look, extra fingers, changing hairstyles."
S09-9C,9,9C,1/1,7,LOC-04,"CU, eye, 85mm, locked-off, no camera movement. 'It doesn't hurt, and afterwards you won't mind that it happened.' A genuine warm smile. Then the echo: 'Won't mind that it happened.'. Sera (29, pale Anglo-Indian woman, BOTH eyes mirrored chrome with no iris, platinum crown braid, no eyebrows, seamless bone-white lacquer armour with mirror-polished gauntlets). Setting: Ward 12, a clinic of three welded shipping containers: a dental chair, pegboard walls of brass instruments, a wall of ten thousand index cards, a fishless aquarium glowing green. night, rain, then fire. Light: green aquarium fill; her face is the palest thing in the film. Effect: chrome eyes. Audio: the echo is 400ms delayed and 8dB down. Photoreal live-action cinema, 2.39:1 anamorphic widescreen, fine 35mm grain, naturalistic skin, practical lighting, no CGI gloss. Avoid: on-screen text, subtitles, watermarks, HUD or UI graphics, comic-book styling, capes, masks on the hero, glossy 3D-render look, extra fingers, changing hairstyles."
S09-9D,9,9D,1/1,6,LOC-04,"WS, eye, 32mm, handheld. Arjun throws a bastion wall across the room — Sera raises a gauntlet — the wall's own force REVERSES and puts Arjun through the pegboard wall. Arjun (32, South Indian man, lean swimmer's build, deep brown skin, black mid-length hair pushed back with a grey streak at the RIGHT temple, heavy stubble, faint silver branching scars along both forearms). Sera (29, pale Anglo-Indian woman, BOTH eyes mirrored chrome with no iris, platinum crown braid, no eyebrows, seamless bone-white lacquer armour with mirror-polished gauntlets). Setting: Ward 12, a clinic of three welded shipping containers: a dental chair, pegboard walls of brass instruments, a wall of ten thousand index cards, a fishless aquarium glowing green. night, rain, then fire. Light: cyan flash, then inverted silver flash. Effect: Reflection: the bastion's cyan is returned as an inverted silver-white vector along the identical path, one frame delay. Audio: chime, then the chime played backwards. Photoreal live-action cinema, 2.39:1 anamorphic widescreen, fine 35mm grain, naturalistic skin, practical lighting, no CGI gloss. Avoid: on-screen text, subtitles, watermarks, HUD or UI graphics, comic-book styling, capes, masks on the hero, glossy 3D-render look, extra fingers, changing hairstyles."
S09-9E,9,9E,1/1,7,LOC-04,"MS, high, 40mm, handheld. Meera swings the surgical lamp into Sera's head; Sera takes it, turns, and puts the resonance blade through Meera's right shoulder — unhurried, no anger. Meera (61, small Bengali woman, cropped grey-white hair, glasses on a beaded chain, her LEFT arm a brass mechanical prosthetic, indigo kurta and canvas apron). Sera (29, pale Anglo-Indian woman, BOTH eyes mirrored chrome with no iris, platinum crown braid, no eyebrows, seamless bone-white lacquer armour with mirror-polished gauntlets). Setting: Ward 12, a clinic of three welded shipping containers: a dental chair, pegboard walls of brass instruments, a wall of ten thousand index cards, a fishless aquarium glowing green. night, rain, then fire. Light: the swinging lamp throws the entire room into rotating hard shadow. Effect: resonance blade: NO GLOW, only a heat-shimmer blur along the edge; blade passes through cloth and tissue without a fire element. Audio: the blade is a 4kHz whine that stops dead on contact. Photoreal live-action cinema, 2.39:1 anamorphic widescreen, fine 35mm grain, naturalistic skin, practical lighting, no CGI gloss. Avoid: on-screen text, subtitles, watermarks, HUD or UI graphics, comic-book styling, capes, masks on the hero, glossy 3D-render look, extra fingers, changing hairstyles."
S09-9F,9,9F,1/1,7,LOC-04,"CU→WS, eye, 32mm, crash out. Kira SCREAMS; six tethers fire wild, wrapping aquarium, lamp rig and ceiling gantry; she yanks; the gantry comes down; sparks into the coolant tank; the clinic catches. Kira (17, mixed Nigerian-Indian girl, wiry, dark brown skin, SIX cornrows in a high knot with THREE copper clips on the left, one brass earring, grey cloth wraps on both forearms). Setting: Ward 12, a clinic of three welded shipping containers: a dental chair, pegboard walls of brass instruments, a wall of ten thousand index cards, a fishless aquarium glowing green. night, rain, then fire. Light: gold flash → electrical arc white → fire orange. Effect: tether sim, gantry destruction, electrical arc, fire ignition. Audio: glass, water, arc crack, ignition whump. Photoreal live-action cinema, 2.39:1 anamorphic widescreen, fine 35mm grain, naturalistic skin, practical lighting, no CGI gloss. Avoid: on-screen text, subtitles, watermarks, HUD or UI graphics, comic-book styling, capes, masks on the hero, glossy 3D-render look, extra fingers, changing hairstyles."
S09-9G,9,9G,1/1,8,LOC-04,"MS, low, 50mm, slow handheld. Arjun on his knees among ten thousand burning index cards, each one a person's memory, curling into ash around him. Arjun (32, South Indian man, lean swimmer's build, deep brown skin, black mid-length hair pushed back with a grey streak at the RIGHT temple, heavy stubble, faint silver branching scars along both forearms). Setting: Ward 12, a clinic of three welded shipping containers: a dental chair, pegboard walls of brass instruments, a wall of ten thousand index cards, a fishless aquarium glowing green. night, rain, then fire. Light: fire orange from below, the only warm-hero lighting in Act I. Effect: paper burn sim, floating embers. Audio: paper fire; the score's first minor-key statement of the Memory theme. Photoreal live-action cinema, 2.39:1 anamorphic widescreen, fine 35mm grain, naturalistic skin, practical lighting, no CGI gloss. Avoid: on-screen text, subtitles, watermarks, HUD or UI graphics, comic-book styling, capes, masks on the hero, glossy 3D-render look, extra fingers, changing hairstyles."
S09-9H,9,9H,1/1,8,LOC-04,"MS 2-shot, eye, handheld, 40mm, running handheld. 'The cards—' / 'They're gone.' / 'THEY'RE NOT CARDS—' They drag Meera out through the roof hatch into the rain. Arjun (32, South Indian man, lean swimmer's build, deep brown skin, black mid-length hair pushed back with a grey streak at the RIGHT temple, heavy stubble, faint silver branching scars along both forearms). Meera (61, small Bengali woman, cropped grey-white hair, glasses on a beaded chain, her LEFT arm a brass mechanical prosthetic, indigo kurta and canvas apron). Kira (17, mixed Nigerian-Indian girl, wiry, dark brown skin, SIX cornrows in a high knot with THREE copper clips on the left, one brass earring, grey cloth wraps on both forearms). Setting: Ward 12, a clinic of three welded shipping containers: a dental chair, pegboard walls of brass instruments, a wall of ten thousand index cards, a fishless aquarium glowing green. night, rain, then fire. Light: fire behind, rain-dark ahead. Effect: fire interactive. Audio: Meera's line is the only shout in the film so far. Photoreal live-action cinema, 2.39:1 anamorphic widescreen, fine 35mm grain, naturalistic skin, practical lighting, no CGI gloss. Avoid: on-screen text, subtitles, watermarks, HUD or UI graphics, comic-book styling, capes, masks on the hero, glossy 3D-render look, extra fingers, changing hairstyles."
S09-9I,9,9I,1/1,8,LOC-04,"CU, low, 85mm, locked-off, no camera movement. Under the burning gantry, Sera sits up. A hairline crack across her LEFT gauntlet. She looks at her own reflection in it — and turns it away from her face. Sera (29, pale Anglo-Indian woman, BOTH eyes mirrored chrome with no iris, platinum crown braid, no eyebrows, seamless bone-white lacquer armour with mirror-polished gauntlets). Setting: Ward 12, a clinic of three welded shipping containers: a dental chair, pegboard walls of brass instruments, a wall of ten thousand index cards, a fishless aquarium glowing green. night, rain, then fire. Light: fire underlight, mirror returns of flame. Effect: cracked-mirror reflection comp; her own face visible in it for 6 frames. Audio: fire; and for one second, nothing else. Photoreal live-action cinema, 2.39:1 anamorphic widescreen, fine 35mm grain, naturalistic skin, practical lighting, no CGI gloss. Avoid: on-screen text, subtitles, watermarks, HUD or UI graphics, comic-book styling, capes, masks on the hero, glossy 3D-render look, extra fingers, changing hairstyles."
S10-10A,10,10A,1/1,8,LOC-07,"EWS, aerial, tracking the wall line, 24mm, aerial lateral. The Tidewall: 40m of concrete and rusted steel teeth running 60km into rain; searchlights raking the swell; a sign — NORTH OF THIS LINE — NO RECOVERY. Setting: the Tidewall — a 40m concrete sea-wall with rusted steel teeth, sluice gates, sodium searchlights, heavy swell. dawn, driving rain, heavy swell. Light: pre-dawn blue, sweeping sodium searchlights. Effect: CG wall extension, ocean sim, rain. Audio: surf on concrete; wind. Photoreal live-action cinema, 2.39:1 anamorphic widescreen, fine 35mm grain, naturalistic skin, practical lighting, no CGI gloss. Avoid: on-screen text, subtitles, watermarks, HUD or UI graphics, comic-book styling, capes, masks on the hero, glossy 3D-render look, extra fingers, changing hairstyles."
S10-10B,10,10B,1/1,7,LOC-07,"MS, low, on the boat, 32mm, handheld, violently unstable. Bhaskar's overloaded boat runs the sluice channel; Meera unconscious across the thwarts; Kira on the tiller because she's the only one who can see. Kira (17, mixed Nigerian-Indian girl, wiry, dark brown skin, SIX cornrows in a high knot with THREE copper clips on the left, one brass earring, grey cloth wraps on both forearms). Meera (61, small Bengali woman, cropped grey-white hair, glasses on a beaded chain, her LEFT arm a brass mechanical prosthetic, indigo kurta and canvas apron). Arjun (32, South Indian man, lean swimmer's build, deep brown skin, black mid-length hair pushed back with a grey streak at the RIGHT temple, heavy stubble, faint silver branching scars along both forearms). Setting: the Tidewall — a 40m concrete sea-wall with rusted steel teeth, sluice gates, sodium searchlights, heavy swell. dawn, driving rain, heavy swell. Light: searchlight raking through, sodium orange, blue ambient. Effect: water interaction, spray. Audio: outboard scream, rain on oilcloth. Photoreal live-action cinema, 2.39:1 anamorphic widescreen, fine 35mm grain, naturalistic skin, practical lighting, no CGI gloss. Avoid: on-screen text, subtitles, watermarks, HUD or UI graphics, comic-book styling, capes, masks on the hero, glossy 3D-render look, extra fingers, changing hairstyles."
S10-10C,10,10C,1/1,6,LOC-07,"WS, low, from the water, 25mm, tracking. Two Kestrels come down the wall line; skiff #6 leads, canopy-less, Riya soaked, one hand on the launcher rail. Riya (34, Bengali-Indian woman, athletic, storm-grey military command coat with oxblood shoulder piping, black hair). Setting: the Tidewall — a 40m concrete sea-wall with rusted steel teeth, sluice gates, sodium searchlights, heavy swell. dawn, driving rain, heavy swell. Light: skiff landing lights, blue dawn. Effect: CG skiffs, rotor spray. Audio: twin fans against surf. Photoreal live-action cinema, 2.39:1 anamorphic widescreen, fine 35mm grain, naturalistic skin, practical lighting, no CGI gloss. Avoid: on-screen text, subtitles, watermarks, HUD or UI graphics, comic-book styling, capes, masks on the hero, glossy 3D-render look, extra fingers, changing hairstyles."
S10-10D,10,10D,1/1,6,LOC-07,"CU, eye, 85mm, handheld. 'Hold fire, we're over civilians.' Water streaming off her face. Pande argues on the radio. 'HOLD FIRE.'. Riya (34, Bengali-Indian woman, athletic, storm-grey military command coat with oxblood shoulder piping, black hair). Setting: the Tidewall — a 40m concrete sea-wall with rusted steel teeth, sluice gates, sodium searchlights, heavy swell. dawn, driving rain, heavy swell. Light: instrument glow underlighting. Audio: radio compression on her own voice coming back. Photoreal live-action cinema, 2.39:1 anamorphic widescreen, fine 35mm grain, naturalistic skin, practical lighting, no CGI gloss. Avoid: on-screen text, subtitles, watermarks, HUD or UI graphics, comic-book styling, capes, masks on the hero, glossy 3D-render look, extra fingers, changing hairstyles."
S10-10E,10,10E,1/1,6,LOC-07,"MS, low, on the bow, 40mm, handheld. The second skiff fires anyway; Arjun anchors on the bow and throws a bastion plate; Nullpins go into it and STICK, quivering like darts in a board. Arjun (32, South Indian man, lean swimmer's build, deep brown skin, black mid-length hair pushed back with a grey streak at the RIGHT temple, heavy stubble, faint silver branching scars along both forearms). Setting: the Tidewall — a 40m concrete sea-wall with rusted steel teeth, sluice gates, sodium searchlights, heavy swell. dawn, driving rain, heavy swell. Light: cyan bastion key, sodium rake. Effect: bastion plate with embedded Nullpins vibrating; cyan hexagon tessellation partially formed. Audio: the swallow sound ×5, then a hard glass thud each. Photoreal live-action cinema, 2.39:1 anamorphic widescreen, fine 35mm grain, naturalistic skin, practical lighting, no CGI gloss. Avoid: on-screen text, subtitles, watermarks, HUD or UI graphics, comic-book styling, capes, masks on the hero, glossy 3D-render look, extra fingers, changing hairstyles."
S10-10F,10,10F,1/1,6,LOC-07,"CU, eye, 75mm, handheld. Arjun's nose opens. 'Where's — the girl's name. What's the girl's name.' / Kira, screaming over the engine: 'KIRA!'. Arjun (32, South Indian man, lean swimmer's build, deep brown skin, black mid-length hair pushed back with a grey streak at the RIGHT temple, heavy stubble, faint silver branching scars along both forearms). Kira (17, mixed Nigerian-Indian girl, wiry, dark brown skin, SIX cornrows in a high knot with THREE copper clips on the left, one brass earring, grey cloth wraps on both forearms). Setting: the Tidewall — a 40m concrete sea-wall with rusted steel teeth, sluice gates, sodium searchlights, heavy swell. dawn, driving rain, heavy swell. Light: cyan dying on his face, blue dawn. Effect: blood in rain. Audio: engine, rain, her voice cracking. Photoreal live-action cinema, 2.39:1 anamorphic widescreen, fine 35mm grain, naturalistic skin, practical lighting, no CGI gloss. Avoid: on-screen text, subtitles, watermarks, HUD or UI graphics, comic-book styling, capes, masks on the hero, glossy 3D-render look, extra fingers, changing hairstyles."
S10-10G,10,10G,1/1,5,LOC-07,"WS, low, from ahead in the channel, 25mm, fast tracking. The boat hits the half-open Sluice Gate 31 at speed; steel screams; the port gunwale is torn off with 15cm to spare. Setting: the Tidewall — a 40m concrete sea-wall with rusted steel teeth, sluice gates, sodium searchlights, heavy swell. dawn, driving rain, heavy swell. Light: searchlight through the gate gap like a blade. Effect: CG gate, collision destruction, sparks in rain. Audio: steel on steel, enormous. Photoreal live-action cinema, 2.39:1 anamorphic widescreen, fine 35mm grain, naturalistic skin, practical lighting, no CGI gloss. Avoid: on-screen text, subtitles, watermarks, HUD or UI graphics, comic-book styling, capes, masks on the hero, glossy 3D-render look, extra fingers, changing hairstyles."
S10-10H,10,10H,1/1,3,LOC-07,"insert, eye, 50mm, handheld. Riya's skiff pulls up hard; her LEFT FAN COWLING clips the concrete and CRACKS — the mark it carries for the rest of the film. Setting: the Tidewall — a 40m concrete sea-wall with rusted steel teeth, sluice gates, sodium searchlights, heavy swell. dawn, driving rain, heavy swell. Light: sodium, sparks. Effect: CG cowling damage — CONTINUITY CRITICAL. Audio: a single sharp composite crack. Photoreal live-action cinema, 2.39:1 anamorphic widescreen, fine 35mm grain, naturalistic skin, practical lighting, no CGI gloss. Avoid: on-screen text, subtitles, watermarks, HUD or UI graphics, comic-book styling, capes, masks on the hero, glossy 3D-render look, extra fingers, changing hairstyles."
S10-10I,10,10I,1/1,6,LOC-07,"POV, thermal scope, 200mm equivalent, handheld scope drift. Green-white thermal: a man kneeling on a bow with light coming out of his forearms. The scope resolves his FACE. Arjun (32, South Indian man, lean swimmer's build, deep brown skin, black mid-length hair pushed back with a grey streak at the RIGHT temple, heavy stubble, faint silver branching scars along both forearms). Setting: the Tidewall — a 40m concrete sea-wall with rusted steel teeth, sluice gates, sodium searchlights, heavy swell. dawn, driving rain, heavy swell. Light: thermal palette only — the one non-naturalistic image in Act I. Effect: thermal scope comp; the Threadwork reads as pure white against warm grey. Audio: scope tone; her breathing. Photoreal live-action cinema, 2.39:1 anamorphic widescreen, fine 35mm grain, naturalistic skin, practical lighting, no CGI gloss. Avoid: on-screen text, subtitles, watermarks, HUD or UI graphics, comic-book styling, capes, masks on the hero, glossy 3D-render look, extra fingers, changing hairstyles."
S10-10J,10,10J,1/1,8,LOC-07,"CU, eye, 100mm, locked-off, no camera movement. Riya's thumb comes off the trigger. '...you idiot.' Then, on the radio: 'Negative. North of the wall is no recovery. Log it.'. Riya (34, Bengali-Indian woman, athletic, storm-grey military command coat with oxblood shoulder piping, black hair). Setting: the Tidewall — a 40m concrete sea-wall with rusted steel teeth, sluice gates, sodium searchlights, heavy swell. dawn, driving rain, heavy swell. Light: blue dawn, instrument glow. Audio: rain; the fans idling down. Photoreal live-action cinema, 2.39:1 anamorphic widescreen, fine 35mm grain, naturalistic skin, practical lighting, no CGI gloss. Avoid: on-screen text, subtitles, watermarks, HUD or UI graphics, comic-book styling, capes, masks on the hero, glossy 3D-render look, extra fingers, changing hairstyles."
S10-10K,10,10K,1/1,7,LOC-07,"WS, low, static, 40mm, locked-off, no camera movement. Arjun's grey coat, snagged on a steel tooth of the sluice gate, flapping in the rain. Held. He never wears it again. Setting: the Tidewall — a 40m concrete sea-wall with rusted steel teeth, sluice gates, sodium searchlights, heavy swell. dawn, driving rain, heavy swell. Light: blue dawn, first light on wet concrete. Effect: cloth sim. Audio: wind in wet canvas; score: solo cello. Photoreal live-action cinema, 2.39:1 anamorphic widescreen, fine 35mm grain, naturalistic skin, practical lighting, no CGI gloss. Avoid: on-screen text, subtitles, watermarks, HUD or UI graphics, comic-book styling, capes, masks on the hero, glossy 3D-render look, extra fingers, changing hairstyles."
S11-11A-a,11,11A,1/2,5,LOC-05,"EWS, eye, locked off, dead symmetrical, 25mm, locked-off, no camera movement. Ninety kilometres of bleached, cracked white salt; ghost-foundations of vanished buildings as low rectangles; a half-melted transmission pylon leaning on the horizon; two tiny figures dead centre. Arjun (32, South Indian man, lean swimmer's build, deep brown skin, black mid-length hair pushed back with a grey streak at the RIGHT temple, heavy stubble, faint silver branching scars along both forearms). Kira (17, mixed Nigerian-Indian girl, wiry, dark brown skin, SIX cornrows in a high knot with THREE copper clips on the left, one brass earring, grey cloth wraps on both forearms). Setting: the Anjari Salt Flats — 90km of cracked white salt, ghost-foundations of vanished buildings, a leaning melted pylon, flat white sky, absolutely no wind and nothing moving. flat 'day', NO wind, NO rain, NO birds. Light: enormous flat white top-light, three stops brighter than any previous scene, no shadows, no direction. Effect: CG salt plain extension; heat-free shimmer; pylon. Audio: THE SOUND FLOOR DROPS TO NEAR ZERO. Footsteps are too loud. No wind, no birds, no score. Photoreal live-action cinema, 2.39:1 anamorphic widescreen, fine 35mm grain, naturalistic skin, practical lighting, no CGI gloss. Avoid: on-screen text, subtitles, watermarks, HUD or UI graphics, comic-book styling, capes, masks on the hero, glossy 3D-render look, extra fingers, changing hairstyles. (Continuous shot, part 1 of 2. Begin the described action; end the clip mid-movement, not on a settle. Use the final frame of part 0 as the starting reference so the move is unbroken.)"
S11-11A-b,11,11A,2/2,5,LOC-05,"EWS, eye, locked off, dead symmetrical, 25mm, locked-off, no camera movement. Ninety kilometres of bleached, cracked white salt; ghost-foundations of vanished buildings as low rectangles; a half-melted transmission pylon leaning on the horizon; two tiny figures dead centre. Arjun (32, South Indian man, lean swimmer's build, deep brown skin, black mid-length hair pushed back with a grey streak at the RIGHT temple, heavy stubble, faint silver branching scars along both forearms). Kira (17, mixed Nigerian-Indian girl, wiry, dark brown skin, SIX cornrows in a high knot with THREE copper clips on the left, one brass earring, grey cloth wraps on both forearms). Setting: the Anjari Salt Flats — 90km of cracked white salt, ghost-foundations of vanished buildings, a leaning melted pylon, flat white sky, absolutely no wind and nothing moving. flat 'day', NO wind, NO rain, NO birds. Light: enormous flat white top-light, three stops brighter than any previous scene, no shadows, no direction. Effect: CG salt plain extension; heat-free shimmer; pylon. Audio: THE SOUND FLOOR DROPS TO NEAR ZERO. Footsteps are too loud. No wind, no birds, no score. Photoreal live-action cinema, 2.39:1 anamorphic widescreen, fine 35mm grain, naturalistic skin, practical lighting, no CGI gloss. Avoid: on-screen text, subtitles, watermarks, HUD or UI graphics, comic-book styling, capes, masks on the hero, glossy 3D-render look, extra fingers, changing hairstyles. (Continuous shot, part 2 of 2. Complete the described action and settle on the final beat. Use the final frame of part 1 as the starting reference so the move is unbroken.)"
S11-11B,11,11B,1/1,6,LOC-05,"MS, eye, 40mm, locked-off, no camera movement. Kira turns a full circle, appalled. 'Why is it so quiet—'. Kira (17, mixed Nigerian-Indian girl, wiry, dark brown skin, SIX cornrows in a high knot with THREE copper clips on the left, one brass earring, grey cloth wraps on both forearms). Setting: the Anjari Salt Flats — 90km of cracked white salt, ghost-foundations of vanished buildings, a leaning melted pylon, flat white sky, absolutely no wind and nothing moving. flat 'day', NO wind, NO rain, NO birds. Light: flat white, skin looks bloodless. Audio: her voice has no reverb whatsoever — an acoustic wrongness. Photoreal live-action cinema, 2.39:1 anamorphic widescreen, fine 35mm grain, naturalistic skin, practical lighting, no CGI gloss. Avoid: on-screen text, subtitles, watermarks, HUD or UI graphics, comic-book styling, capes, masks on the hero, glossy 3D-render look, extra fingers, changing hairstyles."
S11-11C,11,11C,1/1,8,LOC-05,"WS, high, straight down (God's eye), 32mm, locked-off, no camera movement. Overhead: Kira paces the low rectangle of a vanished building — she is standing, unknowing, in the footprint of the Anjari market square where her mother died. Kira (17, mixed Nigerian-Indian girl, wiry, dark brown skin, SIX cornrows in a high knot with THREE copper clips on the left, one brass earring, grey cloth wraps on both forearms). Setting: the Anjari Salt Flats — 90km of cracked white salt, ghost-foundations of vanished buildings, a leaning melted pylon, flat white sky, absolutely no wind and nothing moving. flat 'day', NO wind, NO rain, NO birds. Light: flat, shadowless — the overhead angle has nothing to model. Effect: CG ghost-foundation grid. Audio: footsteps on salt crust. Photoreal live-action cinema, 2.39:1 anamorphic widescreen, fine 35mm grain, naturalistic skin, practical lighting, no CGI gloss. Avoid: on-screen text, subtitles, watermarks, HUD or UI graphics, comic-book styling, capes, masks on the hero, glossy 3D-render look, extra fingers, changing hairstyles."
S11-11D,11,11D,1/1,6,LOC-05,"insert, macro, overhead, 100mm macro, locked-off, no camera movement. Arjun turns Kira's hands over: gold dendritic hairlines running knuckles to elbow, permanent now, dormant and matte. Kira (17, mixed Nigerian-Indian girl, wiry, dark brown skin, SIX cornrows in a high knot with THREE copper clips on the left, one brass earring, grey cloth wraps on both forearms). Setting: the Anjari Salt Flats — 90km of cracked white salt, ghost-foundations of vanished buildings, a leaning melted pylon, flat white sky, absolutely no wind and nothing moving. flat 'day', NO wind, NO rain, NO birds. Light: flat white. Effect: dormant Tether filament: matte gold-bronze, no emission. Audio: nothing but breath. Photoreal live-action cinema, 2.39:1 anamorphic widescreen, fine 35mm grain, naturalistic skin, practical lighting, no CGI gloss. Avoid: on-screen text, subtitles, watermarks, HUD or UI graphics, comic-book styling, capes, masks on the hero, glossy 3D-render look, extra fingers, changing hairstyles."
S11-11E-a,11,11E,1/3,8,LOC-05,"MS 2-shot, eye, locked, 40mm, locked-off, no camera movement. THE THREE LAWS. He sets her feet with his boot, squares her shoulders with his hands. Physical teaching, not speeches. Arjun (32, South Indian man, lean swimmer's build, deep brown skin, black mid-length hair pushed back with a grey streak at the RIGHT temple, heavy stubble, faint silver branching scars along both forearms). Kira (17, mixed Nigerian-Indian girl, wiry, dark brown skin, SIX cornrows in a high knot with THREE copper clips on the left, one brass earring, grey cloth wraps on both forearms). Setting: the Anjari Salt Flats — 90km of cracked white salt, ghost-foundations of vanished buildings, a leaning melted pylon, flat white sky, absolutely no wind and nothing moving. flat 'day', NO wind, NO rain, NO birds. Light: flat white; the two of them are the only vertical objects in 90km. Audio: the flats' dead air; every consonant unnaturally present. Photoreal live-action cinema, 2.39:1 anamorphic widescreen, fine 35mm grain, naturalistic skin, practical lighting, no CGI gloss. Avoid: on-screen text, subtitles, watermarks, HUD or UI graphics, comic-book styling, capes, masks on the hero, glossy 3D-render look, extra fingers, changing hairstyles. (Continuous shot, part 1 of 3. Begin the described action; end the clip mid-movement, not on a settle. Use the final frame of part 0 as the starting reference so the move is unbroken.)"
S11-11E-b,11,11E,2/3,7,LOC-05,"MS 2-shot, eye, locked, 40mm, locked-off, no camera movement. THE THREE LAWS. He sets her feet with his boot, squares her shoulders with his hands. Physical teaching, not speeches. Arjun (32, South Indian man, lean swimmer's build, deep brown skin, black mid-length hair pushed back with a grey streak at the RIGHT temple, heavy stubble, faint silver branching scars along both forearms). Kira (17, mixed Nigerian-Indian girl, wiry, dark brown skin, SIX cornrows in a high knot with THREE copper clips on the left, one brass earring, grey cloth wraps on both forearms). Setting: the Anjari Salt Flats — 90km of cracked white salt, ghost-foundations of vanished buildings, a leaning melted pylon, flat white sky, absolutely no wind and nothing moving. flat 'day', NO wind, NO rain, NO birds. Light: flat white; the two of them are the only vertical objects in 90km. Audio: the flats' dead air; every consonant unnaturally present. Photoreal live-action cinema, 2.39:1 anamorphic widescreen, fine 35mm grain, naturalistic skin, practical lighting, no CGI gloss. Avoid: on-screen text, subtitles, watermarks, HUD or UI graphics, comic-book styling, capes, masks on the hero, glossy 3D-render look, extra fingers, changing hairstyles. (Continuous shot, part 2 of 3. Continue the described action already in progress; neither begin nor resolve it. Use the final frame of part 1 as the starting reference so the move is unbroken.)"
S11-11E-c,11,11E,3/3,7,LOC-05,"MS 2-shot, eye, locked, 40mm, locked-off, no camera movement. THE THREE LAWS. He sets her feet with his boot, squares her shoulders with his hands. Physical teaching, not speeches. Arjun (32, South Indian man, lean swimmer's build, deep brown skin, black mid-length hair pushed back with a grey streak at the RIGHT temple, heavy stubble, faint silver branching scars along both forearms). Kira (17, mixed Nigerian-Indian girl, wiry, dark brown skin, SIX cornrows in a high knot with THREE copper clips on the left, one brass earring, grey cloth wraps on both forearms). Setting: the Anjari Salt Flats — 90km of cracked white salt, ghost-foundations of vanished buildings, a leaning melted pylon, flat white sky, absolutely no wind and nothing moving. flat 'day', NO wind, NO rain, NO birds. Light: flat white; the two of them are the only vertical objects in 90km. Audio: the flats' dead air; every consonant unnaturally present. Photoreal live-action cinema, 2.39:1 anamorphic widescreen, fine 35mm grain, naturalistic skin, practical lighting, no CGI gloss. Avoid: on-screen text, subtitles, watermarks, HUD or UI graphics, comic-book styling, capes, masks on the hero, glossy 3D-render look, extra fingers, changing hairstyles. (Continuous shot, part 3 of 3. Complete the described action and settle on the final beat. Use the final frame of part 2 as the starting reference so the move is unbroken.)"
S11-11F,11,11F,1/1,8,LOC-05,"CU, eye, 85mm, locked-off, no camera movement. 'The current takes payment in you. Always. Every time.' A long silence he doesn't fill. Arjun (32, South Indian man, lean swimmer's build, deep brown skin, black mid-length hair pushed back with a grey streak at the RIGHT temple, heavy stubble, faint silver branching scars along both forearms). Setting: the Anjari Salt Flats — 90km of cracked white salt, ghost-foundations of vanished buildings, a leaning melted pylon, flat white sky, absolutely no wind and nothing moving. flat 'day', NO wind, NO rain, NO birds. Light: flat white on a face that has nowhere to hide. Audio: nothing. Photoreal live-action cinema, 2.39:1 anamorphic widescreen, fine 35mm grain, naturalistic skin, practical lighting, no CGI gloss. Avoid: on-screen text, subtitles, watermarks, HUD or UI graphics, comic-book styling, capes, masks on the hero, glossy 3D-render look, extra fingers, changing hairstyles."
S11-11G,11,11G,1/1,4,LOC-05,"insert, overhead, 40mm macro, locked-off, no camera movement. He ties the notebook shut with a RED BOOT-LACE and pockets it. Continuity marker for the rest of the film. Setting: the Anjari Salt Flats — 90km of cracked white salt, ghost-foundations of vanished buildings, a leaning melted pylon, flat white sky, absolutely no wind and nothing moving. flat 'day', NO wind, NO rain, NO birds. Light: flat white. Audio: leather, lace. Photoreal live-action cinema, 2.39:1 anamorphic widescreen, fine 35mm grain, naturalistic skin, practical lighting, no CGI gloss. Avoid: on-screen text, subtitles, watermarks, HUD or UI graphics, comic-book styling, capes, masks on the hero, glossy 3D-render look, extra fingers, changing hairstyles."
S11-11H,11,11H,1/1,7,LOC-05,"MS, eye, 50mm, locked-off, no camera movement. She offers the stolen brass regulator. 'Keep it. I'm not diving this week.' She clips it to her belt — where it stays for the rest of the film. Arjun (32, South Indian man, lean swimmer's build, deep brown skin, black mid-length hair pushed back with a grey streak at the RIGHT temple, heavy stubble, faint silver branching scars along both forearms). Kira (17, mixed Nigerian-Indian girl, wiry, dark brown skin, SIX cornrows in a high knot with THREE copper clips on the left, one brass earring, grey cloth wraps on both forearms). Setting: the Anjari Salt Flats — 90km of cracked white salt, ghost-foundations of vanished buildings, a leaning melted pylon, flat white sky, absolutely no wind and nothing moving. flat 'day', NO wind, NO rain, NO birds. Light: flat white. Audio: a small brass click; one warm note of score enters the void. Photoreal live-action cinema, 2.39:1 anamorphic widescreen, fine 35mm grain, naturalistic skin, practical lighting, no CGI gloss. Avoid: on-screen text, subtitles, watermarks, HUD or UI graphics, comic-book styling, capes, masks on the hero, glossy 3D-render look, extra fingers, changing hairstyles."
S11-11I-a,11,11I,1/4,7,LOC-05,"MONTAGE, mixed: WS locked / CU handheld, 25mm & 85mm, locked-off, no camera movement. TRAINING: anchoring to the pylon; snapping tethers and burning her palms; braiding two lines and lifting a bleached bus shell 15cm; the palms bleeding; trying again. Kira (17, mixed Nigerian-Indian girl, wiry, dark brown skin, SIX cornrows in a high knot with THREE copper clips on the left, one brass earring, grey cloth wraps on both forearms). Setting: the Anjari Salt Flats — 90km of cracked white salt, ghost-foundations of vanished buildings, a leaning melted pylon, flat white sky, absolutely no wind and nothing moving. flat 'day', NO wind, NO rain, NO birds. Light: flat white throughout — deliberately monotonous, so the montage is about her, not the light. Effect: tether sim across all beats; rope-burn prosthetics. Audio: the singing tether tone; snap; her frustration. Photoreal live-action cinema, 2.39:1 anamorphic widescreen, fine 35mm grain, naturalistic skin, practical lighting, no CGI gloss. Avoid: on-screen text, subtitles, watermarks, HUD or UI graphics, comic-book styling, capes, masks on the hero, glossy 3D-render look, extra fingers, changing hairstyles. (Continuous shot, part 1 of 4. Begin the described action; end the clip mid-movement, not on a settle. Use the final frame of part 0 as the starting reference so the move is unbroken.)"
S11-11I-b,11,11I,2/4,7,LOC-05,"MONTAGE, mixed: WS locked / CU handheld, 25mm & 85mm, locked-off, no camera movement. TRAINING: anchoring to the pylon; snapping tethers and burning her palms; braiding two lines and lifting a bleached bus shell 15cm; the palms bleeding; trying again. Kira (17, mixed Nigerian-Indian girl, wiry, dark brown skin, SIX cornrows in a high knot with THREE copper clips on the left, one brass earring, grey cloth wraps on both forearms). Setting: the Anjari Salt Flats — 90km of cracked white salt, ghost-foundations of vanished buildings, a leaning melted pylon, flat white sky, absolutely no wind and nothing moving. flat 'day', NO wind, NO rain, NO birds. Light: flat white throughout — deliberately monotonous, so the montage is about her, not the light. Effect: tether sim across all beats; rope-burn prosthetics. Audio: the singing tether tone; snap; her frustration. Photoreal live-action cinema, 2.39:1 anamorphic widescreen, fine 35mm grain, naturalistic skin, practical lighting, no CGI gloss. Avoid: on-screen text, subtitles, watermarks, HUD or UI graphics, comic-book styling, capes, masks on the hero, glossy 3D-render look, extra fingers, changing hairstyles. (Continuous shot, part 2 of 4. Continue the described action already in progress; neither begin nor resolve it. Use the final frame of part 1 as the starting reference so the move is unbroken.)"
S11-11I-c,11,11I,3/4,7,LOC-05,"MONTAGE, mixed: WS locked / CU handheld, 25mm & 85mm, locked-off, no camera movement. TRAINING: anchoring to the pylon; snapping tethers and burning her palms; braiding two lines and lifting a bleached bus shell 15cm; the palms bleeding; trying again. Kira (17, mixed Nigerian-Indian girl, wiry, dark brown skin, SIX cornrows in a high knot with THREE copper clips on the left, one brass earring, grey cloth wraps on both forearms). Setting: the Anjari Salt Flats — 90km of cracked white salt, ghost-foundations of vanished buildings, a leaning melted pylon, flat white sky, absolutely no wind and nothing moving. flat 'day', NO wind, NO rain, NO birds. Light: flat white throughout — deliberately monotonous, so the montage is about her, not the light. Effect: tether sim across all beats; rope-burn prosthetics. Audio: the singing tether tone; snap; her frustration. Photoreal live-action cinema, 2.39:1 anamorphic widescreen, fine 35mm grain, naturalistic skin, practical lighting, no CGI gloss. Avoid: on-screen text, subtitles, watermarks, HUD or UI graphics, comic-book styling, capes, masks on the hero, glossy 3D-render look, extra fingers, changing hairstyles. (Continuous shot, part 3 of 4. Continue the described action already in progress; neither begin nor resolve it. Use the final frame of part 2 as the starting reference so the move is unbroken.)"
S11-11I-d,11,11I,4/4,7,LOC-05,"MONTAGE, mixed: WS locked / CU handheld, 25mm & 85mm, locked-off, no camera movement. TRAINING: anchoring to the pylon; snapping tethers and burning her palms; braiding two lines and lifting a bleached bus shell 15cm; the palms bleeding; trying again. Kira (17, mixed Nigerian-Indian girl, wiry, dark brown skin, SIX cornrows in a high knot with THREE copper clips on the left, one brass earring, grey cloth wraps on both forearms). Setting: the Anjari Salt Flats — 90km of cracked white salt, ghost-foundations of vanished buildings, a leaning melted pylon, flat white sky, absolutely no wind and nothing moving. flat 'day', NO wind, NO rain, NO birds. Light: flat white throughout — deliberately monotonous, so the montage is about her, not the light. Effect: tether sim across all beats; rope-burn prosthetics. Audio: the singing tether tone; snap; her frustration. Photoreal live-action cinema, 2.39:1 anamorphic widescreen, fine 35mm grain, naturalistic skin, practical lighting, no CGI gloss. Avoid: on-screen text, subtitles, watermarks, HUD or UI graphics, comic-book styling, capes, masks on the hero, glossy 3D-render look, extra fingers, changing hairstyles. (Continuous shot, part 4 of 4. Complete the described action and settle on the final beat. Use the final frame of part 3 as the starting reference so the move is unbroken.)"
S11-11J-a,11,11J,1/2,5,LOC-05,"EWS, low, wide, tracking, 32mm, lateral tracking with her. Kira runs fifty metres and swings out over the salt on a single gold line, LAUGHING — the first laugh in the film. Kira (17, mixed Nigerian-Indian girl, wiry, dark brown skin, SIX cornrows in a high knot with THREE copper clips on the left, one brass earring, grey cloth wraps on both forearms). Setting: the Anjari Salt Flats — 90km of cracked white salt, ghost-foundations of vanished buildings, a leaning melted pylon, flat white sky, absolutely no wind and nothing moving. flat 'day', NO wind, NO rain, NO birds. Light: flat white; the gold tether is the only saturated colour in 90km of frame. Effect: single load-bearing tether with visible catenary sag and elastic recoil. Audio: her laugh; the tether singing; the score's first major-key phrase. Photoreal live-action cinema, 2.39:1 anamorphic widescreen, fine 35mm grain, naturalistic skin, practical lighting, no CGI gloss. Avoid: on-screen text, subtitles, watermarks, HUD or UI graphics, comic-book styling, capes, masks on the hero, glossy 3D-render look, extra fingers, changing hairstyles. (Continuous shot, part 1 of 2. Begin the described action; end the clip mid-movement, not on a settle. Use the final frame of part 0 as the starting reference so the move is unbroken.)"
S11-11J-b,11,11J,2/2,4,LOC-05,"EWS, low, wide, tracking, 32mm, lateral tracking with her. Kira runs fifty metres and swings out over the salt on a single gold line, LAUGHING — the first laugh in the film. Kira (17, mixed Nigerian-Indian girl, wiry, dark brown skin, SIX cornrows in a high knot with THREE copper clips on the left, one brass earring, grey cloth wraps on both forearms). Setting: the Anjari Salt Flats — 90km of cracked white salt, ghost-foundations of vanished buildings, a leaning melted pylon, flat white sky, absolutely no wind and nothing moving. flat 'day', NO wind, NO rain, NO birds. Light: flat white; the gold tether is the only saturated colour in 90km of frame. Effect: single load-bearing tether with visible catenary sag and elastic recoil. Audio: her laugh; the tether singing; the score's first major-key phrase. Photoreal live-action cinema, 2.39:1 anamorphic widescreen, fine 35mm grain, naturalistic skin, practical lighting, no CGI gloss. Avoid: on-screen text, subtitles, watermarks, HUD or UI graphics, comic-book styling, capes, masks on the hero, glossy 3D-render look, extra fingers, changing hairstyles. (Continuous shot, part 2 of 2. Complete the described action and settle on the final beat. Use the final frame of part 1 as the starting reference so the move is unbroken.)"
S11-11K,11,11K,1/1,5,LOC-05,"CU, eye, 100mm, locked-off, no camera movement. Arjun watching her, and the watching costs him something. Arjun (32, South Indian man, lean swimmer's build, deep brown skin, black mid-length hair pushed back with a grey streak at the RIGHT temple, heavy stubble, faint silver branching scars along both forearms). Setting: the Anjari Salt Flats — 90km of cracked white salt, ghost-foundations of vanished buildings, a leaning melted pylon, flat white sky, absolutely no wind and nothing moving. flat 'day', NO wind, NO rain, NO birds. Light: flat white. Audio: her laugh distant, slightly hollow. Photoreal live-action cinema, 2.39:1 anamorphic widescreen, fine 35mm grain, naturalistic skin, practical lighting, no CGI gloss. Avoid: on-screen text, subtitles, watermarks, HUD or UI graphics, comic-book styling, capes, masks on the hero, glossy 3D-render look, extra fingers, changing hairstyles."
S11-11L-a,11,11L,1/2,7,LOC-05,"WS, low, night, 32mm, locked-off, no camera movement. Night. A driftwood fire on white salt — the only fire in a landscape with nothing to burn. Meera awake and grey-faced delivers the fourth law. Arjun (32, South Indian man, lean swimmer's build, deep brown skin, black mid-length hair pushed back with a grey streak at the RIGHT temple, heavy stubble, faint silver branching scars along both forearms). Kira (17, mixed Nigerian-Indian girl, wiry, dark brown skin, SIX cornrows in a high knot with THREE copper clips on the left, one brass earring, grey cloth wraps on both forearms). Meera (61, small Bengali woman, cropped grey-white hair, glasses on a beaded chain, her LEFT arm a brass mechanical prosthetic, indigo kurta and canvas apron). Setting: the Anjari Salt Flats — 90km of cracked white salt, ghost-foundations of vanished buildings, a leaning melted pylon, flat white sky, absolutely no wind and nothing moving. flat 'day', NO wind, NO rain, NO birds. Light: firelight is the ONLY source; the flats go black beyond 6m. Effect: fire interactive on salt crust. Audio: fire; still no wind, which makes the fire sound wrong — it burns straight up. Photoreal live-action cinema, 2.39:1 anamorphic widescreen, fine 35mm grain, naturalistic skin, practical lighting, no CGI gloss. Avoid: on-screen text, subtitles, watermarks, HUD or UI graphics, comic-book styling, capes, masks on the hero, glossy 3D-render look, extra fingers, changing hairstyles. (Continuous shot, part 1 of 2. Begin the described action; end the clip mid-movement, not on a settle. Use the final frame of part 0 as the starting reference so the move is unbroken.)"
S11-11L-b,11,11L,2/2,7,LOC-05,"WS, low, night, 32mm, locked-off, no camera movement. Night. A driftwood fire on white salt — the only fire in a landscape with nothing to burn. Meera awake and grey-faced delivers the fourth law. Arjun (32, South Indian man, lean swimmer's build, deep brown skin, black mid-length hair pushed back with a grey streak at the RIGHT temple, heavy stubble, faint silver branching scars along both forearms). Kira (17, mixed Nigerian-Indian girl, wiry, dark brown skin, SIX cornrows in a high knot with THREE copper clips on the left, one brass earring, grey cloth wraps on both forearms). Meera (61, small Bengali woman, cropped grey-white hair, glasses on a beaded chain, her LEFT arm a brass mechanical prosthetic, indigo kurta and canvas apron). Setting: the Anjari Salt Flats — 90km of cracked white salt, ghost-foundations of vanished buildings, a leaning melted pylon, flat white sky, absolutely no wind and nothing moving. flat 'day', NO wind, NO rain, NO birds. Light: firelight is the ONLY source; the flats go black beyond 6m. Effect: fire interactive on salt crust. Audio: fire; still no wind, which makes the fire sound wrong — it burns straight up. Photoreal live-action cinema, 2.39:1 anamorphic widescreen, fine 35mm grain, naturalistic skin, practical lighting, no CGI gloss. Avoid: on-screen text, subtitles, watermarks, HUD or UI graphics, comic-book styling, capes, masks on the hero, glossy 3D-render look, extra fingers, changing hairstyles. (Continuous shot, part 2 of 2. Complete the described action and settle on the final beat. Use the final frame of part 1 as the starting reference so the move is unbroken.)"
S12-12A-a,12,12A,1/2,5,LOC-05,"EWS, eye, locked, symmetrical, 25mm, locked-off, no camera movement. Skiff #6 sits alone on 90km of white salt, cracked left fan cowling, engine ticking as it cools; Riya walks twenty metres out with hands visible and empty. Riya (34, Bengali-Indian woman, athletic, storm-grey military command coat with oxblood shoulder piping, black hair). Setting: the Anjari Salt Flats — 90km of cracked white salt, ghost-foundations of vanished buildings, a leaning melted pylon, flat white sky, absolutely no wind and nothing moving. flat 'day', dead air. Light: flat white; the skiff's grey is the darkest object in frame. Effect: CG skiff heat-shimmer, salt dust. Audio: cooling metal ticks — enormous in the dead air. Photoreal live-action cinema, 2.39:1 anamorphic widescreen, fine 35mm grain, naturalistic skin, practical lighting, no CGI gloss. Avoid: on-screen text, subtitles, watermarks, HUD or UI graphics, comic-book styling, capes, masks on the hero, glossy 3D-render look, extra fingers, changing hairstyles. (Continuous shot, part 1 of 2. Begin the described action; end the clip mid-movement, not on a settle. Use the final frame of part 0 as the starting reference so the move is unbroken.)"
S12-12A-b,12,12A,2/2,4,LOC-05,"EWS, eye, locked, symmetrical, 25mm, locked-off, no camera movement. Skiff #6 sits alone on 90km of white salt, cracked left fan cowling, engine ticking as it cools; Riya walks twenty metres out with hands visible and empty. Riya (34, Bengali-Indian woman, athletic, storm-grey military command coat with oxblood shoulder piping, black hair). Setting: the Anjari Salt Flats — 90km of cracked white salt, ghost-foundations of vanished buildings, a leaning melted pylon, flat white sky, absolutely no wind and nothing moving. flat 'day', dead air. Light: flat white; the skiff's grey is the darkest object in frame. Effect: CG skiff heat-shimmer, salt dust. Audio: cooling metal ticks — enormous in the dead air. Photoreal live-action cinema, 2.39:1 anamorphic widescreen, fine 35mm grain, naturalistic skin, practical lighting, no CGI gloss. Avoid: on-screen text, subtitles, watermarks, HUD or UI graphics, comic-book styling, capes, masks on the hero, glossy 3D-render look, extra fingers, changing hairstyles. (Continuous shot, part 2 of 2. Complete the described action and settle on the final beat. Use the final frame of part 1 as the starting reference so the move is unbroken.)"
S12-12B-a,12,12B,1/2,6,LOC-05,"MS 2-shot, eye, wide separation, 40mm, locked-off, no camera movement. Twenty metres of white salt between them for the whole scene. They never close the distance. Arjun (32, South Indian man, lean swimmer's build, deep brown skin, black mid-length hair pushed back with a grey streak at the RIGHT temple, heavy stubble, faint silver branching scars along both forearms). Riya (34, Bengali-Indian woman, athletic, storm-grey military command coat with oxblood shoulder piping, black hair). Setting: the Anjari Salt Flats — 90km of cracked white salt, ghost-foundations of vanished buildings, a leaning melted pylon, flat white sky, absolutely no wind and nothing moving. flat 'day', dead air. Light: flat white. Audio: no reverb; voices land dead. Photoreal live-action cinema, 2.39:1 anamorphic widescreen, fine 35mm grain, naturalistic skin, practical lighting, no CGI gloss. Avoid: on-screen text, subtitles, watermarks, HUD or UI graphics, comic-book styling, capes, masks on the hero, glossy 3D-render look, extra fingers, changing hairstyles. (Continuous shot, part 1 of 2. Begin the described action; end the clip mid-movement, not on a settle. Use the final frame of part 0 as the starting reference so the move is unbroken.)"
S12-12B-b,12,12B,2/2,6,LOC-05,"MS 2-shot, eye, wide separation, 40mm, locked-off, no camera movement. Twenty metres of white salt between them for the whole scene. They never close the distance. Arjun (32, South Indian man, lean swimmer's build, deep brown skin, black mid-length hair pushed back with a grey streak at the RIGHT temple, heavy stubble, faint silver branching scars along both forearms). Riya (34, Bengali-Indian woman, athletic, storm-grey military command coat with oxblood shoulder piping, black hair). Setting: the Anjari Salt Flats — 90km of cracked white salt, ghost-foundations of vanished buildings, a leaning melted pylon, flat white sky, absolutely no wind and nothing moving. flat 'day', dead air. Light: flat white. Audio: no reverb; voices land dead. Photoreal live-action cinema, 2.39:1 anamorphic widescreen, fine 35mm grain, naturalistic skin, practical lighting, no CGI gloss. Avoid: on-screen text, subtitles, watermarks, HUD or UI graphics, comic-book styling, capes, masks on the hero, glossy 3D-render look, extra fingers, changing hairstyles. (Continuous shot, part 2 of 2. Complete the described action and settle on the final beat. Use the final frame of part 1 as the starting reference so the move is unbroken.)"
S12-12C,12,12C,1/1,7,LOC-05,"CU, eye, 85mm, locked-off, no camera movement. 'Don't do the thing where you say my name like you're checking it against a list.'. Riya (34, Bengali-Indian woman, athletic, storm-grey military command coat with oxblood shoulder piping, black hair). Setting: the Anjari Salt Flats — 90km of cracked white salt, ghost-foundations of vanished buildings, a leaning melted pylon, flat white sky, absolutely no wind and nothing moving. flat 'day', dead air. Light: flat white. Audio: silence after the line, held four seconds. Photoreal live-action cinema, 2.39:1 anamorphic widescreen, fine 35mm grain, naturalistic skin, practical lighting, no CGI gloss. Avoid: on-screen text, subtitles, watermarks, HUD or UI graphics, comic-book styling, capes, masks on the hero, glossy 3D-render look, extra fingers, changing hairstyles."
S12-12D,12,12D,1/1,5,LOC-05,"insert, overhead, macro, 100mm macro, locked-off, no camera movement. The anchor-stone tossed and caught in Riya's gloved palm; it pulses amber and she FLINCHES — she's seen these on bodies. Setting: the Anjari Salt Flats — 90km of cracked white salt, ghost-foundations of vanished buildings, a leaning melted pylon, flat white sky, absolutely no wind and nothing moving. flat 'day', dead air. Light: flat white with the amber pulse as the only colour. Effect: anchor-stone pulse. Audio: the 1Hz bell. Photoreal live-action cinema, 2.39:1 anamorphic widescreen, fine 35mm grain, naturalistic skin, practical lighting, no CGI gloss. Avoid: on-screen text, subtitles, watermarks, HUD or UI graphics, comic-book styling, capes, masks on the hero, glossy 3D-render look, extra fingers, changing hairstyles."
S12-12E-a,12,12E,1/2,5,LOC-05,"MS, eye, 50mm, very slow push (the only camera move on the flats). 'I'm asking you to show me ninety seconds I don't have. Riya. I don't know what I did.'. Arjun (32, South Indian man, lean swimmer's build, deep brown skin, black mid-length hair pushed back with a grey streak at the RIGHT temple, heavy stubble, faint silver branching scars along both forearms). Setting: the Anjari Salt Flats — 90km of cracked white salt, ghost-foundations of vanished buildings, a leaning melted pylon, flat white sky, absolutely no wind and nothing moving. flat 'day', dead air. Light: flat white. Audio: we hear her glove tighten on the stone. Photoreal live-action cinema, 2.39:1 anamorphic widescreen, fine 35mm grain, naturalistic skin, practical lighting, no CGI gloss. Avoid: on-screen text, subtitles, watermarks, HUD or UI graphics, comic-book styling, capes, masks on the hero, glossy 3D-render look, extra fingers, changing hairstyles. (Continuous shot, part 1 of 2. Begin the described action; end the clip mid-movement, not on a settle. Use the final frame of part 0 as the starting reference so the move is unbroken.)"
S12-12E-b,12,12E,2/2,5,LOC-05,"MS, eye, 50mm, very slow push (the only camera move on the flats). 'I'm asking you to show me ninety seconds I don't have. Riya. I don't know what I did.'. Arjun (32, South Indian man, lean swimmer's build, deep brown skin, black mid-length hair pushed back with a grey streak at the RIGHT temple, heavy stubble, faint silver branching scars along both forearms). Setting: the Anjari Salt Flats — 90km of cracked white salt, ghost-foundations of vanished buildings, a leaning melted pylon, flat white sky, absolutely no wind and nothing moving. flat 'day', dead air. Light: flat white. Audio: we hear her glove tighten on the stone. Photoreal live-action cinema, 2.39:1 anamorphic widescreen, fine 35mm grain, naturalistic skin, practical lighting, no CGI gloss. Avoid: on-screen text, subtitles, watermarks, HUD or UI graphics, comic-book styling, capes, masks on the hero, glossy 3D-render look, extra fingers, changing hairstyles. (Continuous shot, part 2 of 2. Complete the described action and settle on the final beat. Use the final frame of part 1 as the starting reference so the move is unbroken.)"
S12-12F,12,12F,1/1,8,LOC-05,"MS, eye, from behind Arjun, 75mm, locked-off, no camera movement. She goes procedural to survive it: '03:40. Archive shift change is eleven minutes. Get the girl a coat, you look like kidnappers.'. Riya (34, Bengali-Indian woman, athletic, storm-grey military command coat with oxblood shoulder piping, black hair). Setting: the Anjari Salt Flats — 90km of cracked white salt, ghost-foundations of vanished buildings, a leaning melted pylon, flat white sky, absolutely no wind and nothing moving. flat 'day', dead air. Light: flat white. Audio: her boots turning on salt. Photoreal live-action cinema, 2.39:1 anamorphic widescreen, fine 35mm grain, naturalistic skin, practical lighting, no CGI gloss. Avoid: on-screen text, subtitles, watermarks, HUD or UI graphics, comic-book styling, capes, masks on the hero, glossy 3D-render look, extra fingers, changing hairstyles."
S12-12G-a,12,12G,1/2,5,LOC-05,"WS, eye, 40mm, locked-off, no camera movement. She stops without turning: 'The noodle stall woman calls you Vikram. I paid her to keep the tab open. Eight years, Arjun.'. Riya (34, Bengali-Indian woman, athletic, storm-grey military command coat with oxblood shoulder piping, black hair). Setting: the Anjari Salt Flats — 90km of cracked white salt, ghost-foundations of vanished buildings, a leaning melted pylon, flat white sky, absolutely no wind and nothing moving. flat 'day', dead air. Light: flat white. Audio: nothing under it at all. Photoreal live-action cinema, 2.39:1 anamorphic widescreen, fine 35mm grain, naturalistic skin, practical lighting, no CGI gloss. Avoid: on-screen text, subtitles, watermarks, HUD or UI graphics, comic-book styling, capes, masks on the hero, glossy 3D-render look, extra fingers, changing hairstyles. (Continuous shot, part 1 of 2. Begin the described action; end the clip mid-movement, not on a settle. Use the final frame of part 0 as the starting reference so the move is unbroken.)"
S12-12G-b,12,12G,2/2,4,LOC-05,"WS, eye, 40mm, locked-off, no camera movement. She stops without turning: 'The noodle stall woman calls you Vikram. I paid her to keep the tab open. Eight years, Arjun.'. Riya (34, Bengali-Indian woman, athletic, storm-grey military command coat with oxblood shoulder piping, black hair). Setting: the Anjari Salt Flats — 90km of cracked white salt, ghost-foundations of vanished buildings, a leaning melted pylon, flat white sky, absolutely no wind and nothing moving. flat 'day', dead air. Light: flat white. Audio: nothing under it at all. Photoreal live-action cinema, 2.39:1 anamorphic widescreen, fine 35mm grain, naturalistic skin, practical lighting, no CGI gloss. Avoid: on-screen text, subtitles, watermarks, HUD or UI graphics, comic-book styling, capes, masks on the hero, glossy 3D-render look, extra fingers, changing hairstyles. (Continuous shot, part 2 of 2. Complete the described action and settle on the final beat. Use the final frame of part 1 as the starting reference so the move is unbroken.)"
S12-12H,12,12H,1/1,8,LOC-05,"EWS, low, wide, 32mm, locked-off, no camera movement. Skiff #6 lifts and goes, dragging a salt-dust wake across an otherwise perfectly still white plain. Setting: the Anjari Salt Flats — 90km of cracked white salt, ghost-foundations of vanished buildings, a leaning melted pylon, flat white sky, absolutely no wind and nothing moving. flat 'day', dead air. Light: flat white. Effect: CG skiff, dust wake that hangs and does not disperse (no wind). Audio: fans, receding, then absolute silence resuming like water closing. Photoreal live-action cinema, 2.39:1 anamorphic widescreen, fine 35mm grain, naturalistic skin, practical lighting, no CGI gloss. Avoid: on-screen text, subtitles, watermarks, HUD or UI graphics, comic-book styling, capes, masks on the hero, glossy 3D-render look, extra fingers, changing hairstyles."
S13-13A,13,13A,1/1,6,LOC-05 + LOC-01,"MS, low, 50mm, locked-off, no camera movement. Firelight on white salt. Arjun holds the anchor-stone in both hands like a man holding a bird. Arjun (32, South Indian man, lean swimmer's build, deep brown skin, black mid-length hair pushed back with a grey streak at the RIGHT temple, heavy stubble, faint silver branching scars along both forearms). Setting: the Anjari Salt Flats — 90km of cracked white salt, ghost-foundations of vanished buildings, a leaning melted pylon, flat white sky, absolutely no wind and nothing moving, intercut with a 60m-wide industrial containment shaft 200m deep, brass containment rings, crystal growing through cracked concrete, four levels of catwalk, amber work lamps and spinning red alarm gyros. night / flashback, dead air. Light: firelight only, hard falloff to black. Audio: fire burning straight up. Photoreal live-action cinema, 2.39:1 anamorphic widescreen, fine 35mm grain, naturalistic skin, practical lighting, no CGI gloss. Avoid: on-screen text, subtitles, watermarks, HUD or UI graphics, comic-book styling, capes, masks on the hero, glossy 3D-render look, extra fingers, changing hairstyles."
S13-13B-a,13,13B,1/2,5,LOC-05 + LOC-01,"MS 2-shot, eye, 40mm, handheld, warm, alive. FLASHBACK 2057: warm amber Cradle training hall. Cadet Arjun fails to hold a bastion; it shatters. Dev picks up the pieces of light and hands them back. Cadet Arjun (20, same face as Arjun but younger, CLEAN-SHAVEN, NO grey streak, short neat black hair, charcoal cadet suit with a brass half-plate on the LEFT shoulder only). Dev in 2059 (46, tall broad South Indian man, grey beard, BOTH eyes human brown, NO crystal anywhere, brass-bronze cuirass, bronze gorget, heavy oxblood cloak, wedding band ON HIS HAND). Setting: the Anjari Salt Flats — 90km of cracked white salt, ghost-foundations of vanished buildings, a leaning melted pylon, flat white sky, absolutely no wind and nothing moving, intercut with a 60m-wide industrial containment shaft 200m deep, brass containment rings, crystal growing through cracked concrete, four levels of catwalk, amber work lamps and spinning red alarm gyros. night / flashback, dead air. Light: warm amber tungsten — the warmest lighting in the entire film. Effect: a shattered bastion as physical shards of light that can be picked up like glass. Audio: a shattering chime; laughter; the room has generous reverb, unlike the flats. Photoreal live-action cinema, 2.39:1 anamorphic widescreen, fine 35mm grain, naturalistic skin, practical lighting, no CGI gloss. Avoid: on-screen text, subtitles, watermarks, HUD or UI graphics, comic-book styling, capes, masks on the hero, glossy 3D-render look, extra fingers, changing hairstyles. (Continuous shot, part 1 of 2. Begin the described action; end the clip mid-movement, not on a settle. Use the final frame of part 0 as the starting reference so the move is unbroken.)"
S13-13B-b,13,13B,2/2,5,LOC-05 + LOC-01,"MS 2-shot, eye, 40mm, handheld, warm, alive. FLASHBACK 2057: warm amber Cradle training hall. Cadet Arjun fails to hold a bastion; it shatters. Dev picks up the pieces of light and hands them back. Cadet Arjun (20, same face as Arjun but younger, CLEAN-SHAVEN, NO grey streak, short neat black hair, charcoal cadet suit with a brass half-plate on the LEFT shoulder only). Dev in 2059 (46, tall broad South Indian man, grey beard, BOTH eyes human brown, NO crystal anywhere, brass-bronze cuirass, bronze gorget, heavy oxblood cloak, wedding band ON HIS HAND). Setting: the Anjari Salt Flats — 90km of cracked white salt, ghost-foundations of vanished buildings, a leaning melted pylon, flat white sky, absolutely no wind and nothing moving, intercut with a 60m-wide industrial containment shaft 200m deep, brass containment rings, crystal growing through cracked concrete, four levels of catwalk, amber work lamps and spinning red alarm gyros. night / flashback, dead air. Light: warm amber tungsten — the warmest lighting in the entire film. Effect: a shattered bastion as physical shards of light that can be picked up like glass. Audio: a shattering chime; laughter; the room has generous reverb, unlike the flats. Photoreal live-action cinema, 2.39:1 anamorphic widescreen, fine 35mm grain, naturalistic skin, practical lighting, no CGI gloss. Avoid: on-screen text, subtitles, watermarks, HUD or UI graphics, comic-book styling, capes, masks on the hero, glossy 3D-render look, extra fingers, changing hairstyles. (Continuous shot, part 2 of 2. Complete the described action and settle on the final beat. Use the final frame of part 1 as the starting reference so the move is unbroken.)"
S13-13C,13,13C,1/1,8,LOC-05 + LOC-01,"CU, eye, 85mm, handheld. 'Nobody holds a corner. You hold the anchor and let the corner argue.' He taps the boy's sternum twice. Dev in 2059 (46, tall broad South Indian man, grey beard, BOTH eyes human brown, NO crystal anywhere, brass-bronze cuirass, bronze gorget, heavy oxblood cloak, wedding band ON HIS HAND). Setting: the Anjari Salt Flats — 90km of cracked white salt, ghost-foundations of vanished buildings, a leaning melted pylon, flat white sky, absolutely no wind and nothing moving, intercut with a 60m-wide industrial containment shaft 200m deep, brass containment rings, crystal growing through cracked concrete, four levels of catwalk, amber work lamps and spinning red alarm gyros. night / flashback, dead air. Light: warm amber key. Audio: two soft taps, mixed forward — a motif that returns in Sc.30. Photoreal live-action cinema, 2.39:1 anamorphic widescreen, fine 35mm grain, naturalistic skin, practical lighting, no CGI gloss. Avoid: on-screen text, subtitles, watermarks, HUD or UI graphics, comic-book styling, capes, masks on the hero, glossy 3D-render look, extra fingers, changing hairstyles."
S13-13D,13,13D,1/1,4,LOC-05 + LOC-01,"CU, eye, 100mm, locked-off, no camera movement. BACK TO PRESENT: Arjun's eyes wet in firelight. Arjun (32, South Indian man, lean swimmer's build, deep brown skin, black mid-length hair pushed back with a grey streak at the RIGHT temple, heavy stubble, faint silver branching scars along both forearms). Setting: the Anjari Salt Flats — 90km of cracked white salt, ghost-foundations of vanished buildings, a leaning melted pylon, flat white sky, absolutely no wind and nothing moving, intercut with a 60m-wide industrial containment shaft 200m deep, brass containment rings, crystal growing through cracked concrete, four levels of catwalk, amber work lamps and spinning red alarm gyros. night / flashback, dead air. Light: firelight. Audio: the taps still ringing. Photoreal live-action cinema, 2.39:1 anamorphic widescreen, fine 35mm grain, naturalistic skin, practical lighting, no CGI gloss. Avoid: on-screen text, subtitles, watermarks, HUD or UI graphics, comic-book styling, capes, masks on the hero, glossy 3D-render look, extra fingers, changing hairstyles."
S13-13E,13,13E,1/1,1,LOC-05 + LOC-01,"FLASH insert ×4, eye, handheld, violent, 40mm, 4 single frames. FOUR FRAMES: a brass lever with a red grip / a hand / not Dev's hand / HIS hand. Setting: the Anjari Salt Flats — 90km of cracked white salt, ghost-foundations of vanished buildings, a leaning melted pylon, flat white sky, absolutely no wind and nothing moving, intercut with a 60m-wide industrial containment shaft 200m deep, brass containment rings, crystal growing through cracked concrete, four levels of catwalk, amber work lamps and spinning red alarm gyros. night / flashback, dead air. Light: blown amber-white. Effect: frame-level grain spike +40%, chromatic tearing. Audio: a stab; a swallowed scream. Photoreal live-action cinema, 2.39:1 anamorphic widescreen, fine 35mm grain, naturalistic skin, practical lighting, no CGI gloss. Avoid: on-screen text, subtitles, watermarks, HUD or UI graphics, comic-book styling, capes, masks on the hero, glossy 3D-render look, extra fingers, changing hairstyles."
S13-13F,13,13F,1/1,5,LOC-05 + LOC-01,"MS, low, 50mm, handheld. He drops the stone like it's hot; it lands in the salt still pulsing. Arjun (32, South Indian man, lean swimmer's build, deep brown skin, black mid-length hair pushed back with a grey streak at the RIGHT temple, heavy stubble, faint silver branching scars along both forearms). Setting: the Anjari Salt Flats — 90km of cracked white salt, ghost-foundations of vanished buildings, a leaning melted pylon, flat white sky, absolutely no wind and nothing moving, intercut with a 60m-wide industrial containment shaft 200m deep, brass containment rings, crystal growing through cracked concrete, four levels of catwalk, amber work lamps and spinning red alarm gyros. night / flashback, dead air. Light: firelight + amber pulse from the ground. Effect: pulse. Audio: his breathing out of control for the first time. Photoreal live-action cinema, 2.39:1 anamorphic widescreen, fine 35mm grain, naturalistic skin, practical lighting, no CGI gloss. Avoid: on-screen text, subtitles, watermarks, HUD or UI graphics, comic-book styling, capes, masks on the hero, glossy 3D-render look, extra fingers, changing hairstyles."
S13-13G-a,13,13G,1/2,5,LOC-05 + LOC-01,"insert, directly overhead, 40mm macro, locked-off, no camera movement. He writes: ASK: WHO PULLED THE RING? Then draws a BOX around it so he can't tear it out. Setting: the Anjari Salt Flats — 90km of cracked white salt, ghost-foundations of vanished buildings, a leaning melted pylon, flat white sky, absolutely no wind and nothing moving, intercut with a 60m-wide industrial containment shaft 200m deep, brass containment rings, crystal growing through cracked concrete, four levels of catwalk, amber work lamps and spinning red alarm gyros. night / flashback, dead air. Light: firelight only, flickering on wet paper. Audio: pencil; fire. Photoreal live-action cinema, 2.39:1 anamorphic widescreen, fine 35mm grain, naturalistic skin, practical lighting, no CGI gloss. Avoid: on-screen text, subtitles, watermarks, HUD or UI graphics, comic-book styling, capes, masks on the hero, glossy 3D-render look, extra fingers, changing hairstyles. (Continuous shot, part 1 of 2. Begin the described action; end the clip mid-movement, not on a settle. Use the final frame of part 0 as the starting reference so the move is unbroken.)"
S13-13G-b,13,13G,2/2,4,LOC-05 + LOC-01,"insert, directly overhead, 40mm macro, locked-off, no camera movement. He writes: ASK: WHO PULLED THE RING? Then draws a BOX around it so he can't tear it out. Setting: the Anjari Salt Flats — 90km of cracked white salt, ghost-foundations of vanished buildings, a leaning melted pylon, flat white sky, absolutely no wind and nothing moving, intercut with a 60m-wide industrial containment shaft 200m deep, brass containment rings, crystal growing through cracked concrete, four levels of catwalk, amber work lamps and spinning red alarm gyros. night / flashback, dead air. Light: firelight only, flickering on wet paper. Audio: pencil; fire. Photoreal live-action cinema, 2.39:1 anamorphic widescreen, fine 35mm grain, naturalistic skin, practical lighting, no CGI gloss. Avoid: on-screen text, subtitles, watermarks, HUD or UI graphics, comic-book styling, capes, masks on the hero, glossy 3D-render look, extra fingers, changing hairstyles. (Continuous shot, part 2 of 2. Complete the described action and settle on the final beat. Use the final frame of part 1 as the starting reference so the move is unbroken.)"
S14-14A-a,14,14A,1/2,5,LOC-06,"WS, eye, deep one-point perspective down the racks, 25mm, slow dolly forward, centred. Amber emergency lighting; hundreds of grey evidence drums on frosted racks; breath fogging; three figures entering a corridor of the dead. Riya (34, Bengali-Indian woman, athletic, storm-grey military command coat with oxblood shoulder piping, black hair). Arjun (32, South Indian man, lean swimmer's build, deep brown skin, black mid-length hair pushed back with a grey streak at the RIGHT temple, heavy stubble, faint silver branching scars along both forearms). Kira (17, mixed Nigerian-Indian girl, wiry, dark brown skin, SIX cornrows in a high knot with THREE copper clips on the left, one brass earring, grey cloth wraps on both forearms). Setting: the Bastion Spire — a brutalist grey concrete tower, low corridors, oxblood floor stripe, cyan fluorescents, rain on every window. 03:40, rain outside. Light: amber emergency only, hard pools every 8m, black between. Effect: breath fog, frost. Audio: refrigeration hum; the loudest room tone in the film. Photoreal live-action cinema, 2.39:1 anamorphic widescreen, fine 35mm grain, naturalistic skin, practical lighting, no CGI gloss. Avoid: on-screen text, subtitles, watermarks, HUD or UI graphics, comic-book styling, capes, masks on the hero, glossy 3D-render look, extra fingers, changing hairstyles. (Continuous shot, part 1 of 2. Begin the described action; end the clip mid-movement, not on a settle. Use the final frame of part 0 as the starting reference so the move is unbroken.)"
S14-14A-b,14,14A,2/2,4,LOC-06,"WS, eye, deep one-point perspective down the racks, 25mm, slow dolly forward, centred. Amber emergency lighting; hundreds of grey evidence drums on frosted racks; breath fogging; three figures entering a corridor of the dead. Riya (34, Bengali-Indian woman, athletic, storm-grey military command coat with oxblood shoulder piping, black hair). Arjun (32, South Indian man, lean swimmer's build, deep brown skin, black mid-length hair pushed back with a grey streak at the RIGHT temple, heavy stubble, faint silver branching scars along both forearms). Kira (17, mixed Nigerian-Indian girl, wiry, dark brown skin, SIX cornrows in a high knot with THREE copper clips on the left, one brass earring, grey cloth wraps on both forearms). Setting: the Bastion Spire — a brutalist grey concrete tower, low corridors, oxblood floor stripe, cyan fluorescents, rain on every window. 03:40, rain outside. Light: amber emergency only, hard pools every 8m, black between. Effect: breath fog, frost. Audio: refrigeration hum; the loudest room tone in the film. Photoreal live-action cinema, 2.39:1 anamorphic widescreen, fine 35mm grain, naturalistic skin, practical lighting, no CGI gloss. Avoid: on-screen text, subtitles, watermarks, HUD or UI graphics, comic-book styling, capes, masks on the hero, glossy 3D-render look, extra fingers, changing hairstyles. (Continuous shot, part 2 of 2. Complete the described action and settle on the final beat. Use the final frame of part 1 as the starting reference so the move is unbroken.)"
S14-14B,14,14B,1/1,7,LOC-06,"MS, eye, 50mm, steadicam follow. Riya — hair now in a SINGLE BRAID, first appearance of the braid — swipes a supervisor's card. 'Eleven minutes. Rack forty-one. Nothing with a red band; those are the Anjari remains.'. Riya (34, Bengali-Indian woman, athletic, storm-grey military command coat with oxblood shoulder piping, black hair). Setting: the Bastion Spire — a brutalist grey concrete tower, low corridors, oxblood floor stripe, cyan fluorescents, rain on every window. 03:40, rain outside. Light: amber, card reader green. Audio: card chime; her boots. Photoreal live-action cinema, 2.39:1 anamorphic widescreen, fine 35mm grain, naturalistic skin, practical lighting, no CGI gloss. Avoid: on-screen text, subtitles, watermarks, HUD or UI graphics, comic-book styling, capes, masks on the hero, glossy 3D-render look, extra fingers, changing hairstyles."
S14-14C,14,14C,1/1,8,LOC-06,"MS, eye, tracking with her, 40mm, lateral tracking. Kira in a too-big Authority coat reading drum labels with her mouth slightly open. 'There's a drum here with my mother's district on it.'. Kira (17, mixed Nigerian-Indian girl, wiry, dark brown skin, SIX cornrows in a high knot with THREE copper clips on the left, one brass earring, grey cloth wraps on both forearms). Setting: the Bastion Spire — a brutalist grey concrete tower, low corridors, oxblood floor stripe, cyan fluorescents, rain on every window. 03:40, rain outside. Light: amber pools passing across her face rhythmically. Audio: her footsteps stopping. Photoreal live-action cinema, 2.39:1 anamorphic widescreen, fine 35mm grain, naturalistic skin, practical lighting, no CGI gloss. Avoid: on-screen text, subtitles, watermarks, HUD or UI graphics, comic-book styling, capes, masks on the hero, glossy 3D-render look, extra fingers, changing hairstyles."
S14-14D,14,14D,1/1,4,LOC-06,"insert, eye, 85mm, slow push. Stencil on grey steel: INQ-0803-59 · SEALED · MINISTERIAL. Setting: the Bastion Spire — a brutalist grey concrete tower, low corridors, oxblood floor stripe, cyan fluorescents, rain on every window. 03:40, rain outside. Light: one amber pool. Audio: a low sustained note enters. Photoreal live-action cinema, 2.39:1 anamorphic widescreen, fine 35mm grain, naturalistic skin, practical lighting, no CGI gloss. Avoid: on-screen text, subtitles, watermarks, HUD or UI graphics, comic-book styling, capes, masks on the hero, glossy 3D-render look, extra fingers, changing hairstyles."
S14-14E,14,14E,1/1,7,LOC-06,"MS, high, over the drum, 40mm, locked-off, no camera movement. The drum cracked open: paper files, a Corps helmet with a shattered visor, a brass footage cartridge. Riya (34, Bengali-Indian woman, athletic, storm-grey military command coat with oxblood shoulder piping, black hair). Arjun (32, South Indian man, lean swimmer's build, deep brown skin, black mid-length hair pushed back with a grey streak at the RIGHT temple, heavy stubble, faint silver branching scars along both forearms). Setting: the Bastion Spire — a brutalist grey concrete tower, low corridors, oxblood floor stripe, cyan fluorescents, rain on every window. 03:40, rain outside. Light: amber, and cold blue from inside the drum's frost. Audio: seal breaking; frost cracking. Photoreal live-action cinema, 2.39:1 anamorphic widescreen, fine 35mm grain, naturalistic skin, practical lighting, no CGI gloss. Avoid: on-screen text, subtitles, watermarks, HUD or UI graphics, comic-book styling, capes, masks on the hero, glossy 3D-render look, extra fingers, changing hairstyles."
S14-14F,14,14F,1/1,7,LOC-06,"ECU, macro, from Arjun's POV, 100mm macro, slow rotate with the helmet. He turns the helmet. On the inside of the brow, in grease pencil, in his own handwriting: VEDH, A. — CADET. Setting: the Bastion Spire — a brutalist grey concrete tower, low corridors, oxblood floor stripe, cyan fluorescents, rain on every window. 03:40, rain outside. Light: single amber source raking the interior. Audio: everything drops out; one heartbeat. Photoreal live-action cinema, 2.39:1 anamorphic widescreen, fine 35mm grain, naturalistic skin, practical lighting, no CGI gloss. Avoid: on-screen text, subtitles, watermarks, HUD or UI graphics, comic-book styling, capes, masks on the hero, glossy 3D-render look, extra fingers, changing hairstyles."
S14-14G,14,14G,1/1,6,LOC-06,"CU, eye, 85mm, locked-off, no camera movement. 'Why is my helmet in the inquiry.' Nobody answers. Arjun (32, South Indian man, lean swimmer's build, deep brown skin, black mid-length hair pushed back with a grey streak at the RIGHT temple, heavy stubble, faint silver branching scars along both forearms). Setting: the Bastion Spire — a brutalist grey concrete tower, low corridors, oxblood floor stripe, cyan fluorescents, rain on every window. 03:40, rain outside. Light: amber, and the reflection of the shattered visor across his eyes. Audio: the refrigeration hum returning too loud. Photoreal live-action cinema, 2.39:1 anamorphic widescreen, fine 35mm grain, naturalistic skin, practical lighting, no CGI gloss. Avoid: on-screen text, subtitles, watermarks, HUD or UI graphics, comic-book styling, capes, masks on the hero, glossy 3D-render look, extra fingers, changing hairstyles."
S14-14H,14,14H,1/1,6,LOC-06,"WS, high, 32mm, locked-off, no camera movement. Overhead PA chime; the racks' amber lights begin flicking one by one to red down the length of the room. Setting: the Bastion Spire — a brutalist grey concrete tower, low corridors, oxblood floor stripe, cyan fluorescents, rain on every window. 03:40, rain outside. Light: amber → red sweeping away from camera. Effect: practical lighting cue. Audio: 'Archive Level B7 — seal integrity fault.'. Photoreal live-action cinema, 2.39:1 anamorphic widescreen, fine 35mm grain, naturalistic skin, practical lighting, no CGI gloss. Avoid: on-screen text, subtitles, watermarks, HUD or UI graphics, comic-book styling, capes, masks on the hero, glossy 3D-render look, extra fingers, changing hairstyles."
S15-15A,15,15A,1/1,8,LOC-06 + LOC-01,"MS, eye, four faces in a row, 40mm, locked-off, no camera movement. A cramped brass playback booth; four faces lit only by a small 4:3 screen inside our 2.39 frame — the aspect ratio itself is a jail. Arjun (32, South Indian man, lean swimmer's build, deep brown skin, black mid-length hair pushed back with a grey streak at the RIGHT temple, heavy stubble, faint silver branching scars along both forearms). Riya (34, Bengali-Indian woman, athletic, storm-grey military command coat with oxblood shoulder piping, black hair). Kira (17, mixed Nigerian-Indian girl, wiry, dark brown skin, SIX cornrows in a high knot with THREE copper clips on the left, one brass earring, grey cloth wraps on both forearms). Meera (61, small Bengali woman, cropped grey-white hair, glasses on a beaded chain, her LEFT arm a brass mechanical prosthetic, indigo kurta and canvas apron). Setting: the Bastion Spire — a brutalist grey concrete tower, low corridors, oxblood floor stripe, cyan fluorescents, rain on every window, intercut with a 60m-wide industrial containment shaft 200m deep, brass containment rings, crystal growing through cracked concrete, four levels of catwalk, amber work lamps and spinning red alarm gyros. 03:55 / 14:12 2059, —. Light: screen light only, flickering. Effect: screen comp. Audio: cartridge mechanism; tape hiss. Photoreal live-action cinema, 2.39:1 anamorphic widescreen, fine 35mm grain, naturalistic skin, practical lighting, no CGI gloss. Avoid: on-screen text, subtitles, watermarks, HUD or UI graphics, comic-book styling, capes, masks on the hero, glossy 3D-render look, extra fingers, changing hairstyles."
S15-15B,15,15B,1/1,6,LOC-06 + LOC-01,"REPLAY of 1D, IDENTICAL to shot 1D, 40mm, IDENTICAL. FRAME-FOR-FRAME MATCH: Dev pinned on the level-3 catwalk. Now degraded to helmet-cam quality: 4:3, 60% desaturated, scan lines, exposure pumping. Dev in 2059 (46, tall broad South Indian man, grey beard, BOTH eyes human brown, NO crystal anywhere, brass-bronze cuirass, bronze gorget, heavy oxblood cloak, wedding band ON HIS HAND). Setting: the Bastion Spire — a brutalist grey concrete tower, low corridors, oxblood floor stripe, cyan fluorescents, rain on every window, intercut with a 60m-wide industrial containment shaft 200m deep, brass containment rings, crystal growing through cracked concrete, four levels of catwalk, amber work lamps and spinning red alarm gyros. 03:55 / 14:12 2059, —. Light: identical to 1D, then processed through the helmet-cam LUT. Effect: helmet-cam degrade pass over the original Sc.1 plates — CONTINUITY CRITICAL. Audio: tinny, band-limited 300Hz-4kHz. Photoreal live-action cinema, 2.39:1 anamorphic widescreen, fine 35mm grain, naturalistic skin, practical lighting, no CGI gloss. Avoid: on-screen text, subtitles, watermarks, HUD or UI graphics, comic-book styling, capes, masks on the hero, glossy 3D-render look, extra fingers, changing hairstyles."
S15-15C,15,15C,1/1,5,LOC-06 + LOC-01,"REPLAY of 1E, IDENTICAL to 1E, 75mm, IDENTICAL. 'Cadet. Go up.' Same performance, same frame, degraded. Dev in 2059 (46, tall broad South Indian man, grey beard, BOTH eyes human brown, NO crystal anywhere, brass-bronze cuirass, bronze gorget, heavy oxblood cloak, wedding band ON HIS HAND). Setting: the Bastion Spire — a brutalist grey concrete tower, low corridors, oxblood floor stripe, cyan fluorescents, rain on every window, intercut with a 60m-wide industrial containment shaft 200m deep, brass containment rings, crystal growing through cracked concrete, four levels of catwalk, amber work lamps and spinning red alarm gyros. 03:55 / 14:12 2059, —. Light: identical. Effect: degrade pass. Audio: tinny. Photoreal live-action cinema, 2.39:1 anamorphic widescreen, fine 35mm grain, naturalistic skin, practical lighting, no CGI gloss. Avoid: on-screen text, subtitles, watermarks, HUD or UI graphics, comic-book styling, capes, masks on the hero, glossy 3D-render look, extra fingers, changing hairstyles."
S15-15D,15,15D,1/1,8,LOC-06 + LOC-01,"REPLAY of 1J → CONTINUATION, IDENTICAL, then NEW, 32mm, identical run-in, then the camera KEEPS GOING. THE CUT WE DIDN'T GET: Arjun's hand closes on the brass lever with the red grip and HAULS. The containment ring retracts. Dev is freed. For one second it works. Cadet Arjun (20, same face as Arjun but younger, CLEAN-SHAVEN, NO grey streak, short neat black hair, charcoal cadet suit with a brass half-plate on the LEFT shoulder only). Setting: the Bastion Spire — a brutalist grey concrete tower, low corridors, oxblood floor stripe, cyan fluorescents, rain on every window, intercut with a 60m-wide industrial containment shaft 200m deep, brass containment rings, crystal growing through cracked concrete, four levels of catwalk, amber work lamps and spinning red alarm gyros. 03:55 / 14:12 2059, —. Light: amber, white bloom rising. Effect: containment ring retraction; the geometry that kills 200,000 people, rendered as a piece of ordinary industrial machinery working correctly. Audio: hydraulics releasing — a satisfying, awful, mechanical success. Photoreal live-action cinema, 2.39:1 anamorphic widescreen, fine 35mm grain, naturalistic skin, practical lighting, no CGI gloss. Avoid: on-screen text, subtitles, watermarks, HUD or UI graphics, comic-book styling, capes, masks on the hero, glossy 3D-render look, extra fingers, changing hairstyles."
S15-15E,15,15E,1/1,6,LOC-06 + LOC-01,"CU, eye, on the footage, 75mm, handheld. Dev pulls himself free, looks up at the boy with pride and horror: 'Oh, Arjun. What have you done.'. Dev in 2059 (46, tall broad South Indian man, grey beard, BOTH eyes human brown, NO crystal anywhere, brass-bronze cuirass, bronze gorget, heavy oxblood cloak, wedding band ON HIS HAND). Setting: the Bastion Spire — a brutalist grey concrete tower, low corridors, oxblood floor stripe, cyan fluorescents, rain on every window, intercut with a 60m-wide industrial containment shaft 200m deep, brass containment rings, crystal growing through cracked concrete, four levels of catwalk, amber work lamps and spinning red alarm gyros. 03:55 / 14:12 2059, —. Light: white bloom now keying him. Effect: bloom interactive. Audio: his voice tiny and tinny and clear. Photoreal live-action cinema, 2.39:1 anamorphic widescreen, fine 35mm grain, naturalistic skin, practical lighting, no CGI gloss. Avoid: on-screen text, subtitles, watermarks, HUD or UI graphics, comic-book styling, capes, masks on the hero, glossy 3D-render look, extra fingers, changing hairstyles."
S15-15F,15,15F,1/1,7,LOC-06 + LOC-01,"WS, helmet POV, low, 21mm, the wearer's own stagger. The bloom comes up the shaft. Not fire. Silent, white, gentle. It takes the catwalks. It takes Dev. Setting: the Bastion Spire — a brutalist grey concrete tower, low corridors, oxblood floor stripe, cyan fluorescents, rain on every window, intercut with a 60m-wide industrial containment shaft 200m deep, brass containment rings, crystal growing through cracked concrete, four levels of catwalk, amber work lamps and spinning red alarm gyros. 03:55 / 14:12 2059, —. Light: the bloom is total; everything else is gone. Effect: the Bloom consuming a 200m shaft; matter does not burn, it goes WHITE and stops. Audio: the recording's audio CLIPS AND DIES, leaving only the 38Hz tone. Photoreal live-action cinema, 2.39:1 anamorphic widescreen, fine 35mm grain, naturalistic skin, practical lighting, no CGI gloss. Avoid: on-screen text, subtitles, watermarks, HUD or UI graphics, comic-book styling, capes, masks on the hero, glossy 3D-render look, extra fingers, changing hairstyles."
S15-15G,15,15G,1/1,5,LOC-06 + LOC-01,"ECU, reflection in the shattered visor, 100mm macro, locked-off, no camera movement. The last thing recorded: the boy's own reflection in his shattered visor, mouth open, lit white. Cadet Arjun (20, same face as Arjun but younger, CLEAN-SHAVEN, NO grey streak, short neat black hair, charcoal cadet suit with a brass half-plate on the LEFT shoulder only). Setting: the Bastion Spire — a brutalist grey concrete tower, low corridors, oxblood floor stripe, cyan fluorescents, rain on every window, intercut with a 60m-wide industrial containment shaft 200m deep, brass containment rings, crystal growing through cracked concrete, four levels of catwalk, amber work lamps and spinning red alarm gyros. 03:55 / 14:12 2059, —. Light: pure white. Effect: reflection comp in cracked glass. Audio: nothing. Photoreal live-action cinema, 2.39:1 anamorphic widescreen, fine 35mm grain, naturalistic skin, practical lighting, no CGI gloss. Avoid: on-screen text, subtitles, watermarks, HUD or UI graphics, comic-book styling, capes, masks on the hero, glossy 3D-render look, extra fingers, changing hairstyles."
S15-15H-a,15,15H,1/2,7,LOC-06 + LOC-01,"WS, eye, 40mm, locked-off, no camera movement. Back in the booth. The little screen holds white, then black. NOBODY MOVES FOR ELEVEN SECONDS. Arjun (32, South Indian man, lean swimmer's build, deep brown skin, black mid-length hair pushed back with a grey streak at the RIGHT temple, heavy stubble, faint silver branching scars along both forearms). Riya (34, Bengali-Indian woman, athletic, storm-grey military command coat with oxblood shoulder piping, black hair). Kira (17, mixed Nigerian-Indian girl, wiry, dark brown skin, SIX cornrows in a high knot with THREE copper clips on the left, one brass earring, grey cloth wraps on both forearms). Meera (61, small Bengali woman, cropped grey-white hair, glasses on a beaded chain, her LEFT arm a brass mechanical prosthetic, indigo kurta and canvas apron). Setting: the Bastion Spire — a brutalist grey concrete tower, low corridors, oxblood floor stripe, cyan fluorescents, rain on every window, intercut with a 60m-wide industrial containment shaft 200m deep, brass containment rings, crystal growing through cracked concrete, four levels of catwalk, amber work lamps and spinning red alarm gyros. 03:55 / 14:12 2059, —. Light: the white screen fading to black takes the only light out of the room with it. Audio: tape run-out flapping. Photoreal live-action cinema, 2.39:1 anamorphic widescreen, fine 35mm grain, naturalistic skin, practical lighting, no CGI gloss. Avoid: on-screen text, subtitles, watermarks, HUD or UI graphics, comic-book styling, capes, masks on the hero, glossy 3D-render look, extra fingers, changing hairstyles. (Continuous shot, part 1 of 2. Begin the described action; end the clip mid-movement, not on a settle. Use the final frame of part 0 as the starting reference so the move is unbroken.)"
S15-15H-b,15,15H,2/2,6,LOC-06 + LOC-01,"WS, eye, 40mm, locked-off, no camera movement. Back in the booth. The little screen holds white, then black. NOBODY MOVES FOR ELEVEN SECONDS. Arjun (32, South Indian man, lean swimmer's build, deep brown skin, black mid-length hair pushed back with a grey streak at the RIGHT temple, heavy stubble, faint silver branching scars along both forearms). Riya (34, Bengali-Indian woman, athletic, storm-grey military command coat with oxblood shoulder piping, black hair). Kira (17, mixed Nigerian-Indian girl, wiry, dark brown skin, SIX cornrows in a high knot with THREE copper clips on the left, one brass earring, grey cloth wraps on both forearms). Meera (61, small Bengali woman, cropped grey-white hair, glasses on a beaded chain, her LEFT arm a brass mechanical prosthetic, indigo kurta and canvas apron). Setting: the Bastion Spire — a brutalist grey concrete tower, low corridors, oxblood floor stripe, cyan fluorescents, rain on every window, intercut with a 60m-wide industrial containment shaft 200m deep, brass containment rings, crystal growing through cracked concrete, four levels of catwalk, amber work lamps and spinning red alarm gyros. 03:55 / 14:12 2059, —. Light: the white screen fading to black takes the only light out of the room with it. Audio: tape run-out flapping. Photoreal live-action cinema, 2.39:1 anamorphic widescreen, fine 35mm grain, naturalistic skin, practical lighting, no CGI gloss. Avoid: on-screen text, subtitles, watermarks, HUD or UI graphics, comic-book styling, capes, masks on the hero, glossy 3D-render look, extra fingers, changing hairstyles. (Continuous shot, part 2 of 2. Complete the described action and settle on the final beat. Use the final frame of part 1 as the starting reference so the move is unbroken.)"
S15-15I,15,15I,1/1,8,LOC-06 + LOC-01,"insert, directly overhead, 40mm macro, locked-off, no camera movement. He opens the notebook to the boxed sentence ASK: WHO PULLED THE RING? and writes beneath it, in pencil: You did.. Setting: the Bastion Spire — a brutalist grey concrete tower, low corridors, oxblood floor stripe, cyan fluorescents, rain on every window, intercut with a 60m-wide industrial containment shaft 200m deep, brass containment rings, crystal growing through cracked concrete, four levels of catwalk, amber work lamps and spinning red alarm gyros. 03:55 / 14:12 2059, —. Light: screen backwash only, very dim. Audio: pencil on wet paper. Photoreal live-action cinema, 2.39:1 anamorphic widescreen, fine 35mm grain, naturalistic skin, practical lighting, no CGI gloss. Avoid: on-screen text, subtitles, watermarks, HUD or UI graphics, comic-book styling, capes, masks on the hero, glossy 3D-render look, extra fingers, changing hairstyles."
S15-15J-a,15,15J,1/3,6,LOC-06 + LOC-01,"CU, eye, 85mm, locked-off, no camera movement. 'Two hundred thousand people, one hundred and thirty-eight Guardians, and my sister was in the Anjari market buying thread.' Perfectly level, which is worse. Arjun (32, South Indian man, lean swimmer's build, deep brown skin, black mid-length hair pushed back with a grey streak at the RIGHT temple, heavy stubble, faint silver branching scars along both forearms). Setting: the Bastion Spire — a brutalist grey concrete tower, low corridors, oxblood floor stripe, cyan fluorescents, rain on every window, intercut with a 60m-wide industrial containment shaft 200m deep, brass containment rings, crystal growing through cracked concrete, four levels of catwalk, amber work lamps and spinning red alarm gyros. 03:55 / 14:12 2059, —. Light: a single amber rack light through the booth glass. Audio: no score. None. Photoreal live-action cinema, 2.39:1 anamorphic widescreen, fine 35mm grain, naturalistic skin, practical lighting, no CGI gloss. Avoid: on-screen text, subtitles, watermarks, HUD or UI graphics, comic-book styling, capes, masks on the hero, glossy 3D-render look, extra fingers, changing hairstyles. (Continuous shot, part 1 of 3. Begin the described action; end the clip mid-movement, not on a settle. Use the final frame of part 0 as the starting reference so the move is unbroken.)"
S15-15J-b,15,15J,2/3,6,LOC-06 + LOC-01,"CU, eye, 85mm, locked-off, no camera movement. 'Two hundred thousand people, one hundred and thirty-eight Guardians, and my sister was in the Anjari market buying thread.' Perfectly level, which is worse. Arjun (32, South Indian man, lean swimmer's build, deep brown skin, black mid-length hair pushed back with a grey streak at the RIGHT temple, heavy stubble, faint silver branching scars along both forearms). Setting: the Bastion Spire — a brutalist grey concrete tower, low corridors, oxblood floor stripe, cyan fluorescents, rain on every window, intercut with a 60m-wide industrial containment shaft 200m deep, brass containment rings, crystal growing through cracked concrete, four levels of catwalk, amber work lamps and spinning red alarm gyros. 03:55 / 14:12 2059, —. Light: a single amber rack light through the booth glass. Audio: no score. None. Photoreal live-action cinema, 2.39:1 anamorphic widescreen, fine 35mm grain, naturalistic skin, practical lighting, no CGI gloss. Avoid: on-screen text, subtitles, watermarks, HUD or UI graphics, comic-book styling, capes, masks on the hero, glossy 3D-render look, extra fingers, changing hairstyles. (Continuous shot, part 2 of 3. Continue the described action already in progress; neither begin nor resolve it. Use the final frame of part 1 as the starting reference so the move is unbroken.)"
S15-15J-c,15,15J,3/3,6,LOC-06 + LOC-01,"CU, eye, 85mm, locked-off, no camera movement. 'Two hundred thousand people, one hundred and thirty-eight Guardians, and my sister was in the Anjari market buying thread.' Perfectly level, which is worse. Arjun (32, South Indian man, lean swimmer's build, deep brown skin, black mid-length hair pushed back with a grey streak at the RIGHT temple, heavy stubble, faint silver branching scars along both forearms). Setting: the Bastion Spire — a brutalist grey concrete tower, low corridors, oxblood floor stripe, cyan fluorescents, rain on every window, intercut with a 60m-wide industrial containment shaft 200m deep, brass containment rings, crystal growing through cracked concrete, four levels of catwalk, amber work lamps and spinning red alarm gyros. 03:55 / 14:12 2059, —. Light: a single amber rack light through the booth glass. Audio: no score. None. Photoreal live-action cinema, 2.39:1 anamorphic widescreen, fine 35mm grain, naturalistic skin, practical lighting, no CGI gloss. Avoid: on-screen text, subtitles, watermarks, HUD or UI graphics, comic-book styling, capes, masks on the hero, glossy 3D-render look, extra fingers, changing hairstyles. (Continuous shot, part 3 of 3. Complete the described action and settle on the final beat. Use the final frame of part 2 as the starting reference so the move is unbroken.)"
S15-15K,15,15K,1/1,5,LOC-06 + LOC-01,"FLASHBACK WS, eye, locked, no sound, 50mm, locked-off, no camera movement. ANJARI MARKET, 14:12, 2059 — four seconds, silent: a girl of fifteen, long plait, school satchel, choosing thread at a stall. She looks up at a white light with mild curiosity. Ila (15, slight South Indian girl, long plait, school satchel). Setting: the Bastion Spire — a brutalist grey concrete tower, low corridors, oxblood floor stripe, cyan fluorescents, rain on every window, intercut with a 60m-wide industrial containment shaft 200m deep, brass containment rings, crystal growing through cracked concrete, four levels of catwalk, amber work lamps and spinning red alarm gyros. 03:55 / 14:12 2059, —. Light: warm real afternoon sun — colour floods in for four seconds. Effect: period set extension; the bloom's first white edge. Audio: ABSOLUTE SILENCE. Photoreal live-action cinema, 2.39:1 anamorphic widescreen, fine 35mm grain, naturalistic skin, practical lighting, no CGI gloss. Avoid: on-screen text, subtitles, watermarks, HUD or UI graphics, comic-book styling, capes, masks on the hero, glossy 3D-render look, extra fingers, changing hairstyles."
S15-15L-a,15,15L,1/2,6,LOC-06 + LOC-01,"MS, eye, 50mm, locked-off, no camera movement. He puts the helmet back in the drum, closes it, and squares it on the rack — neat, like a man tidying his own grave. 'Don't learn anything from this.'. Arjun (32, South Indian man, lean swimmer's build, deep brown skin, black mid-length hair pushed back with a grey streak at the RIGHT temple, heavy stubble, faint silver branching scars along both forearms). Setting: the Bastion Spire — a brutalist grey concrete tower, low corridors, oxblood floor stripe, cyan fluorescents, rain on every window, intercut with a 60m-wide industrial containment shaft 200m deep, brass containment rings, crystal growing through cracked concrete, four levels of catwalk, amber work lamps and spinning red alarm gyros. 03:55 / 14:12 2059, —. Light: amber going red as the alarm state changes. Audio: Ose on the PA, calm. Photoreal live-action cinema, 2.39:1 anamorphic widescreen, fine 35mm grain, naturalistic skin, practical lighting, no CGI gloss. Avoid: on-screen text, subtitles, watermarks, HUD or UI graphics, comic-book styling, capes, masks on the hero, glossy 3D-render look, extra fingers, changing hairstyles. (Continuous shot, part 1 of 2. Begin the described action; end the clip mid-movement, not on a settle. Use the final frame of part 0 as the starting reference so the move is unbroken.)"
S15-15L-b,15,15L,2/2,5,LOC-06 + LOC-01,"MS, eye, 50mm, locked-off, no camera movement. He puts the helmet back in the drum, closes it, and squares it on the rack — neat, like a man tidying his own grave. 'Don't learn anything from this.'. Arjun (32, South Indian man, lean swimmer's build, deep brown skin, black mid-length hair pushed back with a grey streak at the RIGHT temple, heavy stubble, faint silver branching scars along both forearms). Setting: the Bastion Spire — a brutalist grey concrete tower, low corridors, oxblood floor stripe, cyan fluorescents, rain on every window, intercut with a 60m-wide industrial containment shaft 200m deep, brass containment rings, crystal growing through cracked concrete, four levels of catwalk, amber work lamps and spinning red alarm gyros. 03:55 / 14:12 2059, —. Light: amber going red as the alarm state changes. Audio: Ose on the PA, calm. Photoreal live-action cinema, 2.39:1 anamorphic widescreen, fine 35mm grain, naturalistic skin, practical lighting, no CGI gloss. Avoid: on-screen text, subtitles, watermarks, HUD or UI graphics, comic-book styling, capes, masks on the hero, glossy 3D-render look, extra fingers, changing hairstyles. (Continuous shot, part 2 of 2. Complete the described action and settle on the final beat. Use the final frame of part 1 as the starting reference so the move is unbroken.)"
S16-16A,16,16A,1/1,6,LOC-06,"MS, eye, 40mm, handheld. Riya puts her Nullpin sidearm on the floor and slides it away — she will not shoot her own people. Then walks toward the corridor. Riya (34, Bengali-Indian woman, athletic, storm-grey military command coat with oxblood shoulder piping, black hair). Setting: the Bastion Spire — a brutalist grey concrete tower, low corridors, oxblood floor stripe, cyan fluorescents, rain on every window. 04:10, —. Light: red alarm strobe. Audio: the sidearm skidding on concrete. Photoreal live-action cinema, 2.39:1 anamorphic widescreen, fine 35mm grain, naturalistic skin, practical lighting, no CGI gloss. Avoid: on-screen text, subtitles, watermarks, HUD or UI graphics, comic-book styling, capes, masks on the hero, glossy 3D-render look, extra fingers, changing hairstyles."
S16-16B,16,16B,1/1,7,LOC-06,"WS, extreme high, straight down the stairwell shaft, 21mm, slow rotate. Vertigo shot down eleven flights of service stair; three figures spiralling down; red strobe on every landing. Arjun (32, South Indian man, lean swimmer's build, deep brown skin, black mid-length hair pushed back with a grey streak at the RIGHT temple, heavy stubble, faint silver branching scars along both forearms). Kira (17, mixed Nigerian-Indian girl, wiry, dark brown skin, SIX cornrows in a high knot with THREE copper clips on the left, one brass earring, grey cloth wraps on both forearms). Meera (61, small Bengali woman, cropped grey-white hair, glasses on a beaded chain, her LEFT arm a brass mechanical prosthetic, indigo kurta and canvas apron). Setting: the Bastion Spire — a brutalist grey concrete tower, low corridors, oxblood floor stripe, cyan fluorescents, rain on every window. 04:10, —. Light: red strobe at 1Hz, hard. Effect: CG stairwell extension. Audio: boots, klaxon, Meera's breathing failing. Photoreal live-action cinema, 2.39:1 anamorphic widescreen, fine 35mm grain, naturalistic skin, practical lighting, no CGI gloss. Avoid: on-screen text, subtitles, watermarks, HUD or UI graphics, comic-book styling, capes, masks on the hero, glossy 3D-render look, extra fingers, changing hairstyles."
S16-16C,16,16C,1/1,5,LOC-06,"MS, eye, handheld, 32mm, handheld, jostling. On a half-landing Meera grabs Arjun's wrist with the BRASS HAND and stops him dead. Meera (61, small Bengali woman, cropped grey-white hair, glasses on a beaded chain, her LEFT arm a brass mechanical prosthetic, indigo kurta and canvas apron). Arjun (32, South Indian man, lean swimmer's build, deep brown skin, black mid-length hair pushed back with a grey streak at the RIGHT temple, heavy stubble, faint silver branching scars along both forearms). Setting: the Bastion Spire — a brutalist grey concrete tower, low corridors, oxblood floor stripe, cyan fluorescents, rain on every window. 04:10, —. Light: red strobe. Effect: prosthetic. Audio: the grab; both of them stopping. Photoreal live-action cinema, 2.39:1 anamorphic widescreen, fine 35mm grain, naturalistic skin, practical lighting, no CGI gloss. Avoid: on-screen text, subtitles, watermarks, HUD or UI graphics, comic-book styling, capes, masks on the hero, glossy 3D-render look, extra fingers, changing hairstyles."
S16-16D,16,16D,1/1,8,LOC-06,"insert, eye, 85mm, handheld. The warped, half-burnt 2058 Corps class photograph — she has been carrying it since the fire. Her finger on the fourth figure: AMARA OKONKWO. Setting: the Bastion Spire — a brutalist grey concrete tower, low corridors, oxblood floor stripe, cyan fluorescents, rain on every window. 04:10, —. Light: red strobe making the photo readable only every other second. Effect: period photo prop. Audio: her voice under it. Photoreal live-action cinema, 2.39:1 anamorphic widescreen, fine 35mm grain, naturalistic skin, practical lighting, no CGI gloss. Avoid: on-screen text, subtitles, watermarks, HUD or UI graphics, comic-book styling, capes, masks on the hero, glossy 3D-render look, extra fingers, changing hairstyles."
S16-16E,16,16E,1/1,6,LOC-06,"CU, eye, 100mm, locked-off, no camera movement. Three steps above. The surname lands on her like a dropped weight. '...Say that name again.'. Kira (17, mixed Nigerian-Indian girl, wiry, dark brown skin, SIX cornrows in a high knot with THREE copper clips on the left, one brass earring, grey cloth wraps on both forearms). Setting: the Bastion Spire — a brutalist grey concrete tower, low corridors, oxblood floor stripe, cyan fluorescents, rain on every window. 04:10, —. Light: red strobe on half her face. Audio: the klaxon suddenly seems far away. Photoreal live-action cinema, 2.39:1 anamorphic widescreen, fine 35mm grain, naturalistic skin, practical lighting, no CGI gloss. Avoid: on-screen text, subtitles, watermarks, HUD or UI graphics, comic-book styling, capes, masks on the hero, glossy 3D-render look, extra fingers, changing hairstyles."
S16-16F-a,16,16F,1/3,6,LOC-06,"CU, eye, 85mm, very slow push. THE CONFESSION: 'I pulled you out of the Anjari salt when you were five. She was still warm and you would not let go of her collar, and I broke two of your fingers getting you out, and I am sorry, and I would do it again.'. Meera (61, small Bengali woman, cropped grey-white hair, glasses on a beaded chain, her LEFT arm a brass mechanical prosthetic, indigo kurta and canvas apron). Setting: the Bastion Spire — a brutalist grey concrete tower, low corridors, oxblood floor stripe, cyan fluorescents, rain on every window. 04:10, —. Light: red strobe — and for the four seconds of the confession's core, the strobe HOLDS ON, unbroken. Audio: score: a single sustained string cluster. Photoreal live-action cinema, 2.39:1 anamorphic widescreen, fine 35mm grain, naturalistic skin, practical lighting, no CGI gloss. Avoid: on-screen text, subtitles, watermarks, HUD or UI graphics, comic-book styling, capes, masks on the hero, glossy 3D-render look, extra fingers, changing hairstyles. (Continuous shot, part 1 of 3. Begin the described action; end the clip mid-movement, not on a settle. Use the final frame of part 0 as the starting reference so the move is unbroken.)"
S16-16F-b,16,16F,2/3,6,LOC-06,"CU, eye, 85mm, very slow push. THE CONFESSION: 'I pulled you out of the Anjari salt when you were five. She was still warm and you would not let go of her collar, and I broke two of your fingers getting you out, and I am sorry, and I would do it again.'. Meera (61, small Bengali woman, cropped grey-white hair, glasses on a beaded chain, her LEFT arm a brass mechanical prosthetic, indigo kurta and canvas apron). Setting: the Bastion Spire — a brutalist grey concrete tower, low corridors, oxblood floor stripe, cyan fluorescents, rain on every window. 04:10, —. Light: red strobe — and for the four seconds of the confession's core, the strobe HOLDS ON, unbroken. Audio: score: a single sustained string cluster. Photoreal live-action cinema, 2.39:1 anamorphic widescreen, fine 35mm grain, naturalistic skin, practical lighting, no CGI gloss. Avoid: on-screen text, subtitles, watermarks, HUD or UI graphics, comic-book styling, capes, masks on the hero, glossy 3D-render look, extra fingers, changing hairstyles. (Continuous shot, part 2 of 3. Continue the described action already in progress; neither begin nor resolve it. Use the final frame of part 1 as the starting reference so the move is unbroken.)"
S16-16F-c,16,16F,3/3,6,LOC-06,"CU, eye, 85mm, very slow push. THE CONFESSION: 'I pulled you out of the Anjari salt when you were five. She was still warm and you would not let go of her collar, and I broke two of your fingers getting you out, and I am sorry, and I would do it again.'. Meera (61, small Bengali woman, cropped grey-white hair, glasses on a beaded chain, her LEFT arm a brass mechanical prosthetic, indigo kurta and canvas apron). Setting: the Bastion Spire — a brutalist grey concrete tower, low corridors, oxblood floor stripe, cyan fluorescents, rain on every window. 04:10, —. Light: red strobe — and for the four seconds of the confession's core, the strobe HOLDS ON, unbroken. Audio: score: a single sustained string cluster. Photoreal live-action cinema, 2.39:1 anamorphic widescreen, fine 35mm grain, naturalistic skin, practical lighting, no CGI gloss. Avoid: on-screen text, subtitles, watermarks, HUD or UI graphics, comic-book styling, capes, masks on the hero, glossy 3D-render look, extra fingers, changing hairstyles. (Continuous shot, part 3 of 3. Complete the described action and settle on the final beat. Use the final frame of part 2 as the starting reference so the move is unbroken.)"
S16-16G-a,16,16G,1/2,5,LOC-06,"MS 2-shot, eye, 50mm, handheld. 'My father was a fisherman and he is DEAD—' / 'Your father is on the north coast, child, and he is building something with your name on the plans.'. Kira (17, mixed Nigerian-Indian girl, wiry, dark brown skin, SIX cornrows in a high knot with THREE copper clips on the left, one brass earring, grey cloth wraps on both forearms). Meera (61, small Bengali woman, cropped grey-white hair, glasses on a beaded chain, her LEFT arm a brass mechanical prosthetic, indigo kurta and canvas apron). Setting: the Bastion Spire — a brutalist grey concrete tower, low corridors, oxblood floor stripe, cyan fluorescents, rain on every window. 04:10, —. Light: red strobe. Audio: boots above them; two seconds where nobody moves. Photoreal live-action cinema, 2.39:1 anamorphic widescreen, fine 35mm grain, naturalistic skin, practical lighting, no CGI gloss. Avoid: on-screen text, subtitles, watermarks, HUD or UI graphics, comic-book styling, capes, masks on the hero, glossy 3D-render look, extra fingers, changing hairstyles. (Continuous shot, part 1 of 2. Begin the described action; end the clip mid-movement, not on a settle. Use the final frame of part 0 as the starting reference so the move is unbroken.)"
S16-16G-b,16,16G,2/2,5,LOC-06,"MS 2-shot, eye, 50mm, handheld. 'My father was a fisherman and he is DEAD—' / 'Your father is on the north coast, child, and he is building something with your name on the plans.'. Kira (17, mixed Nigerian-Indian girl, wiry, dark brown skin, SIX cornrows in a high knot with THREE copper clips on the left, one brass earring, grey cloth wraps on both forearms). Meera (61, small Bengali woman, cropped grey-white hair, glasses on a beaded chain, her LEFT arm a brass mechanical prosthetic, indigo kurta and canvas apron). Setting: the Bastion Spire — a brutalist grey concrete tower, low corridors, oxblood floor stripe, cyan fluorescents, rain on every window. 04:10, —. Light: red strobe. Audio: boots above them; two seconds where nobody moves. Photoreal live-action cinema, 2.39:1 anamorphic widescreen, fine 35mm grain, naturalistic skin, practical lighting, no CGI gloss. Avoid: on-screen text, subtitles, watermarks, HUD or UI graphics, comic-book styling, capes, masks on the hero, glossy 3D-render look, extra fingers, changing hairstyles. (Continuous shot, part 2 of 2. Complete the described action and settle on the final beat. Use the final frame of part 1 as the starting reference so the move is unbroken.)"
S16-16H,16,16H,1/1,6,LOC-06,"WS, low, from the bottom of the flight, 32mm, locked-off, no camera movement. Kira turns and runs down alone. Arjun follows. The team is now three people who can't look at each other. Kira (17, mixed Nigerian-Indian girl, wiry, dark brown skin, SIX cornrows in a high knot with THREE copper clips on the left, one brass earring, grey cloth wraps on both forearms). Arjun (32, South Indian man, lean swimmer's build, deep brown skin, black mid-length hair pushed back with a grey streak at the RIGHT temple, heavy stubble, faint silver branching scars along both forearms). Setting: the Bastion Spire — a brutalist grey concrete tower, low corridors, oxblood floor stripe, cyan fluorescents, rain on every window. 04:10, —. Light: red strobe receding down the shaft. Audio: footfalls diverging. Photoreal live-action cinema, 2.39:1 anamorphic widescreen, fine 35mm grain, naturalistic skin, practical lighting, no CGI gloss. Avoid: on-screen text, subtitles, watermarks, HUD or UI graphics, comic-book styling, capes, masks on the hero, glossy 3D-render look, extra fingers, changing hairstyles."
S17-17A-a,17,17A,1/2,6,Concord mind-space (LOC-05 restored),"EWS, eye, dead centre, perfectly symmetrical, 40mm, locked-off, no camera movement. SUNLIGHT. The Anjari coast as it was: market square, bicycles, mango sellers, laundry lines, a school wall painted with fish, gulls, a blue sea. Colour floods the film for the first time since Sc.1. Setting: Concord mind-space (LOC-05 restored). eternal noon, sunlight, sea wind. Light: real, hard, hot 2pm tropical sunlight — the only natural sunlight in Acts I-II. Effect: full CG period environment build; crowd; gulls; sea. Audio: a market, gulls, wind, children — and it is UNBEARABLY beautiful. Photoreal live-action cinema, 2.39:1 anamorphic widescreen, fine 35mm grain, naturalistic skin, practical lighting, no CGI gloss. Avoid: on-screen text, subtitles, watermarks, HUD or UI graphics, comic-book styling, capes, masks on the hero, glossy 3D-render look, extra fingers, changing hairstyles. (Continuous shot, part 1 of 2. Begin the described action; end the clip mid-movement, not on a settle. Use the final frame of part 0 as the starting reference so the move is unbroken.)"
S17-17A-b,17,17A,2/2,5,Concord mind-space (LOC-05 restored),"EWS, eye, dead centre, perfectly symmetrical, 40mm, locked-off, no camera movement. SUNLIGHT. The Anjari coast as it was: market square, bicycles, mango sellers, laundry lines, a school wall painted with fish, gulls, a blue sea. Colour floods the film for the first time since Sc.1. Setting: Concord mind-space (LOC-05 restored). eternal noon, sunlight, sea wind. Light: real, hard, hot 2pm tropical sunlight — the only natural sunlight in Acts I-II. Effect: full CG period environment build; crowd; gulls; sea. Audio: a market, gulls, wind, children — and it is UNBEARABLY beautiful. Photoreal live-action cinema, 2.39:1 anamorphic widescreen, fine 35mm grain, naturalistic skin, practical lighting, no CGI gloss. Avoid: on-screen text, subtitles, watermarks, HUD or UI graphics, comic-book styling, capes, masks on the hero, glossy 3D-render look, extra fingers, changing hairstyles. (Continuous shot, part 2 of 2. Complete the described action and settle on the final beat. Use the final frame of part 1 as the starting reference so the move is unbroken.)"
S17-17B-a,17,17B,1/2,5,Concord mind-space (LOC-05 restored),"MS, eye, centred, 40mm, locked-off, no camera movement. Dev sits on a low wall, barefoot, charcoal coat, broken gorget, wedding band on a chain, peeling an orange. CRYSTALLISATION STAGE 2: left jaw and neck translucent with slow light beneath. Dev (58, South Indian man, tall and broad, grey beard, iron-grey hair swept back, LEFT eye brown and RIGHT eye crystalline white-blue, translucent crystal spreading from his left jaw down his neck, long plain charcoal coat, cracked bronze gorget, wedding band on a chain, barefoot). Setting: Concord mind-space (LOC-05 restored). eternal noon, sunlight, sea wind. Light: hard sun from camera-left, deep warm bounce off the whitewashed wall. Effect: crystallisation: translucent crystalline tissue with sub-surface scattering and slow internal light drift, growing out of the collar line. Audio: orange peel; gulls. Photoreal live-action cinema, 2.39:1 anamorphic widescreen, fine 35mm grain, naturalistic skin, practical lighting, no CGI gloss. Avoid: on-screen text, subtitles, watermarks, HUD or UI graphics, comic-book styling, capes, masks on the hero, glossy 3D-render look, extra fingers, changing hairstyles. (Continuous shot, part 1 of 2. Begin the described action; end the clip mid-movement, not on a settle. Use the final frame of part 0 as the starting reference so the move is unbroken.)"
S17-17B-b,17,17B,2/2,4,Concord mind-space (LOC-05 restored),"MS, eye, centred, 40mm, locked-off, no camera movement. Dev sits on a low wall, barefoot, charcoal coat, broken gorget, wedding band on a chain, peeling an orange. CRYSTALLISATION STAGE 2: left jaw and neck translucent with slow light beneath. Dev (58, South Indian man, tall and broad, grey beard, iron-grey hair swept back, LEFT eye brown and RIGHT eye crystalline white-blue, translucent crystal spreading from his left jaw down his neck, long plain charcoal coat, cracked bronze gorget, wedding band on a chain, barefoot). Setting: Concord mind-space (LOC-05 restored). eternal noon, sunlight, sea wind. Light: hard sun from camera-left, deep warm bounce off the whitewashed wall. Effect: crystallisation: translucent crystalline tissue with sub-surface scattering and slow internal light drift, growing out of the collar line. Audio: orange peel; gulls. Photoreal live-action cinema, 2.39:1 anamorphic widescreen, fine 35mm grain, naturalistic skin, practical lighting, no CGI gloss. Avoid: on-screen text, subtitles, watermarks, HUD or UI graphics, comic-book styling, capes, masks on the hero, glossy 3D-render look, extra fingers, changing hairstyles. (Continuous shot, part 2 of 2. Complete the described action and settle on the final beat. Use the final frame of part 1 as the starting reference so the move is unbroken.)"
S17-17C,17,17C,1/1,6,Concord mind-space (LOC-05 restored),"MS, eye, centred, matching reverse, 40mm, locked-off, no camera movement. Arjun standing, wet from the rain of the real world — the only wet thing in a dry sunlit frame. Arjun (32, South Indian man, lean swimmer's build, deep brown skin, black mid-length hair pushed back with a grey streak at the RIGHT temple, heavy stubble, faint silver branching scars along both forearms). Setting: Concord mind-space (LOC-05 restored). eternal noon, sunlight, sea wind. Light: hard sun; his wetness steams faintly. Effect: steam element. Audio: his breathing, out of place. Photoreal live-action cinema, 2.39:1 anamorphic widescreen, fine 35mm grain, naturalistic skin, practical lighting, no CGI gloss. Avoid: on-screen text, subtitles, watermarks, HUD or UI graphics, comic-book styling, capes, masks on the hero, glossy 3D-render look, extra fingers, changing hairstyles."
S17-17D-a,17,17D,1/2,7,Concord mind-space (LOC-05 restored),"CU, eye, 75mm, locked-off, no camera movement. 'I experienced two hundred thousand deaths. On a loop. From the inside. For what I estimate was forty-one years of subjective time.' Delivered mildly, while eating fruit. Dev (58, South Indian man, tall and broad, grey beard, iron-grey hair swept back, LEFT eye brown and RIGHT eye crystalline white-blue, translucent crystal spreading from his left jaw down his neck, long plain charcoal coat, cracked bronze gorget, wedding band on a chain, barefoot). Setting: Concord mind-space (LOC-05 restored). eternal noon, sunlight, sea wind. Light: hard sun, deep shadow on the crystalline side. Effect: crystallisation. Audio: no score whatsoever. Photoreal live-action cinema, 2.39:1 anamorphic widescreen, fine 35mm grain, naturalistic skin, practical lighting, no CGI gloss. Avoid: on-screen text, subtitles, watermarks, HUD or UI graphics, comic-book styling, capes, masks on the hero, glossy 3D-render look, extra fingers, changing hairstyles. (Continuous shot, part 1 of 2. Begin the described action; end the clip mid-movement, not on a settle. Use the final frame of part 0 as the starting reference so the move is unbroken.)"
S17-17D-b,17,17D,2/2,7,Concord mind-space (LOC-05 restored),"CU, eye, 75mm, locked-off, no camera movement. 'I experienced two hundred thousand deaths. On a loop. From the inside. For what I estimate was forty-one years of subjective time.' Delivered mildly, while eating fruit. Dev (58, South Indian man, tall and broad, grey beard, iron-grey hair swept back, LEFT eye brown and RIGHT eye crystalline white-blue, translucent crystal spreading from his left jaw down his neck, long plain charcoal coat, cracked bronze gorget, wedding band on a chain, barefoot). Setting: Concord mind-space (LOC-05 restored). eternal noon, sunlight, sea wind. Light: hard sun, deep shadow on the crystalline side. Effect: crystallisation. Audio: no score whatsoever. Photoreal live-action cinema, 2.39:1 anamorphic widescreen, fine 35mm grain, naturalistic skin, practical lighting, no CGI gloss. Avoid: on-screen text, subtitles, watermarks, HUD or UI graphics, comic-book styling, capes, masks on the hero, glossy 3D-render look, extra fingers, changing hairstyles. (Continuous shot, part 2 of 2. Complete the described action and settle on the final beat. Use the final frame of part 1 as the starting reference so the move is unbroken.)"
S17-17E,17,17E,1/1,8,Concord mind-space (LOC-05 restored),"WS, eye, centred, 32mm, locked-off, no camera movement. He gestures — and every person in the market square TURNS TO FACE CAMERA at the same instant. Two hundred faces. Perfectly calm. Perfectly still. Dev (58, South Indian man, tall and broad, grey beard, iron-grey hair swept back, LEFT eye brown and RIGHT eye crystalline white-blue, translucent crystal spreading from his left jaw down his neck, long plain charcoal coat, cracked bronze gorget, wedding band on a chain, barefoot). Setting: Concord mind-space (LOC-05 restored). eternal noon, sunlight, sea wind. Light: unchanged, which makes it worse. Effect: 200 crowd actors turning on one frame, then absolute stillness including hair and cloth; only the gulls keep moving. Audio: the market noise CUTS OUT on the turn, leaving only gulls and wind. Photoreal live-action cinema, 2.39:1 anamorphic widescreen, fine 35mm grain, naturalistic skin, practical lighting, no CGI gloss. Avoid: on-screen text, subtitles, watermarks, HUD or UI graphics, comic-book styling, capes, masks on the hero, glossy 3D-render look, extra fingers, changing hairstyles."
S17-17F-a,17,17F,1/3,7,Concord mind-space (LOC-05 restored),"MS 2-shot, eye, centred, 40mm, locked-off, no camera movement. The Concord explained. 'Eight million in the first pass. I sever one function. Not memory — just the grief channel.'. Arjun (32, South Indian man, lean swimmer's build, deep brown skin, black mid-length hair pushed back with a grey streak at the RIGHT temple, heavy stubble, faint silver branching scars along both forearms). Dev (58, South Indian man, tall and broad, grey beard, iron-grey hair swept back, LEFT eye brown and RIGHT eye crystalline white-blue, translucent crystal spreading from his left jaw down his neck, long plain charcoal coat, cracked bronze gorget, wedding band on a chain, barefoot). Setting: Concord mind-space (LOC-05 restored). eternal noon, sunlight, sea wind. Light: hard sun. Effect: crystallisation. Audio: gulls. Photoreal live-action cinema, 2.39:1 anamorphic widescreen, fine 35mm grain, naturalistic skin, practical lighting, no CGI gloss. Avoid: on-screen text, subtitles, watermarks, HUD or UI graphics, comic-book styling, capes, masks on the hero, glossy 3D-render look, extra fingers, changing hairstyles. (Continuous shot, part 1 of 3. Begin the described action; end the clip mid-movement, not on a settle. Use the final frame of part 0 as the starting reference so the move is unbroken.)"
S17-17F-b,17,17F,2/3,7,Concord mind-space (LOC-05 restored),"MS 2-shot, eye, centred, 40mm, locked-off, no camera movement. The Concord explained. 'Eight million in the first pass. I sever one function. Not memory — just the grief channel.'. Arjun (32, South Indian man, lean swimmer's build, deep brown skin, black mid-length hair pushed back with a grey streak at the RIGHT temple, heavy stubble, faint silver branching scars along both forearms). Dev (58, South Indian man, tall and broad, grey beard, iron-grey hair swept back, LEFT eye brown and RIGHT eye crystalline white-blue, translucent crystal spreading from his left jaw down his neck, long plain charcoal coat, cracked bronze gorget, wedding band on a chain, barefoot). Setting: Concord mind-space (LOC-05 restored). eternal noon, sunlight, sea wind. Light: hard sun. Effect: crystallisation. Audio: gulls. Photoreal live-action cinema, 2.39:1 anamorphic widescreen, fine 35mm grain, naturalistic skin, practical lighting, no CGI gloss. Avoid: on-screen text, subtitles, watermarks, HUD or UI graphics, comic-book styling, capes, masks on the hero, glossy 3D-render look, extra fingers, changing hairstyles. (Continuous shot, part 2 of 3. Continue the described action already in progress; neither begin nor resolve it. Use the final frame of part 1 as the starting reference so the move is unbroken.)"
S17-17F-c,17,17F,3/3,6,Concord mind-space (LOC-05 restored),"MS 2-shot, eye, centred, 40mm, locked-off, no camera movement. The Concord explained. 'Eight million in the first pass. I sever one function. Not memory — just the grief channel.'. Arjun (32, South Indian man, lean swimmer's build, deep brown skin, black mid-length hair pushed back with a grey streak at the RIGHT temple, heavy stubble, faint silver branching scars along both forearms). Dev (58, South Indian man, tall and broad, grey beard, iron-grey hair swept back, LEFT eye brown and RIGHT eye crystalline white-blue, translucent crystal spreading from his left jaw down his neck, long plain charcoal coat, cracked bronze gorget, wedding band on a chain, barefoot). Setting: Concord mind-space (LOC-05 restored). eternal noon, sunlight, sea wind. Light: hard sun. Effect: crystallisation. Audio: gulls. Photoreal live-action cinema, 2.39:1 anamorphic widescreen, fine 35mm grain, naturalistic skin, practical lighting, no CGI gloss. Avoid: on-screen text, subtitles, watermarks, HUD or UI graphics, comic-book styling, capes, masks on the hero, glossy 3D-render look, extra fingers, changing hairstyles. (Continuous shot, part 3 of 3. Complete the described action and settle on the final beat. Use the final frame of part 2 as the starting reference so the move is unbroken.)"
S17-17G,17,17G,1/1,8,Concord mind-space (LOC-05 restored),"CU, eye, 85mm, locked-off, no camera movement. 'You want to turn eight million people into the Anjari flats. Quiet. Clean. Nothing coming back.'. Arjun (32, South Indian man, lean swimmer's build, deep brown skin, black mid-length hair pushed back with a grey streak at the RIGHT temple, heavy stubble, faint silver branching scars along both forearms). Setting: Concord mind-space (LOC-05 restored). eternal noon, sunlight, sea wind. Light: hard sun. Audio: a two-second hole in the ambience. Photoreal live-action cinema, 2.39:1 anamorphic widescreen, fine 35mm grain, naturalistic skin, practical lighting, no CGI gloss. Avoid: on-screen text, subtitles, watermarks, HUD or UI graphics, comic-book styling, capes, masks on the hero, glossy 3D-render look, extra fingers, changing hairstyles."
S17-17H-a,17,17H,1/2,8,Concord mind-space (LOC-05 restored),"CU, eye, 85mm, locked-off, no camera movement. THE MASK SLIPS ONE MILLIMETRE: 'I don't remember Amara's face. I took mine out first. I know I loved her. I have the fact. The rest is a hole shaped like a woman.' Then, looking at the orange: 'It doesn't hurt at all. It's marvellous.'. Dev (58, South Indian man, tall and broad, grey beard, iron-grey hair swept back, LEFT eye brown and RIGHT eye crystalline white-blue, translucent crystal spreading from his left jaw down his neck, long plain charcoal coat, cracked bronze gorget, wedding band on a chain, barefoot). Setting: Concord mind-space (LOC-05 restored). eternal noon, sunlight, sea wind. Light: hard sun; a gull shadow crosses his face once. Effect: crystallisation. Audio: nothing but wind. Photoreal live-action cinema, 2.39:1 anamorphic widescreen, fine 35mm grain, naturalistic skin, practical lighting, no CGI gloss. Avoid: on-screen text, subtitles, watermarks, HUD or UI graphics, comic-book styling, capes, masks on the hero, glossy 3D-render look, extra fingers, changing hairstyles. (Continuous shot, part 1 of 2. Begin the described action; end the clip mid-movement, not on a settle. Use the final frame of part 0 as the starting reference so the move is unbroken.)"
S17-17H-b,17,17H,2/2,8,Concord mind-space (LOC-05 restored),"CU, eye, 85mm, locked-off, no camera movement. THE MASK SLIPS ONE MILLIMETRE: 'I don't remember Amara's face. I took mine out first. I know I loved her. I have the fact. The rest is a hole shaped like a woman.' Then, looking at the orange: 'It doesn't hurt at all. It's marvellous.'. Dev (58, South Indian man, tall and broad, grey beard, iron-grey hair swept back, LEFT eye brown and RIGHT eye crystalline white-blue, translucent crystal spreading from his left jaw down his neck, long plain charcoal coat, cracked bronze gorget, wedding band on a chain, barefoot). Setting: Concord mind-space (LOC-05 restored). eternal noon, sunlight, sea wind. Light: hard sun; a gull shadow crosses his face once. Effect: crystallisation. Audio: nothing but wind. Photoreal live-action cinema, 2.39:1 anamorphic widescreen, fine 35mm grain, naturalistic skin, practical lighting, no CGI gloss. Avoid: on-screen text, subtitles, watermarks, HUD or UI graphics, comic-book styling, capes, masks on the hero, glossy 3D-render look, extra fingers, changing hairstyles. (Continuous shot, part 2 of 2. Complete the described action and settle on the final beat. Use the final frame of part 1 as the starting reference so the move is unbroken.)"
S17-17I-a,17,17I,1/2,6,Concord mind-space (LOC-05 restored),"MS, eye, centred, 40mm, locked-off, no camera movement. 'Then I'll take her, and afterwards she won't mind, and neither will you.' He sits back down. 'Give it two minutes. The market gets busy. It's the best part.'. Dev (58, South Indian man, tall and broad, grey beard, iron-grey hair swept back, LEFT eye brown and RIGHT eye crystalline white-blue, translucent crystal spreading from his left jaw down his neck, long plain charcoal coat, cracked bronze gorget, wedding band on a chain, barefoot). Setting: Concord mind-space (LOC-05 restored). eternal noon, sunlight, sea wind. Light: hard sun. Effect: crystallisation. Audio: the market ambience FADES BACK UP as he says it. Photoreal live-action cinema, 2.39:1 anamorphic widescreen, fine 35mm grain, naturalistic skin, practical lighting, no CGI gloss. Avoid: on-screen text, subtitles, watermarks, HUD or UI graphics, comic-book styling, capes, masks on the hero, glossy 3D-render look, extra fingers, changing hairstyles. (Continuous shot, part 1 of 2. Begin the described action; end the clip mid-movement, not on a settle. Use the final frame of part 0 as the starting reference so the move is unbroken.)"
S17-17I-b,17,17I,2/2,5,Concord mind-space (LOC-05 restored),"MS, eye, centred, 40mm, locked-off, no camera movement. 'Then I'll take her, and afterwards she won't mind, and neither will you.' He sits back down. 'Give it two minutes. The market gets busy. It's the best part.'. Dev (58, South Indian man, tall and broad, grey beard, iron-grey hair swept back, LEFT eye brown and RIGHT eye crystalline white-blue, translucent crystal spreading from his left jaw down his neck, long plain charcoal coat, cracked bronze gorget, wedding band on a chain, barefoot). Setting: Concord mind-space (LOC-05 restored). eternal noon, sunlight, sea wind. Light: hard sun. Effect: crystallisation. Audio: the market ambience FADES BACK UP as he says it. Photoreal live-action cinema, 2.39:1 anamorphic widescreen, fine 35mm grain, naturalistic skin, practical lighting, no CGI gloss. Avoid: on-screen text, subtitles, watermarks, HUD or UI graphics, comic-book styling, capes, masks on the hero, glossy 3D-render look, extra fingers, changing hairstyles. (Continuous shot, part 2 of 2. Complete the described action and settle on the final beat. Use the final frame of part 1 as the starting reference so the move is unbroken.)"
S17-17J,17,17J,1/1,6,Concord mind-space (LOC-05 restored),"CU, eye, handheld — the first movement in 90 seconds, 50mm, violent handheld. SMASH CUT: Arjun wakes in the bottom of a boat, grey rain, and vomits over the side. Arjun (32, South Indian man, lean swimmer's build, deep brown skin, black mid-length hair pushed back with a grey streak at the RIGHT temple, heavy stubble, faint silver branching scars along both forearms). Setting: Concord mind-space (LOC-05 restored). eternal noon, sunlight, sea wind. Light: grey monsoon — the colour drains out of the film in one frame. Audio: rain at full volume, brutal after the silence. Photoreal live-action cinema, 2.39:1 anamorphic widescreen, fine 35mm grain, naturalistic skin, practical lighting, no CGI gloss. Avoid: on-screen text, subtitles, watermarks, HUD or UI graphics, comic-book styling, capes, masks on the hero, glossy 3D-render look, extra fingers, changing hairstyles."
S18-18A-a,18,18A,1/2,5,LOC-10,"EWS aerial, drone, rising, 24mm, aerial rise over the roofs. THE RAIN STOPS. Low golden light floods forty rooftops; sixty kites go up; laundry snaps; pigeons burst off the coops. Setting: a corrugated rooftop kite-field high above the Stiltway: a red water-tank, antenna masts, laundry lines, pigeon coops. golden monsoon break, 11 minutes, rain stopped, haze. Light: low golden backlight through rain-haze — the only warm exterior in Acts I-II. Effect: kite crowd sim; haze volumetrics; pigeon sim. Audio: the score's only unambiguously joyful cue; kids shouting. Photoreal live-action cinema, 2.39:1 anamorphic widescreen, fine 35mm grain, naturalistic skin, practical lighting, no CGI gloss. Avoid: on-screen text, subtitles, watermarks, HUD or UI graphics, comic-book styling, capes, masks on the hero, glossy 3D-render look, extra fingers, changing hairstyles. (Continuous shot, part 1 of 2. Begin the described action; end the clip mid-movement, not on a settle. Use the final frame of part 0 as the starting reference so the move is unbroken.)"
S18-18A-b,18,18A,2/2,5,LOC-10,"EWS aerial, drone, rising, 24mm, aerial rise over the roofs. THE RAIN STOPS. Low golden light floods forty rooftops; sixty kites go up; laundry snaps; pigeons burst off the coops. Setting: a corrugated rooftop kite-field high above the Stiltway: a red water-tank, antenna masts, laundry lines, pigeon coops. golden monsoon break, 11 minutes, rain stopped, haze. Light: low golden backlight through rain-haze — the only warm exterior in Acts I-II. Effect: kite crowd sim; haze volumetrics; pigeon sim. Audio: the score's only unambiguously joyful cue; kids shouting. Photoreal live-action cinema, 2.39:1 anamorphic widescreen, fine 35mm grain, naturalistic skin, practical lighting, no CGI gloss. Avoid: on-screen text, subtitles, watermarks, HUD or UI graphics, comic-book styling, capes, masks on the hero, glossy 3D-render look, extra fingers, changing hairstyles. (Continuous shot, part 2 of 2. Complete the described action and settle on the final beat. Use the final frame of part 1 as the starting reference so the move is unbroken.)"
S18-18B-a,18,18B,1/2,5,LOC-10,"MS, low, on the water tank, 40mm, slow arc. Kira on the red water-tank flying the saffron kite one-handed and pulling a gold tether with the other — WEAVING the two. First time she uses her power for fun. Kira (17, mixed Nigerian-Indian girl, wiry, dark brown skin, SIX cornrows in a high knot with THREE copper clips on the left, one brass earring, grey cloth wraps on both forearms). Setting: a corrugated rooftop kite-field high above the Stiltway: a red water-tank, antenna masts, laundry lines, pigeon coops. golden monsoon break, 11 minutes, rain stopped, haze. Light: golden backlight rimming her braids and the gold tether identically. Effect: tether + kite line interaction. Audio: line singing; the tether singing; they harmonise. Photoreal live-action cinema, 2.39:1 anamorphic widescreen, fine 35mm grain, naturalistic skin, practical lighting, no CGI gloss. Avoid: on-screen text, subtitles, watermarks, HUD or UI graphics, comic-book styling, capes, masks on the hero, glossy 3D-render look, extra fingers, changing hairstyles. (Continuous shot, part 1 of 2. Begin the described action; end the clip mid-movement, not on a settle. Use the final frame of part 0 as the starting reference so the move is unbroken.)"
S18-18B-b,18,18B,2/2,4,LOC-10,"MS, low, on the water tank, 40mm, slow arc. Kira on the red water-tank flying the saffron kite one-handed and pulling a gold tether with the other — WEAVING the two. First time she uses her power for fun. Kira (17, mixed Nigerian-Indian girl, wiry, dark brown skin, SIX cornrows in a high knot with THREE copper clips on the left, one brass earring, grey cloth wraps on both forearms). Setting: a corrugated rooftop kite-field high above the Stiltway: a red water-tank, antenna masts, laundry lines, pigeon coops. golden monsoon break, 11 minutes, rain stopped, haze. Light: golden backlight rimming her braids and the gold tether identically. Effect: tether + kite line interaction. Audio: line singing; the tether singing; they harmonise. Photoreal live-action cinema, 2.39:1 anamorphic widescreen, fine 35mm grain, naturalistic skin, practical lighting, no CGI gloss. Avoid: on-screen text, subtitles, watermarks, HUD or UI graphics, comic-book styling, capes, masks on the hero, glossy 3D-render look, extra fingers, changing hairstyles. (Continuous shot, part 2 of 2. Complete the described action and settle on the final beat. Use the final frame of part 1 as the starting reference so the move is unbroken.)"
S18-18C,18,18C,1/1,6,LOC-10,"insert, overhead, 40mm macro, locked-off, no camera movement. The notebook, open on his knee: 'Kira — I need to tell you' / two crossed-out attempts beneath it. Setting: a corrugated rooftop kite-field high above the Stiltway: a red water-tank, antenna masts, laundry lines, pigeon coops. golden monsoon break, 11 minutes, rain stopped, haze. Light: golden. Audio: pencil stopping. Photoreal live-action cinema, 2.39:1 anamorphic widescreen, fine 35mm grain, naturalistic skin, practical lighting, no CGI gloss. Avoid: on-screen text, subtitles, watermarks, HUD or UI graphics, comic-book styling, capes, masks on the hero, glossy 3D-render look, extra fingers, changing hairstyles."
S18-18D-a,18,18D,1/2,6,LOC-10,"MS 2-shot, eye, 50mm, handheld, gentle. 'You have two faces. Don't. Have the afternoon. It's eleven minutes.' He closes the notebook. Arjun (32, South Indian man, lean swimmer's build, deep brown skin, black mid-length hair pushed back with a grey streak at the RIGHT temple, heavy stubble, faint silver branching scars along both forearms). Kira (17, mixed Nigerian-Indian girl, wiry, dark brown skin, SIX cornrows in a high knot with THREE copper clips on the left, one brass earring, grey cloth wraps on both forearms). Setting: a corrugated rooftop kite-field high above the Stiltway: a red water-tank, antenna masts, laundry lines, pigeon coops. golden monsoon break, 11 minutes, rain stopped, haze. Light: golden, warm bounce off wet corrugated steel. Audio: kids, kites, distant city. Photoreal live-action cinema, 2.39:1 anamorphic widescreen, fine 35mm grain, naturalistic skin, practical lighting, no CGI gloss. Avoid: on-screen text, subtitles, watermarks, HUD or UI graphics, comic-book styling, capes, masks on the hero, glossy 3D-render look, extra fingers, changing hairstyles. (Continuous shot, part 1 of 2. Begin the described action; end the clip mid-movement, not on a settle. Use the final frame of part 0 as the starting reference so the move is unbroken.)"
S18-18D-b,18,18D,2/2,5,LOC-10,"MS 2-shot, eye, 50mm, handheld, gentle. 'You have two faces. Don't. Have the afternoon. It's eleven minutes.' He closes the notebook. Arjun (32, South Indian man, lean swimmer's build, deep brown skin, black mid-length hair pushed back with a grey streak at the RIGHT temple, heavy stubble, faint silver branching scars along both forearms). Kira (17, mixed Nigerian-Indian girl, wiry, dark brown skin, SIX cornrows in a high knot with THREE copper clips on the left, one brass earring, grey cloth wraps on both forearms). Setting: a corrugated rooftop kite-field high above the Stiltway: a red water-tank, antenna masts, laundry lines, pigeon coops. golden monsoon break, 11 minutes, rain stopped, haze. Light: golden, warm bounce off wet corrugated steel. Audio: kids, kites, distant city. Photoreal live-action cinema, 2.39:1 anamorphic widescreen, fine 35mm grain, naturalistic skin, practical lighting, no CGI gloss. Avoid: on-screen text, subtitles, watermarks, HUD or UI graphics, comic-book styling, capes, masks on the hero, glossy 3D-render look, extra fingers, changing hairstyles. (Continuous shot, part 2 of 2. Complete the described action and settle on the final beat. Use the final frame of part 1 as the starting reference so the move is unbroken.)"
S18-18E-a,18,18E,1/2,5,LOC-10,"CU, eye, 100mm, locked-off, no camera movement. 'She used to make the whole Corps drink water. Went round with a jug like we were children. She had a red thread on her wrist.'. Arjun (32, South Indian man, lean swimmer's build, deep brown skin, black mid-length hair pushed back with a grey streak at the RIGHT temple, heavy stubble, faint silver branching scars along both forearms). Setting: a corrugated rooftop kite-field high above the Stiltway: a red water-tank, antenna masts, laundry lines, pigeon coops. golden monsoon break, 11 minutes, rain stopped, haze. Light: golden key, deep warm shadow. Audio: the score's Amara motif, first appearance. Photoreal live-action cinema, 2.39:1 anamorphic widescreen, fine 35mm grain, naturalistic skin, practical lighting, no CGI gloss. Avoid: on-screen text, subtitles, watermarks, HUD or UI graphics, comic-book styling, capes, masks on the hero, glossy 3D-render look, extra fingers, changing hairstyles. (Continuous shot, part 1 of 2. Begin the described action; end the clip mid-movement, not on a settle. Use the final frame of part 0 as the starting reference so the move is unbroken.)"
S18-18E-b,18,18E,2/2,5,LOC-10,"CU, eye, 100mm, locked-off, no camera movement. 'She used to make the whole Corps drink water. Went round with a jug like we were children. She had a red thread on her wrist.'. Arjun (32, South Indian man, lean swimmer's build, deep brown skin, black mid-length hair pushed back with a grey streak at the RIGHT temple, heavy stubble, faint silver branching scars along both forearms). Setting: a corrugated rooftop kite-field high above the Stiltway: a red water-tank, antenna masts, laundry lines, pigeon coops. golden monsoon break, 11 minutes, rain stopped, haze. Light: golden key, deep warm shadow. Audio: the score's Amara motif, first appearance. Photoreal live-action cinema, 2.39:1 anamorphic widescreen, fine 35mm grain, naturalistic skin, practical lighting, no CGI gloss. Avoid: on-screen text, subtitles, watermarks, HUD or UI graphics, comic-book styling, capes, masks on the hero, glossy 3D-render look, extra fingers, changing hairstyles. (Continuous shot, part 2 of 2. Complete the described action and settle on the final beat. Use the final frame of part 1 as the starting reference so the move is unbroken.)"
S18-18F,18,18F,1/1,6,LOC-10,"CU, eye, 100mm, locked-off, no camera movement. Kira's hands go still on the line. 'I remember the thread.'. Kira (17, mixed Nigerian-Indian girl, wiry, dark brown skin, SIX cornrows in a high knot with THREE copper clips on the left, one brass earring, grey cloth wraps on both forearms). Setting: a corrugated rooftop kite-field high above the Stiltway: a red water-tank, antenna masts, laundry lines, pigeon coops. golden monsoon break, 11 minutes, rain stopped, haze. Light: golden. Audio: the kite line stops singing. Photoreal live-action cinema, 2.39:1 anamorphic widescreen, fine 35mm grain, naturalistic skin, practical lighting, no CGI gloss. Avoid: on-screen text, subtitles, watermarks, HUD or UI graphics, comic-book styling, capes, masks on the hero, glossy 3D-render look, extra fingers, changing hairstyles."
S18-18G,18,18G,1/1,8,LOC-10,"WS, low, 32mm, locked-off, no camera movement. THE GOLDEN LIGHT GOES OUT. Nine Hollow come up over all four roof edges. Walking. Sera Vance, dry in the haze, cracked left gauntlet. the Hollow (figures in bone-white hooded lacquer coats and smooth half-masks covering only nose to chin so their calm eyes stay bare — they only ever WALK, never run). Sera (29, pale Anglo-Indian woman, BOTH eyes mirrored chrome with no iris, platinum crown braid, no eyebrows, seamless bone-white lacquer armour with mirror-polished gauntlets). Setting: a corrugated rooftop kite-field high above the Stiltway: a red water-tank, antenna masts, laundry lines, pigeon coops. golden monsoon break, 11 minutes, rain stopped, haze. Light: a cloud takes the sun on cue; the roof goes flat grey in two seconds. Effect: CG cloud shadow pass; mirror plates. Audio: the joyful cue stops mid-phrase. Photoreal live-action cinema, 2.39:1 anamorphic widescreen, fine 35mm grain, naturalistic skin, practical lighting, no CGI gloss. Avoid: on-screen text, subtitles, watermarks, HUD or UI graphics, comic-book styling, capes, masks on the hero, glossy 3D-render look, extra fingers, changing hairstyles."
S18-18H,18,18H,1/1,6,LOC-10,"MS, eye, handheld, 40mm, snap handheld. Arjun anchors and throws a wall — Sera WALKS THROUGH ITS REFLECTION, mirror-plates flaring, and the wall's own energy hammers him across the roof into the pigeon coops. Arjun (32, South Indian man, lean swimmer's build, deep brown skin, black mid-length hair pushed back with a grey streak at the RIGHT temple, heavy stubble, faint silver branching scars along both forearms). Sera (29, pale Anglo-Indian woman, BOTH eyes mirrored chrome with no iris, platinum crown braid, no eyebrows, seamless bone-white lacquer armour with mirror-polished gauntlets). Setting: a corrugated rooftop kite-field high above the Stiltway: a red water-tank, antenna masts, laundry lines, pigeon coops. golden monsoon break, 11 minutes, rain stopped, haze. Light: cyan flash, silver inversion, feathers everywhere. Effect: reflection inversion; pigeon sim; coop destruction. Audio: chime, reversed chime, an explosion of wings. Photoreal live-action cinema, 2.39:1 anamorphic widescreen, fine 35mm grain, naturalistic skin, practical lighting, no CGI gloss. Avoid: on-screen text, subtitles, watermarks, HUD or UI graphics, comic-book styling, capes, masks on the hero, glossy 3D-render look, extra fingers, changing hairstyles."
S18-18I,18,18I,1/1,7,LOC-10,"WS, low, wide, 32mm, handheld arc. Kira fires six tethers; Sera copy-steps — three afterimages — three tethers bind nothing at all; the real Sera arrives inside her guard. Kira (17, mixed Nigerian-Indian girl, wiry, dark brown skin, SIX cornrows in a high knot with THREE copper clips on the left, one brass earring, grey cloth wraps on both forearms). Sera (29, pale Anglo-Indian woman, BOTH eyes mirrored chrome with no iris, platinum crown braid, no eyebrows, seamless bone-white lacquer armour with mirror-polished gauntlets). Setting: a corrugated rooftop kite-field high above the Stiltway: a red water-tank, antenna masts, laundry lines, pigeon coops. golden monsoon break, 11 minutes, rain stopped, haze. Light: gold tethers, grey roof. Effect: copy-step: three semi-transparent silver afterimages with a 6-frame delay, each landing one strike. Audio: three overlapping footfalls where there should be one. Photoreal live-action cinema, 2.39:1 anamorphic widescreen, fine 35mm grain, naturalistic skin, practical lighting, no CGI gloss. Avoid: on-screen text, subtitles, watermarks, HUD or UI graphics, comic-book styling, capes, masks on the hero, glossy 3D-render look, extra fingers, changing hairstyles."
S18-18J,18,18J,1/1,5,LOC-10,"CU, eye, 85mm, locked-off, no camera movement. Two fingers on the girl's throat. 'It doesn't hurt. Doesn't hurt.'. Sera (29, pale Anglo-Indian woman, BOTH eyes mirrored chrome with no iris, platinum crown braid, no eyebrows, seamless bone-white lacquer armour with mirror-polished gauntlets). Kira (17, mixed Nigerian-Indian girl, wiry, dark brown skin, SIX cornrows in a high knot with THREE copper clips on the left, one brass earring, grey cloth wraps on both forearms). Setting: a corrugated rooftop kite-field high above the Stiltway: a red water-tank, antenna masts, laundry lines, pigeon coops. golden monsoon break, 11 minutes, rain stopped, haze. Light: flat grey. Effect: chrome eyes. Audio: the echo. Photoreal live-action cinema, 2.39:1 anamorphic widescreen, fine 35mm grain, naturalistic skin, practical lighting, no CGI gloss. Avoid: on-screen text, subtitles, watermarks, HUD or UI graphics, comic-book styling, capes, masks on the hero, glossy 3D-render look, extra fingers, changing hairstyles."
S18-18K,18,18K,1/1,7,LOC-10,"WS, high, 25mm, crane down. Arjun anchors: a hardlight FLOOR crystallises across the whole roof to trap her feet. Sera simply steps up onto the parapet. Arjun (32, South Indian man, lean swimmer's build, deep brown skin, black mid-length hair pushed back with a grey streak at the RIGHT temple, heavy stubble, faint silver branching scars along both forearms). Sera (29, pale Anglo-Indian woman, BOTH eyes mirrored chrome with no iris, platinum crown braid, no eyebrows, seamless bone-white lacquer armour with mirror-polished gauntlets). Setting: a corrugated rooftop kite-field high above the Stiltway: a red water-tank, antenna masts, laundry lines, pigeon coops. golden monsoon break, 11 minutes, rain stopped, haze. Light: cyan from the floor lighting everyone from below. Effect: floor tessellation across 30x20m of corrugated roof. Audio: the chime, and then the anticlimax of it not working. Photoreal live-action cinema, 2.39:1 anamorphic widescreen, fine 35mm grain, naturalistic skin, practical lighting, no CGI gloss. Avoid: on-screen text, subtitles, watermarks, HUD or UI graphics, comic-book styling, capes, masks on the hero, glossy 3D-render look, extra fingers, changing hairstyles."
S18-18L-a,18,18L,1/2,5,LOC-10,"MS, handheld, low, 40mm, violent handheld. Nine seconds: Kira on the sled, fighting, screaming; she gets ONE tether onto the red water-tank and holds — four seconds — the tank groaning, her palms burning. Kira (17, mixed Nigerian-Indian girl, wiry, dark brown skin, SIX cornrows in a high knot with THREE copper clips on the left, one brass earring, grey cloth wraps on both forearms). Setting: a corrugated rooftop kite-field high above the Stiltway: a red water-tank, antenna masts, laundry lines, pigeon coops. golden monsoon break, 11 minutes, rain stopped, haze. Light: grey; gold tether the only colour. Effect: tether under extreme load with visible strain flicker; water tank deformation. Audio: steel groan; her scream; the tether's tone rising toward breaking. Photoreal live-action cinema, 2.39:1 anamorphic widescreen, fine 35mm grain, naturalistic skin, practical lighting, no CGI gloss. Avoid: on-screen text, subtitles, watermarks, HUD or UI graphics, comic-book styling, capes, masks on the hero, glossy 3D-render look, extra fingers, changing hairstyles. (Continuous shot, part 1 of 2. Begin the described action; end the clip mid-movement, not on a settle. Use the final frame of part 0 as the starting reference so the move is unbroken.)"
S18-18L-b,18,18L,2/2,4,LOC-10,"MS, handheld, low, 40mm, violent handheld. Nine seconds: Kira on the sled, fighting, screaming; she gets ONE tether onto the red water-tank and holds — four seconds — the tank groaning, her palms burning. Kira (17, mixed Nigerian-Indian girl, wiry, dark brown skin, SIX cornrows in a high knot with THREE copper clips on the left, one brass earring, grey cloth wraps on both forearms). Setting: a corrugated rooftop kite-field high above the Stiltway: a red water-tank, antenna masts, laundry lines, pigeon coops. golden monsoon break, 11 minutes, rain stopped, haze. Light: grey; gold tether the only colour. Effect: tether under extreme load with visible strain flicker; water tank deformation. Audio: steel groan; her scream; the tether's tone rising toward breaking. Photoreal live-action cinema, 2.39:1 anamorphic widescreen, fine 35mm grain, naturalistic skin, practical lighting, no CGI gloss. Avoid: on-screen text, subtitles, watermarks, HUD or UI graphics, comic-book styling, capes, masks on the hero, glossy 3D-render look, extra fingers, changing hairstyles. (Continuous shot, part 2 of 2. Complete the described action and settle on the final beat. Use the final frame of part 1 as the starting reference so the move is unbroken.)"
S18-18M,18,18M,1/1,5,LOC-10,"CU, eye, 100mm, locked-off, no camera movement. Her eyes find his across the roof. 'ARJUN—' The tether SNAPS. Her palms open up. Kira (17, mixed Nigerian-Indian girl, wiry, dark brown skin, SIX cornrows in a high knot with THREE copper clips on the left, one brass earring, grey cloth wraps on both forearms). Setting: a corrugated rooftop kite-field high above the Stiltway: a red water-tank, antenna masts, laundry lines, pigeon coops. golden monsoon break, 11 minutes, rain stopped, haze. Light: grey. Effect: tether snap-back; palm wound. Audio: the snap is the loudest single sound in Act II. Photoreal live-action cinema, 2.39:1 anamorphic widescreen, fine 35mm grain, naturalistic skin, practical lighting, no CGI gloss. Avoid: on-screen text, subtitles, watermarks, HUD or UI graphics, comic-book styling, capes, masks on the hero, glossy 3D-render look, extra fingers, changing hairstyles."
S18-18N-a,18,18N,1/2,6,LOC-10,"EWS, low, from the roof edge, 32mm, locked-off, no camera movement. THE FILM'S CRUELLEST IMAGE: Arjun throws a bastion after the departing sled — a perfect, useless wall of cyan light hanging over empty air, forty metres behind them. It cannot move. He holds it anyway until his nose bleeds and the light goes amber-orange and dies. Arjun (32, South Indian man, lean swimmer's build, deep brown skin, black mid-length hair pushed back with a grey streak at the RIGHT temple, heavy stubble, faint silver branching scars along both forearms). Setting: a corrugated rooftop kite-field high above the Stiltway: a red water-tank, antenna masts, laundry lines, pigeon coops. golden monsoon break, 11 minutes, rain stopped, haze. Light: cyan → amber-orange → grey. Effect: a beautifully rendered, completely pointless hardlight wall in empty sky. Audio: the chime sustaining, then souring, then decaying to nothing. Photoreal live-action cinema, 2.39:1 anamorphic widescreen, fine 35mm grain, naturalistic skin, practical lighting, no CGI gloss. Avoid: on-screen text, subtitles, watermarks, HUD or UI graphics, comic-book styling, capes, masks on the hero, glossy 3D-render look, extra fingers, changing hairstyles. (Continuous shot, part 1 of 2. Begin the described action; end the clip mid-movement, not on a settle. Use the final frame of part 0 as the starting reference so the move is unbroken.)"
S18-18N-b,18,18N,2/2,6,LOC-10,"EWS, low, from the roof edge, 32mm, locked-off, no camera movement. THE FILM'S CRUELLEST IMAGE: Arjun throws a bastion after the departing sled — a perfect, useless wall of cyan light hanging over empty air, forty metres behind them. It cannot move. He holds it anyway until his nose bleeds and the light goes amber-orange and dies. Arjun (32, South Indian man, lean swimmer's build, deep brown skin, black mid-length hair pushed back with a grey streak at the RIGHT temple, heavy stubble, faint silver branching scars along both forearms). Setting: a corrugated rooftop kite-field high above the Stiltway: a red water-tank, antenna masts, laundry lines, pigeon coops. golden monsoon break, 11 minutes, rain stopped, haze. Light: cyan → amber-orange → grey. Effect: a beautifully rendered, completely pointless hardlight wall in empty sky. Audio: the chime sustaining, then souring, then decaying to nothing. Photoreal live-action cinema, 2.39:1 anamorphic widescreen, fine 35mm grain, naturalistic skin, practical lighting, no CGI gloss. Avoid: on-screen text, subtitles, watermarks, HUD or UI graphics, comic-book styling, capes, masks on the hero, glossy 3D-render look, extra fingers, changing hairstyles. (Continuous shot, part 2 of 2. Complete the described action and settle on the final beat. Use the final frame of part 1 as the starting reference so the move is unbroken.)"
S18-18O-a,18,18O,1/2,5,LOC-10,"EWS aerial, drone, high, 24mm, slow rise. The golden light comes back for its last four minutes. The kites keep flying. It is obscene. Setting: a corrugated rooftop kite-field high above the Stiltway: a red water-tank, antenna masts, laundry lines, pigeon coops. golden monsoon break, 11 minutes, rain stopped, haze. Light: golden. Effect: kite sim. Audio: the joyful cue returns in a minor key. Photoreal live-action cinema, 2.39:1 anamorphic widescreen, fine 35mm grain, naturalistic skin, practical lighting, no CGI gloss. Avoid: on-screen text, subtitles, watermarks, HUD or UI graphics, comic-book styling, capes, masks on the hero, glossy 3D-render look, extra fingers, changing hairstyles. (Continuous shot, part 1 of 2. Begin the described action; end the clip mid-movement, not on a settle. Use the final frame of part 0 as the starting reference so the move is unbroken.)"
S18-18O-b,18,18O,2/2,4,LOC-10,"EWS aerial, drone, high, 24mm, slow rise. The golden light comes back for its last four minutes. The kites keep flying. It is obscene. Setting: a corrugated rooftop kite-field high above the Stiltway: a red water-tank, antenna masts, laundry lines, pigeon coops. golden monsoon break, 11 minutes, rain stopped, haze. Light: golden. Effect: kite sim. Audio: the joyful cue returns in a minor key. Photoreal live-action cinema, 2.39:1 anamorphic widescreen, fine 35mm grain, naturalistic skin, practical lighting, no CGI gloss. Avoid: on-screen text, subtitles, watermarks, HUD or UI graphics, comic-book styling, capes, masks on the hero, glossy 3D-render look, extra fingers, changing hairstyles. (Continuous shot, part 2 of 2. Complete the described action and settle on the final beat. Use the final frame of part 1 as the starting reference so the move is unbroken.)"
S19-19A-a,19,19A,1/2,5,LOC-03 underside,"WS, low, cramped, 25mm, locked-off, no camera movement. Rain drumming on tarpaulin. A single bulb swinging. Arjun on the boat's floor, back against the hull, notebook open in both hands, reading his own handwriting like a foreign language. Arjun (32, South Indian man, lean swimmer's build, deep brown skin, black mid-length hair pushed back with a grey streak at the RIGHT temple, heavy stubble, faint silver branching scars along both forearms). Setting: LOC-03 underside. night, rain. Light: one swinging 40W bulb — the light source physically moves, so the shadows do too. Audio: DIRECT SOUND DROPS OUT: heartbeat and a high thin tone only. Photoreal live-action cinema, 2.39:1 anamorphic widescreen, fine 35mm grain, naturalistic skin, practical lighting, no CGI gloss. Avoid: on-screen text, subtitles, watermarks, HUD or UI graphics, comic-book styling, capes, masks on the hero, glossy 3D-render look, extra fingers, changing hairstyles. (Continuous shot, part 1 of 2. Begin the described action; end the clip mid-movement, not on a settle. Use the final frame of part 0 as the starting reference so the move is unbroken.)"
S19-19A-b,19,19A,2/2,4,LOC-03 underside,"WS, low, cramped, 25mm, locked-off, no camera movement. Rain drumming on tarpaulin. A single bulb swinging. Arjun on the boat's floor, back against the hull, notebook open in both hands, reading his own handwriting like a foreign language. Arjun (32, South Indian man, lean swimmer's build, deep brown skin, black mid-length hair pushed back with a grey streak at the RIGHT temple, heavy stubble, faint silver branching scars along both forearms). Setting: LOC-03 underside. night, rain. Light: one swinging 40W bulb — the light source physically moves, so the shadows do too. Audio: DIRECT SOUND DROPS OUT: heartbeat and a high thin tone only. Photoreal live-action cinema, 2.39:1 anamorphic widescreen, fine 35mm grain, naturalistic skin, practical lighting, no CGI gloss. Avoid: on-screen text, subtitles, watermarks, HUD or UI graphics, comic-book styling, capes, masks on the hero, glossy 3D-render look, extra fingers, changing hairstyles. (Continuous shot, part 2 of 2. Complete the described action and settle on the final beat. Use the final frame of part 1 as the starting reference so the move is unbroken.)"
S19-19B,19,19B,1/1,7,LOC-03 underside,"CU, eye, 85mm, locked-off, no camera movement. His face. The film's ONLY digital-artefact language: micro-stutters, a dropped frame at a name, a four-frame repeat. Arjun (32, South Indian man, lean swimmer's build, deep brown skin, black mid-length hair pushed back with a grey streak at the RIGHT temple, heavy stubble, faint silver branching scars along both forearms). Setting: LOC-03 underside. night, rain. Light: swinging bulb. Effect: deliberate frame-level corruption: 1-frame drops, 4-frame repeats, no glitch clichés, no RGB split. Audio: the tone; a stutter in the room tone matching the picture. Photoreal live-action cinema, 2.39:1 anamorphic widescreen, fine 35mm grain, naturalistic skin, practical lighting, no CGI gloss. Avoid: on-screen text, subtitles, watermarks, HUD or UI graphics, comic-book styling, capes, masks on the hero, glossy 3D-render look, extra fingers, changing hairstyles."
S19-19C,19,19C,1/1,6,LOC-03 underside,"MS, eye, 50mm, handheld. Riya comes down the ladder soaked and sees his face. 'Arjun. Hey. Hey.'. Riya (34, Bengali-Indian woman, athletic, storm-grey military command coat with oxblood shoulder piping, black hair). Arjun (32, South Indian man, lean swimmer's build, deep brown skin, black mid-length hair pushed back with a grey streak at the RIGHT temple, heavy stubble, faint silver branching scars along both forearms). Setting: LOC-03 underside. night, rain. Light: bulb, rain-light from the hatch. Audio: direct sound snaps back on with her voice. Photoreal live-action cinema, 2.39:1 anamorphic widescreen, fine 35mm grain, naturalistic skin, practical lighting, no CGI gloss. Avoid: on-screen text, subtitles, watermarks, HUD or UI graphics, comic-book styling, capes, masks on the hero, glossy 3D-render look, extra fingers, changing hairstyles."
S19-19D,19,19D,1/1,6,LOC-03 underside,"CU, eye, 85mm, locked-off, no camera movement. He looks up, polite and pleasant and absolutely blank: 'I'm sorry — are you the doctor?'. Arjun (32, South Indian man, lean swimmer's build, deep brown skin, black mid-length hair pushed back with a grey streak at the RIGHT temple, heavy stubble, faint silver branching scars along both forearms). Setting: LOC-03 underside. night, rain. Light: bulb. Audio: rain. Photoreal live-action cinema, 2.39:1 anamorphic widescreen, fine 35mm grain, naturalistic skin, practical lighting, no CGI gloss. Avoid: on-screen text, subtitles, watermarks, HUD or UI graphics, comic-book styling, capes, masks on the hero, glossy 3D-render look, extra fingers, changing hairstyles."
S19-19E,19,19E,1/1,6,LOC-03 underside,"CU, eye, 100mm, locked-off, no camera movement. Riya stops breathing. Then, carefully: 'It's Riya.'. Riya (34, Bengali-Indian woman, athletic, storm-grey military command coat with oxblood shoulder piping, black hair). Setting: LOC-03 underside. night, rain. Light: bulb, half her face out. Audio: nothing under it. Photoreal live-action cinema, 2.39:1 anamorphic widescreen, fine 35mm grain, naturalistic skin, practical lighting, no CGI gloss. Avoid: on-screen text, subtitles, watermarks, HUD or UI graphics, comic-book styling, capes, masks on the hero, glossy 3D-render look, extra fingers, changing hairstyles."
S19-19F,19,19F,1/1,6,LOC-03 underside,"insert, overhead, 40mm macro, locked-off, no camera movement. His finger on the page: 'Riya Sen. You loved her. She left in the rain. It was fair.'. Setting: LOC-03 underside. night, rain. Light: bulb only. Audio: paper. Photoreal live-action cinema, 2.39:1 anamorphic widescreen, fine 35mm grain, naturalistic skin, practical lighting, no CGI gloss. Avoid: on-screen text, subtitles, watermarks, HUD or UI graphics, comic-book styling, capes, masks on the hero, glossy 3D-render look, extra fingers, changing hairstyles."
S19-19G-a,19,19G,1/2,7,LOC-03 underside,"MS, eye, 50mm, slow handheld. 'I have the sentence, I don't have the woman.' Then, pages faster, fear entering: 'There's a name in here three times and I can't see her face.'. Arjun (32, South Indian man, lean swimmer's build, deep brown skin, black mid-length hair pushed back with a grey streak at the RIGHT temple, heavy stubble, faint silver branching scars along both forearms). Setting: LOC-03 underside. night, rain. Light: bulb. Audio: pages, faster and faster. Photoreal live-action cinema, 2.39:1 anamorphic widescreen, fine 35mm grain, naturalistic skin, practical lighting, no CGI gloss. Avoid: on-screen text, subtitles, watermarks, HUD or UI graphics, comic-book styling, capes, masks on the hero, glossy 3D-render look, extra fingers, changing hairstyles. (Continuous shot, part 1 of 2. Begin the described action; end the clip mid-movement, not on a settle. Use the final frame of part 0 as the starting reference so the move is unbroken.)"
S19-19G-b,19,19G,2/2,7,LOC-03 underside,"MS, eye, 50mm, slow handheld. 'I have the sentence, I don't have the woman.' Then, pages faster, fear entering: 'There's a name in here three times and I can't see her face.'. Arjun (32, South Indian man, lean swimmer's build, deep brown skin, black mid-length hair pushed back with a grey streak at the RIGHT temple, heavy stubble, faint silver branching scars along both forearms). Setting: LOC-03 underside. night, rain. Light: bulb. Audio: pages, faster and faster. Photoreal live-action cinema, 2.39:1 anamorphic widescreen, fine 35mm grain, naturalistic skin, practical lighting, no CGI gloss. Avoid: on-screen text, subtitles, watermarks, HUD or UI graphics, comic-book styling, capes, masks on the hero, glossy 3D-render look, extra fingers, changing hairstyles. (Continuous shot, part 2 of 2. Complete the described action and settle on the final beat. Use the final frame of part 1 as the starting reference so the move is unbroken.)"
S19-19H-a,19,19H,1/2,8,LOC-03 underside,"MS 2-shot, eye, both on the wet floor, 40mm, locked-off, no camera movement. He puts the notebook down carefully, like it's full of water. 'Who did I lose today?' She sits beside him, not touching him, and tells him. Arjun (32, South Indian man, lean swimmer's build, deep brown skin, black mid-length hair pushed back with a grey streak at the RIGHT temple, heavy stubble, faint silver branching scars along both forearms). Riya (34, Bengali-Indian woman, athletic, storm-grey military command coat with oxblood shoulder piping, black hair). Setting: LOC-03 underside. night, rain. Light: bulb, both of them low in frame with a lot of dark hull above — the most crushed composition in the film. Audio: rain on tarpaulin. Photoreal live-action cinema, 2.39:1 anamorphic widescreen, fine 35mm grain, naturalistic skin, practical lighting, no CGI gloss. Avoid: on-screen text, subtitles, watermarks, HUD or UI graphics, comic-book styling, capes, masks on the hero, glossy 3D-render look, extra fingers, changing hairstyles. (Continuous shot, part 1 of 2. Begin the described action; end the clip mid-movement, not on a settle. Use the final frame of part 0 as the starting reference so the move is unbroken.)"
S19-19H-b,19,19H,2/2,8,LOC-03 underside,"MS 2-shot, eye, both on the wet floor, 40mm, locked-off, no camera movement. He puts the notebook down carefully, like it's full of water. 'Who did I lose today?' She sits beside him, not touching him, and tells him. Arjun (32, South Indian man, lean swimmer's build, deep brown skin, black mid-length hair pushed back with a grey streak at the RIGHT temple, heavy stubble, faint silver branching scars along both forearms). Riya (34, Bengali-Indian woman, athletic, storm-grey military command coat with oxblood shoulder piping, black hair). Setting: LOC-03 underside. night, rain. Light: bulb, both of them low in frame with a lot of dark hull above — the most crushed composition in the film. Audio: rain on tarpaulin. Photoreal live-action cinema, 2.39:1 anamorphic widescreen, fine 35mm grain, naturalistic skin, practical lighting, no CGI gloss. Avoid: on-screen text, subtitles, watermarks, HUD or UI graphics, comic-book styling, capes, masks on the hero, glossy 3D-render look, extra fingers, changing hairstyles. (Continuous shot, part 2 of 2. Complete the described action and settle on the final beat. Use the final frame of part 1 as the starting reference so the move is unbroken.)"
S19-19I-a,19,19I,1/2,8,LOC-03 underside,"WS, high, looking down into the boat, 32mm, very slow rise. 'Say it again in a minute. It sticks if you say it enough.' TIME-LAPSE DISSOLVE: she says it sixteen times through the night while he writes it down; the bulb burns; rain continues. Arjun (32, South Indian man, lean swimmer's build, deep brown skin, black mid-length hair pushed back with a grey streak at the RIGHT temple, heavy stubble, faint silver branching scars along both forearms). Riya (34, Bengali-Indian woman, athletic, storm-grey military command coat with oxblood shoulder piping, black hair). Setting: LOC-03 underside. night, rain. Light: the bulb dims and brightens with the boat's generator across the night. Effect: dissolve chain; notebook page filling with the same name. Audio: her voice repeating, layered, sixteen takes overlapping into a lullaby. Photoreal live-action cinema, 2.39:1 anamorphic widescreen, fine 35mm grain, naturalistic skin, practical lighting, no CGI gloss. Avoid: on-screen text, subtitles, watermarks, HUD or UI graphics, comic-book styling, capes, masks on the hero, glossy 3D-render look, extra fingers, changing hairstyles. (Continuous shot, part 1 of 2. Begin the described action; end the clip mid-movement, not on a settle. Use the final frame of part 0 as the starting reference so the move is unbroken.)"
S19-19I-b,19,19I,2/2,8,LOC-03 underside,"WS, high, looking down into the boat, 32mm, very slow rise. 'Say it again in a minute. It sticks if you say it enough.' TIME-LAPSE DISSOLVE: she says it sixteen times through the night while he writes it down; the bulb burns; rain continues. Arjun (32, South Indian man, lean swimmer's build, deep brown skin, black mid-length hair pushed back with a grey streak at the RIGHT temple, heavy stubble, faint silver branching scars along both forearms). Riya (34, Bengali-Indian woman, athletic, storm-grey military command coat with oxblood shoulder piping, black hair). Setting: LOC-03 underside. night, rain. Light: the bulb dims and brightens with the boat's generator across the night. Effect: dissolve chain; notebook page filling with the same name. Audio: her voice repeating, layered, sixteen takes overlapping into a lullaby. Photoreal live-action cinema, 2.39:1 anamorphic widescreen, fine 35mm grain, naturalistic skin, practical lighting, no CGI gloss. Avoid: on-screen text, subtitles, watermarks, HUD or UI graphics, comic-book styling, capes, masks on the hero, glossy 3D-render look, extra fingers, changing hairstyles. (Continuous shot, part 2 of 2. Complete the described action and settle on the final beat. Use the final frame of part 1 as the starting reference so the move is unbroken.)"
S20-20A-a,20,20A,1/2,5,LOC-04 (burnt),"WS, eye, 25mm, slow push in. The clinic is a black shell. Rain falls through the burnt roof into the dead aquarium. Ten thousand index cards are a grey smear underfoot. Meera stands in it holding the warped class photograph. Meera (61, small Bengali woman, cropped grey-white hair, glasses on a beaded chain, her LEFT arm a brass mechanical prosthetic, indigo kurta and canvas apron). Setting: LOC-04 (burnt). night, rain through the roof. Light: one work-lamp on a cable; rain-light from the hole in the roof; everything else charcoal. Effect: CG roof damage, rain interior. Audio: rain into standing water; dripping; wind through a burnt wall. Photoreal live-action cinema, 2.39:1 anamorphic widescreen, fine 35mm grain, naturalistic skin, practical lighting, no CGI gloss. Avoid: on-screen text, subtitles, watermarks, HUD or UI graphics, comic-book styling, capes, masks on the hero, glossy 3D-render look, extra fingers, changing hairstyles. (Continuous shot, part 1 of 2. Begin the described action; end the clip mid-movement, not on a settle. Use the final frame of part 0 as the starting reference so the move is unbroken.)"
S20-20A-b,20,20A,2/2,5,LOC-04 (burnt),"WS, eye, 25mm, slow push in. The clinic is a black shell. Rain falls through the burnt roof into the dead aquarium. Ten thousand index cards are a grey smear underfoot. Meera stands in it holding the warped class photograph. Meera (61, small Bengali woman, cropped grey-white hair, glasses on a beaded chain, her LEFT arm a brass mechanical prosthetic, indigo kurta and canvas apron). Setting: LOC-04 (burnt). night, rain through the roof. Light: one work-lamp on a cable; rain-light from the hole in the roof; everything else charcoal. Effect: CG roof damage, rain interior. Audio: rain into standing water; dripping; wind through a burnt wall. Photoreal live-action cinema, 2.39:1 anamorphic widescreen, fine 35mm grain, naturalistic skin, practical lighting, no CGI gloss. Avoid: on-screen text, subtitles, watermarks, HUD or UI graphics, comic-book styling, capes, masks on the hero, glossy 3D-render look, extra fingers, changing hairstyles. (Continuous shot, part 2 of 2. Complete the described action and settle on the final beat. Use the final frame of part 1 as the starting reference so the move is unbroken.)"
S20-20B,20,20B,1/1,5,LOC-04 (burnt),"insert, overhead, 40mm macro, slow tilt. Her shoe toeing the ash — and under it, one unburnt index card with a name still legible. Setting: LOC-04 (burnt). night, rain through the roof. Light: work-lamp raking across the ash texture. Audio: ash. Photoreal live-action cinema, 2.39:1 anamorphic widescreen, fine 35mm grain, naturalistic skin, practical lighting, no CGI gloss. Avoid: on-screen text, subtitles, watermarks, HUD or UI graphics, comic-book styling, capes, masks on the hero, glossy 3D-render look, extra fingers, changing hairstyles."
S20-20C-a,20,20C,1/2,7,LOC-04 (burnt),"CU, eye, 85mm, locked-off, no camera movement. 'Eleven thousand four hundred people's memories. He'd say look how much of you is a filing cabinet for pain. The horrible thing is that most days I don't have an argument.'. Meera (61, small Bengali woman, cropped grey-white hair, glasses on a beaded chain, her LEFT arm a brass mechanical prosthetic, indigo kurta and canvas apron). Setting: LOC-04 (burnt). night, rain through the roof. Light: work-lamp, hard, from below-left. Audio: rain. Photoreal live-action cinema, 2.39:1 anamorphic widescreen, fine 35mm grain, naturalistic skin, practical lighting, no CGI gloss. Avoid: on-screen text, subtitles, watermarks, HUD or UI graphics, comic-book styling, capes, masks on the hero, glossy 3D-render look, extra fingers, changing hairstyles. (Continuous shot, part 1 of 2. Begin the described action; end the clip mid-movement, not on a settle. Use the final frame of part 0 as the starting reference so the move is unbroken.)"
S20-20C-b,20,20C,2/2,7,LOC-04 (burnt),"CU, eye, 85mm, locked-off, no camera movement. 'Eleven thousand four hundred people's memories. He'd say look how much of you is a filing cabinet for pain. The horrible thing is that most days I don't have an argument.'. Meera (61, small Bengali woman, cropped grey-white hair, glasses on a beaded chain, her LEFT arm a brass mechanical prosthetic, indigo kurta and canvas apron). Setting: LOC-04 (burnt). night, rain through the roof. Light: work-lamp, hard, from below-left. Audio: rain. Photoreal live-action cinema, 2.39:1 anamorphic widescreen, fine 35mm grain, naturalistic skin, practical lighting, no CGI gloss. Avoid: on-screen text, subtitles, watermarks, HUD or UI graphics, comic-book styling, capes, masks on the hero, glossy 3D-render look, extra fingers, changing hairstyles. (Continuous shot, part 2 of 2. Complete the described action and settle on the final beat. Use the final frame of part 1 as the starting reference so the move is unbroken.)"
S20-20D,20,20D,1/1,6,LOC-04 (burnt),"insert, overhead, 100mm macro, locked-off, no camera movement. The copper stabiliser disc set on the burnt bench; her brass fingers turning it over to show the reversible polarity face. Setting: LOC-04 (burnt). night, rain through the roof. Light: work-lamp, specular on copper. Audio: metal on burnt wood. Photoreal live-action cinema, 2.39:1 anamorphic widescreen, fine 35mm grain, naturalistic skin, practical lighting, no CGI gloss. Avoid: on-screen text, subtitles, watermarks, HUD or UI graphics, comic-book styling, capes, masks on the hero, glossy 3D-render look, extra fingers, changing hairstyles."
S20-20E-a,20,20E,1/2,8,LOC-04 (burnt),"MS 3-shot, eye, 40mm, locked-off, no camera movement. THE PLAN: 'You become a ground. Every joule the Loom pushes into eight million people, you take through yourself, and you put it in the mud.'. Meera (61, small Bengali woman, cropped grey-white hair, glasses on a beaded chain, her LEFT arm a brass mechanical prosthetic, indigo kurta and canvas apron). Arjun (32, South Indian man, lean swimmer's build, deep brown skin, black mid-length hair pushed back with a grey streak at the RIGHT temple, heavy stubble, faint silver branching scars along both forearms). Riya (34, Bengali-Indian woman, athletic, storm-grey military command coat with oxblood shoulder piping, black hair). Setting: LOC-04 (burnt). night, rain through the roof. Light: one lamp between three faces; the rest of the frame black. Audio: no score. Photoreal live-action cinema, 2.39:1 anamorphic widescreen, fine 35mm grain, naturalistic skin, practical lighting, no CGI gloss. Avoid: on-screen text, subtitles, watermarks, HUD or UI graphics, comic-book styling, capes, masks on the hero, glossy 3D-render look, extra fingers, changing hairstyles. (Continuous shot, part 1 of 2. Begin the described action; end the clip mid-movement, not on a settle. Use the final frame of part 0 as the starting reference so the move is unbroken.)"
S20-20E-b,20,20E,2/2,8,LOC-04 (burnt),"MS 3-shot, eye, 40mm, locked-off, no camera movement. THE PLAN: 'You become a ground. Every joule the Loom pushes into eight million people, you take through yourself, and you put it in the mud.'. Meera (61, small Bengali woman, cropped grey-white hair, glasses on a beaded chain, her LEFT arm a brass mechanical prosthetic, indigo kurta and canvas apron). Arjun (32, South Indian man, lean swimmer's build, deep brown skin, black mid-length hair pushed back with a grey streak at the RIGHT temple, heavy stubble, faint silver branching scars along both forearms). Riya (34, Bengali-Indian woman, athletic, storm-grey military command coat with oxblood shoulder piping, black hair). Setting: LOC-04 (burnt). night, rain through the roof. Light: one lamp between three faces; the rest of the frame black. Audio: no score. Photoreal live-action cinema, 2.39:1 anamorphic widescreen, fine 35mm grain, naturalistic skin, practical lighting, no CGI gloss. Avoid: on-screen text, subtitles, watermarks, HUD or UI graphics, comic-book styling, capes, masks on the hero, glossy 3D-render look, extra fingers, changing hairstyles. (Continuous shot, part 2 of 2. Complete the described action and settle on the final beat. Use the final frame of part 1 as the starting reference so the move is unbroken.)"
S20-20F-a,20,20F,1/2,8,LOC-04 (burnt),"CU, eye, 85mm, very slow push. THE PRICE: 'Not the last month. All of it. Ila. The Corps. Me. Her. You would not know your own name until someone told you, and then you'd know it the way you know a fact.'. Meera (61, small Bengali woman, cropped grey-white hair, glasses on a beaded chain, her LEFT arm a brass mechanical prosthetic, indigo kurta and canvas apron). Setting: LOC-04 (burnt). night, rain through the roof. Light: lamp; her glasses catch and hide her eyes for two seconds, then she moves and we get them back. Audio: rain into the aquarium. Photoreal live-action cinema, 2.39:1 anamorphic widescreen, fine 35mm grain, naturalistic skin, practical lighting, no CGI gloss. Avoid: on-screen text, subtitles, watermarks, HUD or UI graphics, comic-book styling, capes, masks on the hero, glossy 3D-render look, extra fingers, changing hairstyles. (Continuous shot, part 1 of 2. Begin the described action; end the clip mid-movement, not on a settle. Use the final frame of part 0 as the starting reference so the move is unbroken.)"
S20-20F-b,20,20F,2/2,8,LOC-04 (burnt),"CU, eye, 85mm, very slow push. THE PRICE: 'Not the last month. All of it. Ila. The Corps. Me. Her. You would not know your own name until someone told you, and then you'd know it the way you know a fact.'. Meera (61, small Bengali woman, cropped grey-white hair, glasses on a beaded chain, her LEFT arm a brass mechanical prosthetic, indigo kurta and canvas apron). Setting: LOC-04 (burnt). night, rain through the roof. Light: lamp; her glasses catch and hide her eyes for two seconds, then she moves and we get them back. Audio: rain into the aquarium. Photoreal live-action cinema, 2.39:1 anamorphic widescreen, fine 35mm grain, naturalistic skin, practical lighting, no CGI gloss. Avoid: on-screen text, subtitles, watermarks, HUD or UI graphics, comic-book styling, capes, masks on the hero, glossy 3D-render look, extra fingers, changing hairstyles. (Continuous shot, part 2 of 2. Complete the described action and settle on the final beat. Use the final frame of part 1 as the starting reference so the move is unbroken.)"
S20-20G,20,20G,1/1,4,LOC-04 (burnt),"CU, eye, 85mm, locked-off, no camera movement. 'Okay.' Immediate. No hesitation at all. Arjun (32, South Indian man, lean swimmer's build, deep brown skin, black mid-length hair pushed back with a grey streak at the RIGHT temple, heavy stubble, faint silver branching scars along both forearms). Setting: LOC-04 (burnt). night, rain through the roof. Light: lamp. Audio: one beat of absolute silence. Photoreal live-action cinema, 2.39:1 anamorphic widescreen, fine 35mm grain, naturalistic skin, practical lighting, no CGI gloss. Avoid: on-screen text, subtitles, watermarks, HUD or UI graphics, comic-book styling, capes, masks on the hero, glossy 3D-render look, extra fingers, changing hairstyles."
S20-20H-a,20,20H,1/2,7,LOC-04 (burnt),"MS 2-shot, eye, 50mm, locked-off, no camera movement. 'That's not a sacrifice. That's a bargain.' / Meera breaks after 61 years of holding: 'Every single thing that is about to happen came out of my hands.'. Arjun (32, South Indian man, lean swimmer's build, deep brown skin, black mid-length hair pushed back with a grey streak at the RIGHT temple, heavy stubble, faint silver branching scars along both forearms). Meera (61, small Bengali woman, cropped grey-white hair, glasses on a beaded chain, her LEFT arm a brass mechanical prosthetic, indigo kurta and canvas apron). Setting: LOC-04 (burnt). night, rain through the roof. Light: lamp. Audio: her weeping, unmusical, real. Photoreal live-action cinema, 2.39:1 anamorphic widescreen, fine 35mm grain, naturalistic skin, practical lighting, no CGI gloss. Avoid: on-screen text, subtitles, watermarks, HUD or UI graphics, comic-book styling, capes, masks on the hero, glossy 3D-render look, extra fingers, changing hairstyles. (Continuous shot, part 1 of 2. Begin the described action; end the clip mid-movement, not on a settle. Use the final frame of part 0 as the starting reference so the move is unbroken.)"
S20-20H-b,20,20H,2/2,7,LOC-04 (burnt),"MS 2-shot, eye, 50mm, locked-off, no camera movement. 'That's not a sacrifice. That's a bargain.' / Meera breaks after 61 years of holding: 'Every single thing that is about to happen came out of my hands.'. Arjun (32, South Indian man, lean swimmer's build, deep brown skin, black mid-length hair pushed back with a grey streak at the RIGHT temple, heavy stubble, faint silver branching scars along both forearms). Meera (61, small Bengali woman, cropped grey-white hair, glasses on a beaded chain, her LEFT arm a brass mechanical prosthetic, indigo kurta and canvas apron). Setting: LOC-04 (burnt). night, rain through the roof. Light: lamp. Audio: her weeping, unmusical, real. Photoreal live-action cinema, 2.39:1 anamorphic widescreen, fine 35mm grain, naturalistic skin, practical lighting, no CGI gloss. Avoid: on-screen text, subtitles, watermarks, HUD or UI graphics, comic-book styling, capes, masks on the hero, glossy 3D-render look, extra fingers, changing hairstyles. (Continuous shot, part 2 of 2. Complete the described action and settle on the final beat. Use the final frame of part 1 as the starting reference so the move is unbroken.)"
S20-20I-a,20,20I,1/2,5,LOC-04 (burnt),"insert, eye, tight, 100mm, locked-off, no camera movement. He takes her BRASS HAND in both of his — the only real embrace in the film. 'Then build me one more thing.'. Setting: LOC-04 (burnt). night, rain through the roof. Light: lamp; the brass and the human hands lit identically. Effect: prosthetic detail; a faint amber pulse in the filament channels. Audio: the prosthetic's small servo, and the score entering under it. Photoreal live-action cinema, 2.39:1 anamorphic widescreen, fine 35mm grain, naturalistic skin, practical lighting, no CGI gloss. Avoid: on-screen text, subtitles, watermarks, HUD or UI graphics, comic-book styling, capes, masks on the hero, glossy 3D-render look, extra fingers, changing hairstyles. (Continuous shot, part 1 of 2. Begin the described action; end the clip mid-movement, not on a settle. Use the final frame of part 0 as the starting reference so the move is unbroken.)"
S20-20I-b,20,20I,2/2,4,LOC-04 (burnt),"insert, eye, tight, 100mm, locked-off, no camera movement. He takes her BRASS HAND in both of his — the only real embrace in the film. 'Then build me one more thing.'. Setting: LOC-04 (burnt). night, rain through the roof. Light: lamp; the brass and the human hands lit identically. Effect: prosthetic detail; a faint amber pulse in the filament channels. Audio: the prosthetic's small servo, and the score entering under it. Photoreal live-action cinema, 2.39:1 anamorphic widescreen, fine 35mm grain, naturalistic skin, practical lighting, no CGI gloss. Avoid: on-screen text, subtitles, watermarks, HUD or UI graphics, comic-book styling, capes, masks on the hero, glossy 3D-render look, extra fingers, changing hairstyles. (Continuous shot, part 2 of 2. Complete the described action and settle on the final beat. Use the final frame of part 1 as the starting reference so the move is unbroken.)"
S21-21A-a,21,21A,1/2,5,LOC-06 + LOC-03,"WS, eye, wide, deeply symmetrical, 32mm, locked-off, no camera movement. Ose's ivory office, Level 30. One enormous rain-lashed window. The scale model of the Tidewall between them like a chessboard. Riya (34, Bengali-Indian woman, athletic, storm-grey military command coat with oxblood shoulder piping, black hair). Minister Ose (55, silver-black chignon, ivory high-collar coat, jade ring). Setting: the Bastion Spire — a brutalist grey concrete tower, low corridors, oxblood floor stripe, cyan fluorescents, rain on every window, intercut with the Stiltway — nine towers of stacked shipping containers and bamboo scaffold linked by rope walkways, saffron and teal tarpaulins, LED string lights, grey monsoon water below. storm night, category-five approaching. Light: warm ivory practicals; storm-blue from the window; the two temperatures never mix. Effect: CG storm city beyond the glass. Audio: the storm is silent through the glass — a pressure, not a noise. Photoreal live-action cinema, 2.39:1 anamorphic widescreen, fine 35mm grain, naturalistic skin, practical lighting, no CGI gloss. Avoid: on-screen text, subtitles, watermarks, HUD or UI graphics, comic-book styling, capes, masks on the hero, glossy 3D-render look, extra fingers, changing hairstyles. (Continuous shot, part 1 of 2. Begin the described action; end the clip mid-movement, not on a settle. Use the final frame of part 0 as the starting reference so the move is unbroken.)"
S21-21A-b,21,21A,2/2,4,LOC-06 + LOC-03,"WS, eye, wide, deeply symmetrical, 32mm, locked-off, no camera movement. Ose's ivory office, Level 30. One enormous rain-lashed window. The scale model of the Tidewall between them like a chessboard. Riya (34, Bengali-Indian woman, athletic, storm-grey military command coat with oxblood shoulder piping, black hair). Minister Ose (55, silver-black chignon, ivory high-collar coat, jade ring). Setting: the Bastion Spire — a brutalist grey concrete tower, low corridors, oxblood floor stripe, cyan fluorescents, rain on every window, intercut with the Stiltway — nine towers of stacked shipping containers and bamboo scaffold linked by rope walkways, saffron and teal tarpaulins, LED string lights, grey monsoon water below. storm night, category-five approaching. Light: warm ivory practicals; storm-blue from the window; the two temperatures never mix. Effect: CG storm city beyond the glass. Audio: the storm is silent through the glass — a pressure, not a noise. Photoreal live-action cinema, 2.39:1 anamorphic widescreen, fine 35mm grain, naturalistic skin, practical lighting, no CGI gloss. Avoid: on-screen text, subtitles, watermarks, HUD or UI graphics, comic-book styling, capes, masks on the hero, glossy 3D-render look, extra fingers, changing hairstyles. (Continuous shot, part 2 of 2. Complete the described action and settle on the final beat. Use the final frame of part 1 as the starting reference so the move is unbroken.)"
S21-21B-a,21,21B,1/2,5,LOC-06 + LOC-03,"CU, eye, 85mm, locked-off, no camera movement. 'Then in an hour nobody will remember that I didn't. That's the first argument for his plan I've found genuinely persuasive.'. Minister Ose (55, silver-black chignon, ivory high-collar coat, jade ring). Setting: the Bastion Spire — a brutalist grey concrete tower, low corridors, oxblood floor stripe, cyan fluorescents, rain on every window, intercut with the Stiltway — nine towers of stacked shipping containers and bamboo scaffold linked by rope walkways, saffron and teal tarpaulins, LED string lights, grey monsoon water below. storm night, category-five approaching. Light: ivory key, storm-blue rim. Audio: no score. Photoreal live-action cinema, 2.39:1 anamorphic widescreen, fine 35mm grain, naturalistic skin, practical lighting, no CGI gloss. Avoid: on-screen text, subtitles, watermarks, HUD or UI graphics, comic-book styling, capes, masks on the hero, glossy 3D-render look, extra fingers, changing hairstyles. (Continuous shot, part 1 of 2. Begin the described action; end the clip mid-movement, not on a settle. Use the final frame of part 0 as the starting reference so the move is unbroken.)"
S21-21B-b,21,21B,2/2,5,LOC-06 + LOC-03,"CU, eye, 85mm, locked-off, no camera movement. 'Then in an hour nobody will remember that I didn't. That's the first argument for his plan I've found genuinely persuasive.'. Minister Ose (55, silver-black chignon, ivory high-collar coat, jade ring). Setting: the Bastion Spire — a brutalist grey concrete tower, low corridors, oxblood floor stripe, cyan fluorescents, rain on every window, intercut with the Stiltway — nine towers of stacked shipping containers and bamboo scaffold linked by rope walkways, saffron and teal tarpaulins, LED string lights, grey monsoon water below. storm night, category-five approaching. Light: ivory key, storm-blue rim. Audio: no score. Photoreal live-action cinema, 2.39:1 anamorphic widescreen, fine 35mm grain, naturalistic skin, practical lighting, no CGI gloss. Avoid: on-screen text, subtitles, watermarks, HUD or UI graphics, comic-book styling, capes, masks on the hero, glossy 3D-render look, extra fingers, changing hairstyles. (Continuous shot, part 2 of 2. Complete the described action and settle on the final beat. Use the final frame of part 1 as the starting reference so the move is unbroken.)"
S21-21C,21,21C,1/1,6,LOC-06 + LOC-03,"insert, overhead, 85mm, locked-off, no camera movement. Riya's rank bars set on the ivory desk. Then her hands TEAR the insignia off her shoulder, leaving a darker unfaded patch. Setting: the Bastion Spire — a brutalist grey concrete tower, low corridors, oxblood floor stripe, cyan fluorescents, rain on every window, intercut with the Stiltway — nine towers of stacked shipping containers and bamboo scaffold linked by rope walkways, saffron and teal tarpaulins, LED string lights, grey monsoon water below. storm night, category-five approaching. Light: ivory. Audio: thread tearing; the bars on wood. Photoreal live-action cinema, 2.39:1 anamorphic widescreen, fine 35mm grain, naturalistic skin, practical lighting, no CGI gloss. Avoid: on-screen text, subtitles, watermarks, HUD or UI graphics, comic-book styling, capes, masks on the hero, glossy 3D-render look, extra fingers, changing hairstyles."
S21-21D-a,21,21D,1/2,5,LOC-06 + LOC-03,"MS, eye, over Ose's shoulder at the window, 50mm, locked-off, no camera movement. Facing away, dismissing her: 'Skiff Six is scheduled for maintenance. It won't be logged as missing until oh-nine-hundred. Neither will the five parked next to it.'. Minister Ose (55, silver-black chignon, ivory high-collar coat, jade ring). Setting: the Bastion Spire — a brutalist grey concrete tower, low corridors, oxblood floor stripe, cyan fluorescents, rain on every window, intercut with the Stiltway — nine towers of stacked shipping containers and bamboo scaffold linked by rope walkways, saffron and teal tarpaulins, LED string lights, grey monsoon water below. storm night, category-five approaching. Light: backlit, in silhouette against storm. Audio: rain hitting glass hard once, like punctuation. Photoreal live-action cinema, 2.39:1 anamorphic widescreen, fine 35mm grain, naturalistic skin, practical lighting, no CGI gloss. Avoid: on-screen text, subtitles, watermarks, HUD or UI graphics, comic-book styling, capes, masks on the hero, glossy 3D-render look, extra fingers, changing hairstyles. (Continuous shot, part 1 of 2. Begin the described action; end the clip mid-movement, not on a settle. Use the final frame of part 0 as the starting reference so the move is unbroken.)"
S21-21D-b,21,21D,2/2,4,LOC-06 + LOC-03,"MS, eye, over Ose's shoulder at the window, 50mm, locked-off, no camera movement. Facing away, dismissing her: 'Skiff Six is scheduled for maintenance. It won't be logged as missing until oh-nine-hundred. Neither will the five parked next to it.'. Minister Ose (55, silver-black chignon, ivory high-collar coat, jade ring). Setting: the Bastion Spire — a brutalist grey concrete tower, low corridors, oxblood floor stripe, cyan fluorescents, rain on every window, intercut with the Stiltway — nine towers of stacked shipping containers and bamboo scaffold linked by rope walkways, saffron and teal tarpaulins, LED string lights, grey monsoon water below. storm night, category-five approaching. Light: backlit, in silhouette against storm. Audio: rain hitting glass hard once, like punctuation. Photoreal live-action cinema, 2.39:1 anamorphic widescreen, fine 35mm grain, naturalistic skin, practical lighting, no CGI gloss. Avoid: on-screen text, subtitles, watermarks, HUD or UI graphics, comic-book styling, capes, masks on the hero, glossy 3D-render look, extra fingers, changing hairstyles. (Continuous shot, part 2 of 2. Complete the described action and settle on the final beat. Use the final frame of part 1 as the starting reference so the move is unbroken.)"
S21-21E,21,21E,1/1,8,LOC-06 + LOC-03,"EWS, low, from the water, looking up at the Long Walk, 25mm, slow crane up. STORM NIGHT on the Stiltway. The temporary rope bridge over the gap Arjun made in Sc.6. Wind tearing at tarpaulins. Setting: the Bastion Spire — a brutalist grey concrete tower, low corridors, oxblood floor stripe, cyan fluorescents, rain on every window, intercut with the Stiltway — nine towers of stacked shipping containers and bamboo scaffold linked by rope walkways, saffron and teal tarpaulins, LED string lights, grey monsoon water below. storm night, category-five approaching. Light: lightning, sodium floods, LED strings whipping and shorting. Effect: storm sim; the Sc.6 gap and its rope bridge — CONTINUITY CRITICAL. Audio: storm; rope under load; steel banging. Photoreal live-action cinema, 2.39:1 anamorphic widescreen, fine 35mm grain, naturalistic skin, practical lighting, no CGI gloss. Avoid: on-screen text, subtitles, watermarks, HUD or UI graphics, comic-book styling, capes, masks on the hero, glossy 3D-render look, extra fingers, changing hairstyles."
S21-21F,21,21F,1/1,6,LOC-06 + LOC-03,"MS, eye, handheld, 40mm, handheld follow. Arjun and Meera cross the rope bridge in the storm and come up onto the walkway — and STOP. Arjun (32, South Indian man, lean swimmer's build, deep brown skin, black mid-length hair pushed back with a grey streak at the RIGHT temple, heavy stubble, faint silver branching scars along both forearms). Meera (61, small Bengali woman, cropped grey-white hair, glasses on a beaded chain, her LEFT arm a brass mechanical prosthetic, indigo kurta and canvas apron). Setting: the Bastion Spire — a brutalist grey concrete tower, low corridors, oxblood floor stripe, cyan fluorescents, rain on every window, intercut with the Stiltway — nine towers of stacked shipping containers and bamboo scaffold linked by rope walkways, saffron and teal tarpaulins, LED string lights, grey monsoon water below. storm night, category-five approaching. Light: lightning; lamps ahead. Effect: rain, rope physics. Audio: their breathing; then a rising human sound. Photoreal live-action cinema, 2.39:1 anamorphic widescreen, fine 35mm grain, naturalistic skin, practical lighting, no CGI gloss. Avoid: on-screen text, subtitles, watermarks, HUD or UI graphics, comic-book styling, capes, masks on the hero, glossy 3D-render look, extra fingers, changing hairstyles."
S21-21G-a,21,21G,1/2,5,LOC-06 + LOC-03,"EWS, eye, wide, 32mm, slow push in. THE ENTIRE STILTWAY IS WAITING: Bhaskar, boat crews, kite kids, the noodle-stall woman, four hundred people with lamps in the rain. Bhaskar (44, bald South Indian man, thick grey moustache, gold tooth, tattooed forearms, oily work vest). Setting: the Bastion Spire — a brutalist grey concrete tower, low corridors, oxblood floor stripe, cyan fluorescents, rain on every window, intercut with the Stiltway — nine towers of stacked shipping containers and bamboo scaffold linked by rope walkways, saffron and teal tarpaulins, LED string lights, grey monsoon water below. storm night, category-five approaching. Light: four hundred handheld lamps and torches — the warmest wide shot in the film. Effect: crowd augmentation; practical lamp interactive. Audio: rain on four hundred plastic capes; nobody speaking. Photoreal live-action cinema, 2.39:1 anamorphic widescreen, fine 35mm grain, naturalistic skin, practical lighting, no CGI gloss. Avoid: on-screen text, subtitles, watermarks, HUD or UI graphics, comic-book styling, capes, masks on the hero, glossy 3D-render look, extra fingers, changing hairstyles. (Continuous shot, part 1 of 2. Begin the described action; end the clip mid-movement, not on a settle. Use the final frame of part 0 as the starting reference so the move is unbroken.)"
S21-21G-b,21,21G,2/2,5,LOC-06 + LOC-03,"EWS, eye, wide, 32mm, slow push in. THE ENTIRE STILTWAY IS WAITING: Bhaskar, boat crews, kite kids, the noodle-stall woman, four hundred people with lamps in the rain. Bhaskar (44, bald South Indian man, thick grey moustache, gold tooth, tattooed forearms, oily work vest). Setting: the Bastion Spire — a brutalist grey concrete tower, low corridors, oxblood floor stripe, cyan fluorescents, rain on every window, intercut with the Stiltway — nine towers of stacked shipping containers and bamboo scaffold linked by rope walkways, saffron and teal tarpaulins, LED string lights, grey monsoon water below. storm night, category-five approaching. Light: four hundred handheld lamps and torches — the warmest wide shot in the film. Effect: crowd augmentation; practical lamp interactive. Audio: rain on four hundred plastic capes; nobody speaking. Photoreal live-action cinema, 2.39:1 anamorphic widescreen, fine 35mm grain, naturalistic skin, practical lighting, no CGI gloss. Avoid: on-screen text, subtitles, watermarks, HUD or UI graphics, comic-book styling, capes, masks on the hero, glossy 3D-render look, extra fingers, changing hairstyles. (Continuous shot, part 2 of 2. Complete the described action and settle on the final beat. Use the final frame of part 1 as the starting reference so the move is unbroken.)"
S21-21H-a,21,21H,1/2,5,LOC-06 + LOC-03,"MS 2-shot, eye, 50mm, handheld. 'I broke this walkway.' / 'You held it up, you idiot.' Bhaskar thumbs at ninety boats below. Arjun (32, South Indian man, lean swimmer's build, deep brown skin, black mid-length hair pushed back with a grey streak at the RIGHT temple, heavy stubble, faint silver branching scars along both forearms). Bhaskar (44, bald South Indian man, thick grey moustache, gold tooth, tattooed forearms, oily work vest). Setting: the Bastion Spire — a brutalist grey concrete tower, low corridors, oxblood floor stripe, cyan fluorescents, rain on every window, intercut with the Stiltway — nine towers of stacked shipping containers and bamboo scaffold linked by rope walkways, saffron and teal tarpaulins, LED string lights, grey monsoon water below. storm night, category-five approaching. Light: lamp key, gold tooth catching. Audio: shouting over the storm. Photoreal live-action cinema, 2.39:1 anamorphic widescreen, fine 35mm grain, naturalistic skin, practical lighting, no CGI gloss. Avoid: on-screen text, subtitles, watermarks, HUD or UI graphics, comic-book styling, capes, masks on the hero, glossy 3D-render look, extra fingers, changing hairstyles. (Continuous shot, part 1 of 2. Begin the described action; end the clip mid-movement, not on a settle. Use the final frame of part 0 as the starting reference so the move is unbroken.)"
S21-21H-b,21,21H,2/2,5,LOC-06 + LOC-03,"MS 2-shot, eye, 50mm, handheld. 'I broke this walkway.' / 'You held it up, you idiot.' Bhaskar thumbs at ninety boats below. Arjun (32, South Indian man, lean swimmer's build, deep brown skin, black mid-length hair pushed back with a grey streak at the RIGHT temple, heavy stubble, faint silver branching scars along both forearms). Bhaskar (44, bald South Indian man, thick grey moustache, gold tooth, tattooed forearms, oily work vest). Setting: the Bastion Spire — a brutalist grey concrete tower, low corridors, oxblood floor stripe, cyan fluorescents, rain on every window, intercut with the Stiltway — nine towers of stacked shipping containers and bamboo scaffold linked by rope walkways, saffron and teal tarpaulins, LED string lights, grey monsoon water below. storm night, category-five approaching. Light: lamp key, gold tooth catching. Audio: shouting over the storm. Photoreal live-action cinema, 2.39:1 anamorphic widescreen, fine 35mm grain, naturalistic skin, practical lighting, no CGI gloss. Avoid: on-screen text, subtitles, watermarks, HUD or UI graphics, comic-book styling, capes, masks on the hero, glossy 3D-render look, extra fingers, changing hairstyles. (Continuous shot, part 2 of 2. Complete the described action and settle on the final beat. Use the final frame of part 1 as the starting reference so the move is unbroken.)"
S21-21I-a,21,21I,1/2,5,LOC-06 + LOC-03,"EWS, high, looking down at the water, 25mm, crane down. NINETY BOATS below the Stiltway, lamps lit, engines turning over in a category-five storm. Setting: the Bastion Spire — a brutalist grey concrete tower, low corridors, oxblood floor stripe, cyan fluorescents, rain on every window, intercut with the Stiltway — nine towers of stacked shipping containers and bamboo scaffold linked by rope walkways, saffron and teal tarpaulins, LED string lights, grey monsoon water below. storm night, category-five approaching. Light: ninety lamps on black water. Effect: CG boat fleet extension; ocean sim. Audio: ninety two-stroke engines; the score's first statement of the Fleet theme. Photoreal live-action cinema, 2.39:1 anamorphic widescreen, fine 35mm grain, naturalistic skin, practical lighting, no CGI gloss. Avoid: on-screen text, subtitles, watermarks, HUD or UI graphics, comic-book styling, capes, masks on the hero, glossy 3D-render look, extra fingers, changing hairstyles. (Continuous shot, part 1 of 2. Begin the described action; end the clip mid-movement, not on a settle. Use the final frame of part 0 as the starting reference so the move is unbroken.)"
S21-21I-b,21,21I,2/2,4,LOC-06 + LOC-03,"EWS, high, looking down at the water, 25mm, crane down. NINETY BOATS below the Stiltway, lamps lit, engines turning over in a category-five storm. Setting: the Bastion Spire — a brutalist grey concrete tower, low corridors, oxblood floor stripe, cyan fluorescents, rain on every window, intercut with the Stiltway — nine towers of stacked shipping containers and bamboo scaffold linked by rope walkways, saffron and teal tarpaulins, LED string lights, grey monsoon water below. storm night, category-five approaching. Light: ninety lamps on black water. Effect: CG boat fleet extension; ocean sim. Audio: ninety two-stroke engines; the score's first statement of the Fleet theme. Photoreal live-action cinema, 2.39:1 anamorphic widescreen, fine 35mm grain, naturalistic skin, practical lighting, no CGI gloss. Avoid: on-screen text, subtitles, watermarks, HUD or UI graphics, comic-book styling, capes, masks on the hero, glossy 3D-render look, extra fingers, changing hairstyles. (Continuous shot, part 2 of 2. Complete the described action and settle on the final beat. Use the final frame of part 1 as the starting reference so the move is unbroken.)"
S22-22A-a,22,22A,1/2,6,LOC-08,"EWS, extreme wide, eye, dead centre, 25mm, locked-off, no camera movement. The Assembly Hall: bone-white, 30m ceilings, absolutely nothing on any wall, two hundred Hollow standing motionless at the edges, a 40m circular Moon Pool of black water at the centre. the Hollow (figures in bone-white hooded lacquer coats and smooth half-masks covering only nose to chin so their calm eyes stay bare — they only ever WALK, never run). Setting: the Ark — a drilling rig re-clad in seamless bone-white lacquer, 30m ceilings, nothing on any wall, a 40m circular pool of black water, even sourceless shadowless white light. night, storm outside, dead calm inside. Light: even, sourceless, shadowless white — no visible fixtures anywhere. Effect: CG hall extension; the moon pool water; 200 crowd. Audio: NO ROOM TONE AT ALL. No hum, no air handling, nothing. Acoustically dead. Photoreal live-action cinema, 2.39:1 anamorphic widescreen, fine 35mm grain, naturalistic skin, practical lighting, no CGI gloss. Avoid: on-screen text, subtitles, watermarks, HUD or UI graphics, comic-book styling, capes, masks on the hero, glossy 3D-render look, extra fingers, changing hairstyles. (Continuous shot, part 1 of 2. Begin the described action; end the clip mid-movement, not on a settle. Use the final frame of part 0 as the starting reference so the move is unbroken.)"
S22-22A-b,22,22A,2/2,5,LOC-08,"EWS, extreme wide, eye, dead centre, 25mm, locked-off, no camera movement. The Assembly Hall: bone-white, 30m ceilings, absolutely nothing on any wall, two hundred Hollow standing motionless at the edges, a 40m circular Moon Pool of black water at the centre. the Hollow (figures in bone-white hooded lacquer coats and smooth half-masks covering only nose to chin so their calm eyes stay bare — they only ever WALK, never run). Setting: the Ark — a drilling rig re-clad in seamless bone-white lacquer, 30m ceilings, nothing on any wall, a 40m circular pool of black water, even sourceless shadowless white light. night, storm outside, dead calm inside. Light: even, sourceless, shadowless white — no visible fixtures anywhere. Effect: CG hall extension; the moon pool water; 200 crowd. Audio: NO ROOM TONE AT ALL. No hum, no air handling, nothing. Acoustically dead. Photoreal live-action cinema, 2.39:1 anamorphic widescreen, fine 35mm grain, naturalistic skin, practical lighting, no CGI gloss. Avoid: on-screen text, subtitles, watermarks, HUD or UI graphics, comic-book styling, capes, masks on the hero, glossy 3D-render look, extra fingers, changing hairstyles. (Continuous shot, part 2 of 2. Complete the described action and settle on the final beat. Use the final frame of part 1 as the starting reference so the move is unbroken.)"
S22-22B,22,22B,1/1,8,LOC-08,"MS, eye, 50mm, locked-off, no camera movement. Kira barefoot in a bone-white shift, six braids loose, palms bandaged — and Arjun's brass regulator still clipped at her waist, the one dirty object in the frame. Kira (17, mixed Nigerian-Indian girl, wiry, dark brown skin, SIX cornrows in a high knot with THREE copper clips on the left, one brass earring, grey cloth wraps on both forearms). Setting: the Ark — a drilling rig re-clad in seamless bone-white lacquer, 30m ceilings, nothing on any wall, a 40m circular pool of black water, even sourceless shadowless white light. night, storm outside, dead calm inside. Light: shadowless white; her skin is the only warm value in shot. Audio: her bare feet on lacquer — the only sound. Photoreal live-action cinema, 2.39:1 anamorphic widescreen, fine 35mm grain, naturalistic skin, practical lighting, no CGI gloss. Avoid: on-screen text, subtitles, watermarks, HUD or UI graphics, comic-book styling, capes, masks on the hero, glossy 3D-render look, extra fingers, changing hairstyles."
S22-22C,22,22C,1/1,4,LOC-08,"insert, overhead, 100mm macro, locked-off, no camera movement. A small white dish holding three copper clips and one brass earring. Removed. Waiting. Setting: the Ark — a drilling rig re-clad in seamless bone-white lacquer, 30m ceilings, nothing on any wall, a 40m circular pool of black water, even sourceless shadowless white light. night, storm outside, dead calm inside. Light: shadowless white. Audio: silence. Photoreal live-action cinema, 2.39:1 anamorphic widescreen, fine 35mm grain, naturalistic skin, practical lighting, no CGI gloss. Avoid: on-screen text, subtitles, watermarks, HUD or UI graphics, comic-book styling, capes, masks on the hero, glossy 3D-render look, extra fingers, changing hairstyles."
S22-22D-a,22,22D,1/2,5,LOC-08,"MS, eye, 50mm, very slow push. Dev walks to her barefoot and stops at a respectful distance — and does not try to touch her. CRYSTALLISATION STAGE 3: left jaw, neck, shoulder and chest. Dev (58, South Indian man, tall and broad, grey beard, iron-grey hair swept back, LEFT eye brown and RIGHT eye crystalline white-blue, translucent crystal spreading from his left jaw down his neck, long plain charcoal coat, cracked bronze gorget, wedding band on a chain, barefoot). Setting: the Ark — a drilling rig re-clad in seamless bone-white lacquer, 30m ceilings, nothing on any wall, a 40m circular pool of black water, even sourceless shadowless white light. night, storm outside, dead calm inside. Light: shadowless white; the crystal is the only thing in frame that refracts. Effect: Stage 3 crystallisation with internal light drift. Audio: his bare feet; his breathing has a faint crystalline resonance now. Photoreal live-action cinema, 2.39:1 anamorphic widescreen, fine 35mm grain, naturalistic skin, practical lighting, no CGI gloss. Avoid: on-screen text, subtitles, watermarks, HUD or UI graphics, comic-book styling, capes, masks on the hero, glossy 3D-render look, extra fingers, changing hairstyles. (Continuous shot, part 1 of 2. Begin the described action; end the clip mid-movement, not on a settle. Use the final frame of part 0 as the starting reference so the move is unbroken.)"
S22-22D-b,22,22D,2/2,4,LOC-08,"MS, eye, 50mm, very slow push. Dev walks to her barefoot and stops at a respectful distance — and does not try to touch her. CRYSTALLISATION STAGE 3: left jaw, neck, shoulder and chest. Dev (58, South Indian man, tall and broad, grey beard, iron-grey hair swept back, LEFT eye brown and RIGHT eye crystalline white-blue, translucent crystal spreading from his left jaw down his neck, long plain charcoal coat, cracked bronze gorget, wedding band on a chain, barefoot). Setting: the Ark — a drilling rig re-clad in seamless bone-white lacquer, 30m ceilings, nothing on any wall, a 40m circular pool of black water, even sourceless shadowless white light. night, storm outside, dead calm inside. Light: shadowless white; the crystal is the only thing in frame that refracts. Effect: Stage 3 crystallisation with internal light drift. Audio: his bare feet; his breathing has a faint crystalline resonance now. Photoreal live-action cinema, 2.39:1 anamorphic widescreen, fine 35mm grain, naturalistic skin, practical lighting, no CGI gloss. Avoid: on-screen text, subtitles, watermarks, HUD or UI graphics, comic-book styling, capes, masks on the hero, glossy 3D-render look, extra fingers, changing hairstyles. (Continuous shot, part 2 of 2. Complete the described action and settle on the final beat. Use the final frame of part 1 as the starting reference so the move is unbroken.)"
S22-22E-a,22,22E,1/2,5,LOC-08,"CU, eye, 85mm, locked-off, no camera movement. 'You've got her hands. She had these terrible strong hands, and she'd—' He stops, frustrated with himself. 'I've got the sentence. I don't have the picture.'. Dev (58, South Indian man, tall and broad, grey beard, iron-grey hair swept back, LEFT eye brown and RIGHT eye crystalline white-blue, translucent crystal spreading from his left jaw down his neck, long plain charcoal coat, cracked bronze gorget, wedding band on a chain, barefoot). Setting: the Ark — a drilling rig re-clad in seamless bone-white lacquer, 30m ceilings, nothing on any wall, a 40m circular pool of black water, even sourceless shadowless white light. night, storm outside, dead calm inside. Light: shadowless white. Effect: crystallisation. Audio: nothing. Photoreal live-action cinema, 2.39:1 anamorphic widescreen, fine 35mm grain, naturalistic skin, practical lighting, no CGI gloss. Avoid: on-screen text, subtitles, watermarks, HUD or UI graphics, comic-book styling, capes, masks on the hero, glossy 3D-render look, extra fingers, changing hairstyles. (Continuous shot, part 1 of 2. Begin the described action; end the clip mid-movement, not on a settle. Use the final frame of part 0 as the starting reference so the move is unbroken.)"
S22-22E-b,22,22E,2/2,5,LOC-08,"CU, eye, 85mm, locked-off, no camera movement. 'You've got her hands. She had these terrible strong hands, and she'd—' He stops, frustrated with himself. 'I've got the sentence. I don't have the picture.'. Dev (58, South Indian man, tall and broad, grey beard, iron-grey hair swept back, LEFT eye brown and RIGHT eye crystalline white-blue, translucent crystal spreading from his left jaw down his neck, long plain charcoal coat, cracked bronze gorget, wedding band on a chain, barefoot). Setting: the Ark — a drilling rig re-clad in seamless bone-white lacquer, 30m ceilings, nothing on any wall, a 40m circular pool of black water, even sourceless shadowless white light. night, storm outside, dead calm inside. Light: shadowless white. Effect: crystallisation. Audio: nothing. Photoreal live-action cinema, 2.39:1 anamorphic widescreen, fine 35mm grain, naturalistic skin, practical lighting, no CGI gloss. Avoid: on-screen text, subtitles, watermarks, HUD or UI graphics, comic-book styling, capes, masks on the hero, glossy 3D-render look, extra fingers, changing hairstyles. (Continuous shot, part 2 of 2. Complete the described action and settle on the final beat. Use the final frame of part 1 as the starting reference so the move is unbroken.)"
S22-22F-a,22,22F,1/2,5,LOC-08,"WS, high, looking down at the Moon Pool, 32mm, slow crane down toward the water. He raises a hand. The black water goes STILL AS GLASS. The Concord blooms on it. Dev (58, South Indian man, tall and broad, grey beard, iron-grey hair swept back, LEFT eye brown and RIGHT eye crystalline white-blue, translucent crystal spreading from his left jaw down his neck, long plain charcoal coat, cracked bronze gorget, wedding band on a chain, barefoot). Kira (17, mixed Nigerian-Indian girl, wiry, dark brown skin, SIX cornrows in a high knot with THREE copper clips on the left, one brass earring, grey cloth wraps on both forearms). Setting: the Ark — a drilling rig re-clad in seamless bone-white lacquer, 30m ceilings, nothing on any wall, a 40m circular pool of black water, even sourceless shadowless white light. night, storm outside, dead calm inside. Light: the projection becomes the only light source; two figures lit from below by a memory. Effect: the Concord projection: not a hologram; a warm, grain-true, sunlit image lying ON black water like a reflection of a day that isn't there. Audio: a market, distant, from underwater. Photoreal live-action cinema, 2.39:1 anamorphic widescreen, fine 35mm grain, naturalistic skin, practical lighting, no CGI gloss. Avoid: on-screen text, subtitles, watermarks, HUD or UI graphics, comic-book styling, capes, masks on the hero, glossy 3D-render look, extra fingers, changing hairstyles. (Continuous shot, part 1 of 2. Begin the described action; end the clip mid-movement, not on a settle. Use the final frame of part 0 as the starting reference so the move is unbroken.)"
S22-22F-b,22,22F,2/2,5,LOC-08,"WS, high, looking down at the Moon Pool, 32mm, slow crane down toward the water. He raises a hand. The black water goes STILL AS GLASS. The Concord blooms on it. Dev (58, South Indian man, tall and broad, grey beard, iron-grey hair swept back, LEFT eye brown and RIGHT eye crystalline white-blue, translucent crystal spreading from his left jaw down his neck, long plain charcoal coat, cracked bronze gorget, wedding band on a chain, barefoot). Kira (17, mixed Nigerian-Indian girl, wiry, dark brown skin, SIX cornrows in a high knot with THREE copper clips on the left, one brass earring, grey cloth wraps on both forearms). Setting: the Ark — a drilling rig re-clad in seamless bone-white lacquer, 30m ceilings, nothing on any wall, a 40m circular pool of black water, even sourceless shadowless white light. night, storm outside, dead calm inside. Light: the projection becomes the only light source; two figures lit from below by a memory. Effect: the Concord projection: not a hologram; a warm, grain-true, sunlit image lying ON black water like a reflection of a day that isn't there. Audio: a market, distant, from underwater. Photoreal live-action cinema, 2.39:1 anamorphic widescreen, fine 35mm grain, naturalistic skin, practical lighting, no CGI gloss. Avoid: on-screen text, subtitles, watermarks, HUD or UI graphics, comic-book styling, capes, masks on the hero, glossy 3D-render look, extra fingers, changing hairstyles. (Continuous shot, part 2 of 2. Complete the described action and settle on the final beat. Use the final frame of part 1 as the starting reference so the move is unbroken.)"
S22-22G-a,22,22G,1/2,5,LOC-08,"insert, straight down onto the water, 50mm, locked-off, no camera movement. AMARA OKONKWO on the black water — tall, close-cropped hair, medic's kit, RED THREAD on her wrist — laughing at something off-frame, a five-year-old on her hip. Amara (33, tall Nigerian woman, close-cropped hair, field-medic kit, a RED THREAD bracelet on her wrist, laughing). Setting: the Ark — a drilling rig re-clad in seamless bone-white lacquer, 30m ceilings, nothing on any wall, a 40m circular pool of black water, even sourceless shadowless white light. night, storm outside, dead calm inside. Light: warm real 2059 sunlight inside the projection; ice-white room around it. Effect: period plate composited onto water surface with true water displacement. Audio: her laugh, filtered, ninety seconds long, looping. Photoreal live-action cinema, 2.39:1 anamorphic widescreen, fine 35mm grain, naturalistic skin, practical lighting, no CGI gloss. Avoid: on-screen text, subtitles, watermarks, HUD or UI graphics, comic-book styling, capes, masks on the hero, glossy 3D-render look, extra fingers, changing hairstyles. (Continuous shot, part 1 of 2. Begin the described action; end the clip mid-movement, not on a settle. Use the final frame of part 0 as the starting reference so the move is unbroken.)"
S22-22G-b,22,22G,2/2,5,LOC-08,"insert, straight down onto the water, 50mm, locked-off, no camera movement. AMARA OKONKWO on the black water — tall, close-cropped hair, medic's kit, RED THREAD on her wrist — laughing at something off-frame, a five-year-old on her hip. Amara (33, tall Nigerian woman, close-cropped hair, field-medic kit, a RED THREAD bracelet on her wrist, laughing). Setting: the Ark — a drilling rig re-clad in seamless bone-white lacquer, 30m ceilings, nothing on any wall, a 40m circular pool of black water, even sourceless shadowless white light. night, storm outside, dead calm inside. Light: warm real 2059 sunlight inside the projection; ice-white room around it. Effect: period plate composited onto water surface with true water displacement. Audio: her laugh, filtered, ninety seconds long, looping. Photoreal live-action cinema, 2.39:1 anamorphic widescreen, fine 35mm grain, naturalistic skin, practical lighting, no CGI gloss. Avoid: on-screen text, subtitles, watermarks, HUD or UI graphics, comic-book styling, capes, masks on the hero, glossy 3D-render look, extra fingers, changing hairstyles. (Continuous shot, part 2 of 2. Complete the described action and settle on the final beat. Use the final frame of part 1 as the starting reference so the move is unbroken.)"
S22-22H,22,22H,1/1,7,LOC-08,"CU, eye, 100mm, locked-off, no camera movement. Kira makes a sound that is not a word. Warm light from below on her face for the first time since the kite-field. Kira (17, mixed Nigerian-Indian girl, wiry, dark brown skin, SIX cornrows in a high knot with THREE copper clips on the left, one brass earring, grey cloth wraps on both forearms). Setting: the Ark — a drilling rig re-clad in seamless bone-white lacquer, 30m ceilings, nothing on any wall, a 40m circular pool of black water, even sourceless shadowless white light. night, storm outside, dead calm inside. Light: warm underlight from the water. Audio: her breath breaking. Photoreal live-action cinema, 2.39:1 anamorphic widescreen, fine 35mm grain, naturalistic skin, practical lighting, no CGI gloss. Avoid: on-screen text, subtitles, watermarks, HUD or UI graphics, comic-book styling, capes, masks on the hero, glossy 3D-render look, extra fingers, changing hairstyles."
S22-22I-a,22,22I,1/3,6,LOC-08,"MS 2-shot, eye, both facing the water, not each other, 40mm, locked-off, no camera movement. 'In a shared field, a recording isn't a recording. It's a place. You could go and stand in it.' / 'And the price.' / 'You lose the ache.'. Dev (58, South Indian man, tall and broad, grey beard, iron-grey hair swept back, LEFT eye brown and RIGHT eye crystalline white-blue, translucent crystal spreading from his left jaw down his neck, long plain charcoal coat, cracked bronze gorget, wedding band on a chain, barefoot). Kira (17, mixed Nigerian-Indian girl, wiry, dark brown skin, SIX cornrows in a high knot with THREE copper clips on the left, one brass earring, grey cloth wraps on both forearms). Setting: the Ark — a drilling rig re-clad in seamless bone-white lacquer, 30m ceilings, nothing on any wall, a 40m circular pool of black water, even sourceless shadowless white light. night, storm outside, dead calm inside. Light: warm from below, cold from everywhere. Effect: projection interactive. Audio: the looping laugh under the dialogue. Photoreal live-action cinema, 2.39:1 anamorphic widescreen, fine 35mm grain, naturalistic skin, practical lighting, no CGI gloss. Avoid: on-screen text, subtitles, watermarks, HUD or UI graphics, comic-book styling, capes, masks on the hero, glossy 3D-render look, extra fingers, changing hairstyles. (Continuous shot, part 1 of 3. Begin the described action; end the clip mid-movement, not on a settle. Use the final frame of part 0 as the starting reference so the move is unbroken.)"
S22-22I-b,22,22I,2/3,6,LOC-08,"MS 2-shot, eye, both facing the water, not each other, 40mm, locked-off, no camera movement. 'In a shared field, a recording isn't a recording. It's a place. You could go and stand in it.' / 'And the price.' / 'You lose the ache.'. Dev (58, South Indian man, tall and broad, grey beard, iron-grey hair swept back, LEFT eye brown and RIGHT eye crystalline white-blue, translucent crystal spreading from his left jaw down his neck, long plain charcoal coat, cracked bronze gorget, wedding band on a chain, barefoot). Kira (17, mixed Nigerian-Indian girl, wiry, dark brown skin, SIX cornrows in a high knot with THREE copper clips on the left, one brass earring, grey cloth wraps on both forearms). Setting: the Ark — a drilling rig re-clad in seamless bone-white lacquer, 30m ceilings, nothing on any wall, a 40m circular pool of black water, even sourceless shadowless white light. night, storm outside, dead calm inside. Light: warm from below, cold from everywhere. Effect: projection interactive. Audio: the looping laugh under the dialogue. Photoreal live-action cinema, 2.39:1 anamorphic widescreen, fine 35mm grain, naturalistic skin, practical lighting, no CGI gloss. Avoid: on-screen text, subtitles, watermarks, HUD or UI graphics, comic-book styling, capes, masks on the hero, glossy 3D-render look, extra fingers, changing hairstyles. (Continuous shot, part 2 of 3. Continue the described action already in progress; neither begin nor resolve it. Use the final frame of part 1 as the starting reference so the move is unbroken.)"
S22-22I-c,22,22I,3/3,6,LOC-08,"MS 2-shot, eye, both facing the water, not each other, 40mm, locked-off, no camera movement. 'In a shared field, a recording isn't a recording. It's a place. You could go and stand in it.' / 'And the price.' / 'You lose the ache.'. Dev (58, South Indian man, tall and broad, grey beard, iron-grey hair swept back, LEFT eye brown and RIGHT eye crystalline white-blue, translucent crystal spreading from his left jaw down his neck, long plain charcoal coat, cracked bronze gorget, wedding band on a chain, barefoot). Kira (17, mixed Nigerian-Indian girl, wiry, dark brown skin, SIX cornrows in a high knot with THREE copper clips on the left, one brass earring, grey cloth wraps on both forearms). Setting: the Ark — a drilling rig re-clad in seamless bone-white lacquer, 30m ceilings, nothing on any wall, a 40m circular pool of black water, even sourceless shadowless white light. night, storm outside, dead calm inside. Light: warm from below, cold from everywhere. Effect: projection interactive. Audio: the looping laugh under the dialogue. Photoreal live-action cinema, 2.39:1 anamorphic widescreen, fine 35mm grain, naturalistic skin, practical lighting, no CGI gloss. Avoid: on-screen text, subtitles, watermarks, HUD or UI graphics, comic-book styling, capes, masks on the hero, glossy 3D-render look, extra fingers, changing hairstyles. (Continuous shot, part 3 of 3. Complete the described action and settle on the final beat. Use the final frame of part 2 as the starting reference so the move is unbroken.)"
S22-22J-a,22,22J,1/2,6,LOC-08,"CU, eye, 85mm, locked-off, no camera movement. THE GENTLEST LINE IN THE FILM: 'I'm not asking you to forget your mother. I'm asking you to stop being punished for having had one.' Beat. 'You're allowed to want it.'. Dev (58, South Indian man, tall and broad, grey beard, iron-grey hair swept back, LEFT eye brown and RIGHT eye crystalline white-blue, translucent crystal spreading from his left jaw down his neck, long plain charcoal coat, cracked bronze gorget, wedding band on a chain, barefoot). Setting: the Ark — a drilling rig re-clad in seamless bone-white lacquer, 30m ceilings, nothing on any wall, a 40m circular pool of black water, even sourceless shadowless white light. night, storm outside, dead calm inside. Light: warm under, white over. Effect: crystallisation. Audio: nothing under it. Photoreal live-action cinema, 2.39:1 anamorphic widescreen, fine 35mm grain, naturalistic skin, practical lighting, no CGI gloss. Avoid: on-screen text, subtitles, watermarks, HUD or UI graphics, comic-book styling, capes, masks on the hero, glossy 3D-render look, extra fingers, changing hairstyles. (Continuous shot, part 1 of 2. Begin the described action; end the clip mid-movement, not on a settle. Use the final frame of part 0 as the starting reference so the move is unbroken.)"
S22-22J-b,22,22J,2/2,6,LOC-08,"CU, eye, 85mm, locked-off, no camera movement. THE GENTLEST LINE IN THE FILM: 'I'm not asking you to forget your mother. I'm asking you to stop being punished for having had one.' Beat. 'You're allowed to want it.'. Dev (58, South Indian man, tall and broad, grey beard, iron-grey hair swept back, LEFT eye brown and RIGHT eye crystalline white-blue, translucent crystal spreading from his left jaw down his neck, long plain charcoal coat, cracked bronze gorget, wedding band on a chain, barefoot). Setting: the Ark — a drilling rig re-clad in seamless bone-white lacquer, 30m ceilings, nothing on any wall, a 40m circular pool of black water, even sourceless shadowless white light. night, storm outside, dead calm inside. Light: warm under, white over. Effect: crystallisation. Audio: nothing under it. Photoreal live-action cinema, 2.39:1 anamorphic widescreen, fine 35mm grain, naturalistic skin, practical lighting, no CGI gloss. Avoid: on-screen text, subtitles, watermarks, HUD or UI graphics, comic-book styling, capes, masks on the hero, glossy 3D-render look, extra fingers, changing hairstyles. (Continuous shot, part 2 of 2. Complete the described action and settle on the final beat. Use the final frame of part 1 as the starting reference so the move is unbroken.)"
S22-22K-a,22,22K,1/2,5,LOC-08,"ECU, eye, 135mm, locked-off, no camera movement. 'I want it.' / 'I know.' Her bandaged hand rises toward the image and gold light stirs at her fingertips, UNBIDDEN — she is already weaving. Kira (17, mixed Nigerian-Indian girl, wiry, dark brown skin, SIX cornrows in a high knot with THREE copper clips on the left, one brass earring, grey cloth wraps on both forearms). Setting: the Ark — a drilling rig re-clad in seamless bone-white lacquer, 30m ceilings, nothing on any wall, a 40m circular pool of black water, even sourceless shadowless white light. night, storm outside, dead calm inside. Light: warm under; gold from her own fingers entering frame. Effect: involuntary tether wisps, unformed, trembling. Audio: the tether tone, out of tune, quiet. Photoreal live-action cinema, 2.39:1 anamorphic widescreen, fine 35mm grain, naturalistic skin, practical lighting, no CGI gloss. Avoid: on-screen text, subtitles, watermarks, HUD or UI graphics, comic-book styling, capes, masks on the hero, glossy 3D-render look, extra fingers, changing hairstyles. (Continuous shot, part 1 of 2. Begin the described action; end the clip mid-movement, not on a settle. Use the final frame of part 0 as the starting reference so the move is unbroken.)"
S22-22K-b,22,22K,2/2,4,LOC-08,"ECU, eye, 135mm, locked-off, no camera movement. 'I want it.' / 'I know.' Her bandaged hand rises toward the image and gold light stirs at her fingertips, UNBIDDEN — she is already weaving. Kira (17, mixed Nigerian-Indian girl, wiry, dark brown skin, SIX cornrows in a high knot with THREE copper clips on the left, one brass earring, grey cloth wraps on both forearms). Setting: the Ark — a drilling rig re-clad in seamless bone-white lacquer, 30m ceilings, nothing on any wall, a 40m circular pool of black water, even sourceless shadowless white light. night, storm outside, dead calm inside. Light: warm under; gold from her own fingers entering frame. Effect: involuntary tether wisps, unformed, trembling. Audio: the tether tone, out of tune, quiet. Photoreal live-action cinema, 2.39:1 anamorphic widescreen, fine 35mm grain, naturalistic skin, practical lighting, no CGI gloss. Avoid: on-screen text, subtitles, watermarks, HUD or UI graphics, comic-book styling, capes, masks on the hero, glossy 3D-render look, extra fingers, changing hairstyles. (Continuous shot, part 2 of 2. Complete the described action and settle on the final beat. Use the final frame of part 1 as the starting reference so the move is unbroken.)"
S23-23A,23,23A,1/1,8,LOC-02 + LOC-03,"WS, underwater, low, 25mm, slow drift. The Drowned Cathedral again — identical to Sc.2, plus a fresh silt cloud. Arjun cuts the chain on a rusted rack of Corps mantles. Arjun (32, South Indian man, lean swimmer's build, deep brown skin, black mid-length hair pushed back with a grey streak at the RIGHT temple, heavy stubble, faint silver branching scars along both forearms). Setting: a drowned transit hall 18m underwater, 40m vaulted ceiling, cast-iron columns, silt, one vertical green god-ray from a broken skylight, intercut with the Stiltway — nine towers of stacked shipping containers and bamboo scaffold linked by rope walkways, saffron and teal tarpaulins, LED string lights, grey monsoon water below. pre-dawn, rain. Light: the same single green god-ray; his amber lamp. Effect: CG environment (must match Sc.2 exactly); silt; bolt cutter. Audio: underwater; chain parting. Photoreal live-action cinema, 2.39:1 anamorphic widescreen, fine 35mm grain, naturalistic skin, practical lighting, no CGI gloss. Avoid: on-screen text, subtitles, watermarks, HUD or UI graphics, comic-book styling, capes, masks on the hero, glossy 3D-render look, extra fingers, changing hairstyles."
S23-23B-a,23,23B,1/2,5,LOC-02 + LOC-03,"MS, eye, underwater, 40mm, locked-off, no camera movement. Three mantles come free in a slow cloud of silt and hang in the water like drowned men: a Bastion cuirass, a Tether harness, and a third, smaller, that they take and never use. Setting: a drowned transit hall 18m underwater, 40m vaulted ceiling, cast-iron columns, silt, one vertical green god-ray from a broken skylight, intercut with the Stiltway — nine towers of stacked shipping containers and bamboo scaffold linked by rope walkways, saffron and teal tarpaulins, LED string lights, grey monsoon water below. pre-dawn, rain. Light: god-ray behind, amber lamp front. Effect: cloth sim underwater; the third mantle is planted for a payoff that never comes — deliberately. Audio: a long low chord. Photoreal live-action cinema, 2.39:1 anamorphic widescreen, fine 35mm grain, naturalistic skin, practical lighting, no CGI gloss. Avoid: on-screen text, subtitles, watermarks, HUD or UI graphics, comic-book styling, capes, masks on the hero, glossy 3D-render look, extra fingers, changing hairstyles. (Continuous shot, part 1 of 2. Begin the described action; end the clip mid-movement, not on a settle. Use the final frame of part 0 as the starting reference so the move is unbroken.)"
S23-23B-b,23,23B,2/2,4,LOC-02 + LOC-03,"MS, eye, underwater, 40mm, locked-off, no camera movement. Three mantles come free in a slow cloud of silt and hang in the water like drowned men: a Bastion cuirass, a Tether harness, and a third, smaller, that they take and never use. Setting: a drowned transit hall 18m underwater, 40m vaulted ceiling, cast-iron columns, silt, one vertical green god-ray from a broken skylight, intercut with the Stiltway — nine towers of stacked shipping containers and bamboo scaffold linked by rope walkways, saffron and teal tarpaulins, LED string lights, grey monsoon water below. pre-dawn, rain. Light: god-ray behind, amber lamp front. Effect: cloth sim underwater; the third mantle is planted for a payoff that never comes — deliberately. Audio: a long low chord. Photoreal live-action cinema, 2.39:1 anamorphic widescreen, fine 35mm grain, naturalistic skin, practical lighting, no CGI gloss. Avoid: on-screen text, subtitles, watermarks, HUD or UI graphics, comic-book styling, capes, masks on the hero, glossy 3D-render look, extra fingers, changing hairstyles. (Continuous shot, part 2 of 2. Complete the described action and settle on the final beat. Use the final frame of part 1 as the starting reference so the move is unbroken.)"
S23-23C-a,23,23C,1/2,5,LOC-02 + LOC-03,"MS, low, 32mm, handheld. BHASKAR'S YARD, pre-dawn: sparks. Bhaskar fits the salt-pitted cuirass and replaces three rivets with MISMATCHED STEEL ONES. Bhaskar (44, bald South Indian man, thick grey moustache, gold tooth, tattooed forearms, oily work vest). Arjun (32, South Indian man, lean swimmer's build, deep brown skin, black mid-length hair pushed back with a grey streak at the RIGHT temple, heavy stubble, faint silver branching scars along both forearms). Setting: a drowned transit hall 18m underwater, 40m vaulted ceiling, cast-iron columns, silt, one vertical green god-ray from a broken skylight, intercut with the Stiltway — nine towers of stacked shipping containers and bamboo scaffold linked by rope walkways, saffron and teal tarpaulins, LED string lights, grey monsoon water below. pre-dawn, rain. Light: welding arc as a hard blue strobe key; oil-drum fire warm fill; blue pre-dawn ambient. Effect: welding arc interactive light. Audio: grinder, hammer, rain on steel. Photoreal live-action cinema, 2.39:1 anamorphic widescreen, fine 35mm grain, naturalistic skin, practical lighting, no CGI gloss. Avoid: on-screen text, subtitles, watermarks, HUD or UI graphics, comic-book styling, capes, masks on the hero, glossy 3D-render look, extra fingers, changing hairstyles. (Continuous shot, part 1 of 2. Begin the described action; end the clip mid-movement, not on a settle. Use the final frame of part 0 as the starting reference so the move is unbroken.)"
S23-23C-b,23,23C,2/2,4,LOC-02 + LOC-03,"MS, low, 32mm, handheld. BHASKAR'S YARD, pre-dawn: sparks. Bhaskar fits the salt-pitted cuirass and replaces three rivets with MISMATCHED STEEL ONES. Bhaskar (44, bald South Indian man, thick grey moustache, gold tooth, tattooed forearms, oily work vest). Arjun (32, South Indian man, lean swimmer's build, deep brown skin, black mid-length hair pushed back with a grey streak at the RIGHT temple, heavy stubble, faint silver branching scars along both forearms). Setting: a drowned transit hall 18m underwater, 40m vaulted ceiling, cast-iron columns, silt, one vertical green god-ray from a broken skylight, intercut with the Stiltway — nine towers of stacked shipping containers and bamboo scaffold linked by rope walkways, saffron and teal tarpaulins, LED string lights, grey monsoon water below. pre-dawn, rain. Light: welding arc as a hard blue strobe key; oil-drum fire warm fill; blue pre-dawn ambient. Effect: welding arc interactive light. Audio: grinder, hammer, rain on steel. Photoreal live-action cinema, 2.39:1 anamorphic widescreen, fine 35mm grain, naturalistic skin, practical lighting, no CGI gloss. Avoid: on-screen text, subtitles, watermarks, HUD or UI graphics, comic-book styling, capes, masks on the hero, glossy 3D-render look, extra fingers, changing hairstyles. (Continuous shot, part 2 of 2. Complete the described action and settle on the final beat. Use the final frame of part 1 as the starting reference so the move is unbroken.)"
S23-23D,23,23D,1/1,8,LOC-02 + LOC-03,"insert, macro, 100mm macro, slow lateral. Meera's ONE HAND re-channelling the forearm bracers so the conduit lines align exactly with Arjun's actual Threadwork scars. Setting: a drowned transit hall 18m underwater, 40m vaulted ceiling, cast-iron columns, silt, one vertical green god-ray from a broken skylight, intercut with the Stiltway — nine towers of stacked shipping containers and bamboo scaffold linked by rope walkways, saffron and teal tarpaulins, LED string lights, grey monsoon water below. pre-dawn, rain. Light: work-lamp, brass specular. Effect: the alignment of suit channel and skin scar — the film's best costume idea, shot as evidence. Audio: small tools; her prosthetic servo. Photoreal live-action cinema, 2.39:1 anamorphic widescreen, fine 35mm grain, naturalistic skin, practical lighting, no CGI gloss. Avoid: on-screen text, subtitles, watermarks, HUD or UI graphics, comic-book styling, capes, masks on the hero, glossy 3D-render look, extra fingers, changing hairstyles."
S23-23E-a,23,23E,1/4,7,LOC-02 + LOC-03,"MONTAGE WS/MS, mixed, 32mm & 85mm, locked-off, no camera movement. NINETY SECONDS WITH NO DIALOGUE: Riya loading Nullpins she may not be able to use on anything; boats being fuelled; the storm coming in from the north; a kid taping a saffron kite to a mast for luck. Riya (34, Bengali-Indian woman, athletic, storm-grey military command coat with oxblood shoulder piping, black hair). Meera (61, small Bengali woman, cropped grey-white hair, glasses on a beaded chain, her LEFT arm a brass mechanical prosthetic, indigo kurta and canvas apron). Bhaskar (44, bald South Indian man, thick grey moustache, gold tooth, tattooed forearms, oily work vest). Arjun (32, South Indian man, lean swimmer's build, deep brown skin, black mid-length hair pushed back with a grey streak at the RIGHT temple, heavy stubble, faint silver branching scars along both forearms). Setting: a drowned transit hall 18m underwater, 40m vaulted ceiling, cast-iron columns, silt, one vertical green god-ray from a broken skylight, intercut with the Stiltway — nine towers of stacked shipping containers and bamboo scaffold linked by rope walkways, saffron and teal tarpaulins, LED string lights, grey monsoon water below. pre-dawn, rain. Light: blue pre-dawn, orange fire, white welding arc. Effect: storm approach in the background of every shot. Audio: work sounds; the score carries the whole montage. Photoreal live-action cinema, 2.39:1 anamorphic widescreen, fine 35mm grain, naturalistic skin, practical lighting, no CGI gloss. Avoid: on-screen text, subtitles, watermarks, HUD or UI graphics, comic-book styling, capes, masks on the hero, glossy 3D-render look, extra fingers, changing hairstyles. (Continuous shot, part 1 of 4. Begin the described action; end the clip mid-movement, not on a settle. Use the final frame of part 0 as the starting reference so the move is unbroken.)"
S23-23E-b,23,23E,2/4,7,LOC-02 + LOC-03,"MONTAGE WS/MS, mixed, 32mm & 85mm, locked-off, no camera movement. NINETY SECONDS WITH NO DIALOGUE: Riya loading Nullpins she may not be able to use on anything; boats being fuelled; the storm coming in from the north; a kid taping a saffron kite to a mast for luck. Riya (34, Bengali-Indian woman, athletic, storm-grey military command coat with oxblood shoulder piping, black hair). Meera (61, small Bengali woman, cropped grey-white hair, glasses on a beaded chain, her LEFT arm a brass mechanical prosthetic, indigo kurta and canvas apron). Bhaskar (44, bald South Indian man, thick grey moustache, gold tooth, tattooed forearms, oily work vest). Arjun (32, South Indian man, lean swimmer's build, deep brown skin, black mid-length hair pushed back with a grey streak at the RIGHT temple, heavy stubble, faint silver branching scars along both forearms). Setting: a drowned transit hall 18m underwater, 40m vaulted ceiling, cast-iron columns, silt, one vertical green god-ray from a broken skylight, intercut with the Stiltway — nine towers of stacked shipping containers and bamboo scaffold linked by rope walkways, saffron and teal tarpaulins, LED string lights, grey monsoon water below. pre-dawn, rain. Light: blue pre-dawn, orange fire, white welding arc. Effect: storm approach in the background of every shot. Audio: work sounds; the score carries the whole montage. Photoreal live-action cinema, 2.39:1 anamorphic widescreen, fine 35mm grain, naturalistic skin, practical lighting, no CGI gloss. Avoid: on-screen text, subtitles, watermarks, HUD or UI graphics, comic-book styling, capes, masks on the hero, glossy 3D-render look, extra fingers, changing hairstyles. (Continuous shot, part 2 of 4. Continue the described action already in progress; neither begin nor resolve it. Use the final frame of part 1 as the starting reference so the move is unbroken.)"
S23-23E-c,23,23E,3/4,6,LOC-02 + LOC-03,"MONTAGE WS/MS, mixed, 32mm & 85mm, locked-off, no camera movement. NINETY SECONDS WITH NO DIALOGUE: Riya loading Nullpins she may not be able to use on anything; boats being fuelled; the storm coming in from the north; a kid taping a saffron kite to a mast for luck. Riya (34, Bengali-Indian woman, athletic, storm-grey military command coat with oxblood shoulder piping, black hair). Meera (61, small Bengali woman, cropped grey-white hair, glasses on a beaded chain, her LEFT arm a brass mechanical prosthetic, indigo kurta and canvas apron). Bhaskar (44, bald South Indian man, thick grey moustache, gold tooth, tattooed forearms, oily work vest). Arjun (32, South Indian man, lean swimmer's build, deep brown skin, black mid-length hair pushed back with a grey streak at the RIGHT temple, heavy stubble, faint silver branching scars along both forearms). Setting: a drowned transit hall 18m underwater, 40m vaulted ceiling, cast-iron columns, silt, one vertical green god-ray from a broken skylight, intercut with the Stiltway — nine towers of stacked shipping containers and bamboo scaffold linked by rope walkways, saffron and teal tarpaulins, LED string lights, grey monsoon water below. pre-dawn, rain. Light: blue pre-dawn, orange fire, white welding arc. Effect: storm approach in the background of every shot. Audio: work sounds; the score carries the whole montage. Photoreal live-action cinema, 2.39:1 anamorphic widescreen, fine 35mm grain, naturalistic skin, practical lighting, no CGI gloss. Avoid: on-screen text, subtitles, watermarks, HUD or UI graphics, comic-book styling, capes, masks on the hero, glossy 3D-render look, extra fingers, changing hairstyles. (Continuous shot, part 3 of 4. Continue the described action already in progress; neither begin nor resolve it. Use the final frame of part 2 as the starting reference so the move is unbroken.)"
S23-23E-d,23,23E,4/4,6,LOC-02 + LOC-03,"MONTAGE WS/MS, mixed, 32mm & 85mm, locked-off, no camera movement. NINETY SECONDS WITH NO DIALOGUE: Riya loading Nullpins she may not be able to use on anything; boats being fuelled; the storm coming in from the north; a kid taping a saffron kite to a mast for luck. Riya (34, Bengali-Indian woman, athletic, storm-grey military command coat with oxblood shoulder piping, black hair). Meera (61, small Bengali woman, cropped grey-white hair, glasses on a beaded chain, her LEFT arm a brass mechanical prosthetic, indigo kurta and canvas apron). Bhaskar (44, bald South Indian man, thick grey moustache, gold tooth, tattooed forearms, oily work vest). Arjun (32, South Indian man, lean swimmer's build, deep brown skin, black mid-length hair pushed back with a grey streak at the RIGHT temple, heavy stubble, faint silver branching scars along both forearms). Setting: a drowned transit hall 18m underwater, 40m vaulted ceiling, cast-iron columns, silt, one vertical green god-ray from a broken skylight, intercut with the Stiltway — nine towers of stacked shipping containers and bamboo scaffold linked by rope walkways, saffron and teal tarpaulins, LED string lights, grey monsoon water below. pre-dawn, rain. Light: blue pre-dawn, orange fire, white welding arc. Effect: storm approach in the background of every shot. Audio: work sounds; the score carries the whole montage. Photoreal live-action cinema, 2.39:1 anamorphic widescreen, fine 35mm grain, naturalistic skin, practical lighting, no CGI gloss. Avoid: on-screen text, subtitles, watermarks, HUD or UI graphics, comic-book styling, capes, masks on the hero, glossy 3D-render look, extra fingers, changing hairstyles. (Continuous shot, part 4 of 4. Complete the described action and settle on the final beat. Use the final frame of part 3 as the starting reference so the move is unbroken.)"
S23-23F,23,23F,1/1,6,LOC-02 + LOC-03,"MS, eye, 50mm, locked-off, no camera movement. Arjun sits apart on an upturned crate and opens the notebook for the last time. Arjun (32, South Indian man, lean swimmer's build, deep brown skin, black mid-length hair pushed back with a grey streak at the RIGHT temple, heavy stubble, faint silver branching scars along both forearms). Setting: a drowned transit hall 18m underwater, 40m vaulted ceiling, cast-iron columns, silt, one vertical green god-ray from a broken skylight, intercut with the Stiltway — nine towers of stacked shipping containers and bamboo scaffold linked by rope walkways, saffron and teal tarpaulins, LED string lights, grey monsoon water below. pre-dawn, rain. Light: one bulb on a wire, rain-light. Audio: the montage score drops out abruptly. Photoreal live-action cinema, 2.39:1 anamorphic widescreen, fine 35mm grain, naturalistic skin, practical lighting, no CGI gloss. Avoid: on-screen text, subtitles, watermarks, HUD or UI graphics, comic-book styling, capes, masks on the hero, glossy 3D-render look, extra fingers, changing hairstyles."
S23-23G-a,23,23G,1/3,8,LOC-02 + LOC-03,"insert, DIRECTLY OVERHEAD, LOCKED — the film's signature insert, 40mm macro, locked-off, no camera movement. THE LAST PAGE, written in real time: 'Read this first. You won't know me... You did a good thing. You won't remember it. That's allowed.'. Setting: a drowned transit hall 18m underwater, 40m vaulted ceiling, cast-iron columns, silt, one vertical green god-ray from a broken skylight, intercut with the Stiltway — nine towers of stacked shipping containers and bamboo scaffold linked by rope walkways, saffron and teal tarpaulins, LED string lights, grey monsoon water below. pre-dawn, rain. Light: one warm bulb, rain spotting the paper as he writes. Audio: pencil; rain; nothing else. Photoreal live-action cinema, 2.39:1 anamorphic widescreen, fine 35mm grain, naturalistic skin, practical lighting, no CGI gloss. Avoid: on-screen text, subtitles, watermarks, HUD or UI graphics, comic-book styling, capes, masks on the hero, glossy 3D-render look, extra fingers, changing hairstyles. (Continuous shot, part 1 of 3. Begin the described action; end the clip mid-movement, not on a settle. Use the final frame of part 0 as the starting reference so the move is unbroken.)"
S23-23G-b,23,23G,2/3,8,LOC-02 + LOC-03,"insert, DIRECTLY OVERHEAD, LOCKED — the film's signature insert, 40mm macro, locked-off, no camera movement. THE LAST PAGE, written in real time: 'Read this first. You won't know me... You did a good thing. You won't remember it. That's allowed.'. Setting: a drowned transit hall 18m underwater, 40m vaulted ceiling, cast-iron columns, silt, one vertical green god-ray from a broken skylight, intercut with the Stiltway — nine towers of stacked shipping containers and bamboo scaffold linked by rope walkways, saffron and teal tarpaulins, LED string lights, grey monsoon water below. pre-dawn, rain. Light: one warm bulb, rain spotting the paper as he writes. Audio: pencil; rain; nothing else. Photoreal live-action cinema, 2.39:1 anamorphic widescreen, fine 35mm grain, naturalistic skin, practical lighting, no CGI gloss. Avoid: on-screen text, subtitles, watermarks, HUD or UI graphics, comic-book styling, capes, masks on the hero, glossy 3D-render look, extra fingers, changing hairstyles. (Continuous shot, part 2 of 3. Continue the described action already in progress; neither begin nor resolve it. Use the final frame of part 1 as the starting reference so the move is unbroken.)"
S23-23G-c,23,23G,3/3,8,LOC-02 + LOC-03,"insert, DIRECTLY OVERHEAD, LOCKED — the film's signature insert, 40mm macro, locked-off, no camera movement. THE LAST PAGE, written in real time: 'Read this first. You won't know me... You did a good thing. You won't remember it. That's allowed.'. Setting: a drowned transit hall 18m underwater, 40m vaulted ceiling, cast-iron columns, silt, one vertical green god-ray from a broken skylight, intercut with the Stiltway — nine towers of stacked shipping containers and bamboo scaffold linked by rope walkways, saffron and teal tarpaulins, LED string lights, grey monsoon water below. pre-dawn, rain. Light: one warm bulb, rain spotting the paper as he writes. Audio: pencil; rain; nothing else. Photoreal live-action cinema, 2.39:1 anamorphic widescreen, fine 35mm grain, naturalistic skin, practical lighting, no CGI gloss. Avoid: on-screen text, subtitles, watermarks, HUD or UI graphics, comic-book styling, capes, masks on the hero, glossy 3D-render look, extra fingers, changing hairstyles. (Continuous shot, part 3 of 3. Complete the described action and settle on the final beat. Use the final frame of part 2 as the starting reference so the move is unbroken.)"
S23-23H,23,23H,1/1,8,LOC-02 + LOC-03,"CU, eye, 85mm, locked-off, no camera movement. He tears the page out — as always — and then, for the first time in the film, PUTS IT BACK IN. Ties the red boot-lace. Arjun (32, South Indian man, lean swimmer's build, deep brown skin, black mid-length hair pushed back with a grey streak at the RIGHT temple, heavy stubble, faint silver branching scars along both forearms). Setting: a drowned transit hall 18m underwater, 40m vaulted ceiling, cast-iron columns, silt, one vertical green god-ray from a broken skylight, intercut with the Stiltway — nine towers of stacked shipping containers and bamboo scaffold linked by rope walkways, saffron and teal tarpaulins, LED string lights, grey monsoon water below. pre-dawn, rain. Light: bulb. Audio: paper; lace. Photoreal live-action cinema, 2.39:1 anamorphic widescreen, fine 35mm grain, naturalistic skin, practical lighting, no CGI gloss. Avoid: on-screen text, subtitles, watermarks, HUD or UI graphics, comic-book styling, capes, masks on the hero, glossy 3D-render look, extra fingers, changing hairstyles."
S23-23I-a,23,23I,1/2,6,LOC-02 + LOC-03,"MS 2-shot, eye, 50mm, locked-off, no camera movement. 'Don't give it to me until it's over.' / 'And if it isn't over?' / 'Then read it to yourself and skip the last line.'. Arjun (32, South Indian man, lean swimmer's build, deep brown skin, black mid-length hair pushed back with a grey streak at the RIGHT temple, heavy stubble, faint silver branching scars along both forearms). Riya (34, Bengali-Indian woman, athletic, storm-grey military command coat with oxblood shoulder piping, black hair). Setting: a drowned transit hall 18m underwater, 40m vaulted ceiling, cast-iron columns, silt, one vertical green god-ray from a broken skylight, intercut with the Stiltway — nine towers of stacked shipping containers and bamboo scaffold linked by rope walkways, saffron and teal tarpaulins, LED string lights, grey monsoon water below. pre-dawn, rain. Light: bulb, blue dawn behind them. Audio: the fleet's engines starting, distant. Photoreal live-action cinema, 2.39:1 anamorphic widescreen, fine 35mm grain, naturalistic skin, practical lighting, no CGI gloss. Avoid: on-screen text, subtitles, watermarks, HUD or UI graphics, comic-book styling, capes, masks on the hero, glossy 3D-render look, extra fingers, changing hairstyles. (Continuous shot, part 1 of 2. Begin the described action; end the clip mid-movement, not on a settle. Use the final frame of part 0 as the starting reference so the move is unbroken.)"
S23-23I-b,23,23I,2/2,5,LOC-02 + LOC-03,"MS 2-shot, eye, 50mm, locked-off, no camera movement. 'Don't give it to me until it's over.' / 'And if it isn't over?' / 'Then read it to yourself and skip the last line.'. Arjun (32, South Indian man, lean swimmer's build, deep brown skin, black mid-length hair pushed back with a grey streak at the RIGHT temple, heavy stubble, faint silver branching scars along both forearms). Riya (34, Bengali-Indian woman, athletic, storm-grey military command coat with oxblood shoulder piping, black hair). Setting: a drowned transit hall 18m underwater, 40m vaulted ceiling, cast-iron columns, silt, one vertical green god-ray from a broken skylight, intercut with the Stiltway — nine towers of stacked shipping containers and bamboo scaffold linked by rope walkways, saffron and teal tarpaulins, LED string lights, grey monsoon water below. pre-dawn, rain. Light: bulb, blue dawn behind them. Audio: the fleet's engines starting, distant. Photoreal live-action cinema, 2.39:1 anamorphic widescreen, fine 35mm grain, naturalistic skin, practical lighting, no CGI gloss. Avoid: on-screen text, subtitles, watermarks, HUD or UI graphics, comic-book styling, capes, masks on the hero, glossy 3D-render look, extra fingers, changing hairstyles. (Continuous shot, part 2 of 2. Complete the described action and settle on the final beat. Use the final frame of part 1 as the starting reference so the move is unbroken.)"
S23-23J-a,23,23J,1/2,5,LOC-02 + LOC-03,"WS, low hero angle — the film's ONLY conventional hero shot, 32mm, slow crane up. Arjun stands in the finished Bastion mantle: charcoal weave, salt-pitted brass cuirass, single left pauldron, teal cloak, open-channel bracers, no helmet. Rain. Ninety boats behind him. Arjun (32, South Indian man, lean swimmer's build, deep brown skin, black mid-length hair pushed back with a grey streak at the RIGHT temple, heavy stubble, faint silver branching scars along both forearms). Setting: a drowned transit hall 18m underwater, 40m vaulted ceiling, cast-iron columns, silt, one vertical green god-ray from a broken skylight, intercut with the Stiltway — nine towers of stacked shipping containers and bamboo scaffold linked by rope walkways, saffron and teal tarpaulins, LED string lights, grey monsoon water below. pre-dawn, rain. Light: blue pre-dawn key, orange fire rim, one lamp flare. Audio: the Guardian theme, full orchestra, first and only unironic statement. Photoreal live-action cinema, 2.39:1 anamorphic widescreen, fine 35mm grain, naturalistic skin, practical lighting, no CGI gloss. Avoid: on-screen text, subtitles, watermarks, HUD or UI graphics, comic-book styling, capes, masks on the hero, glossy 3D-render look, extra fingers, changing hairstyles. (Continuous shot, part 1 of 2. Begin the described action; end the clip mid-movement, not on a settle. Use the final frame of part 0 as the starting reference so the move is unbroken.)"
S23-23J-b,23,23J,2/2,5,LOC-02 + LOC-03,"WS, low hero angle — the film's ONLY conventional hero shot, 32mm, slow crane up. Arjun stands in the finished Bastion mantle: charcoal weave, salt-pitted brass cuirass, single left pauldron, teal cloak, open-channel bracers, no helmet. Rain. Ninety boats behind him. Arjun (32, South Indian man, lean swimmer's build, deep brown skin, black mid-length hair pushed back with a grey streak at the RIGHT temple, heavy stubble, faint silver branching scars along both forearms). Setting: a drowned transit hall 18m underwater, 40m vaulted ceiling, cast-iron columns, silt, one vertical green god-ray from a broken skylight, intercut with the Stiltway — nine towers of stacked shipping containers and bamboo scaffold linked by rope walkways, saffron and teal tarpaulins, LED string lights, grey monsoon water below. pre-dawn, rain. Light: blue pre-dawn key, orange fire rim, one lamp flare. Audio: the Guardian theme, full orchestra, first and only unironic statement. Photoreal live-action cinema, 2.39:1 anamorphic widescreen, fine 35mm grain, naturalistic skin, practical lighting, no CGI gloss. Avoid: on-screen text, subtitles, watermarks, HUD or UI graphics, comic-book styling, capes, masks on the hero, glossy 3D-render look, extra fingers, changing hairstyles. (Continuous shot, part 2 of 2. Complete the described action and settle on the final beat. Use the final frame of part 1 as the starting reference so the move is unbroken.)"
S24-24A-a,24,24A,1/2,6,open sea → LOC-08 ext,"EWS aerial, drone, low over the swell, 24mm, aerial tracking with the fleet. Eight-metre swell. Ninety fishing boats, drum-floats, a dredger, six grey Kestrels running low with fans howling. Riya's #6 with the cracked cowling out front. Setting: open sea → LOC-08 ext. dawn, category-five storm, 8m swell. Light: storm-dark dawn; every boat lamp a smear; lightning every 9 seconds. Effect: full CG ocean sim; fleet; storm; rain. Audio: the sea; ninety engines; wind at 130km/h. Photoreal live-action cinema, 2.39:1 anamorphic widescreen, fine 35mm grain, naturalistic skin, practical lighting, no CGI gloss. Avoid: on-screen text, subtitles, watermarks, HUD or UI graphics, comic-book styling, capes, masks on the hero, glossy 3D-render look, extra fingers, changing hairstyles. (Continuous shot, part 1 of 2. Begin the described action; end the clip mid-movement, not on a settle. Use the final frame of part 0 as the starting reference so the move is unbroken.)"
S24-24A-b,24,24A,2/2,5,open sea → LOC-08 ext,"EWS aerial, drone, low over the swell, 24mm, aerial tracking with the fleet. Eight-metre swell. Ninety fishing boats, drum-floats, a dredger, six grey Kestrels running low with fans howling. Riya's #6 with the cracked cowling out front. Setting: open sea → LOC-08 ext. dawn, category-five storm, 8m swell. Light: storm-dark dawn; every boat lamp a smear; lightning every 9 seconds. Effect: full CG ocean sim; fleet; storm; rain. Audio: the sea; ninety engines; wind at 130km/h. Photoreal live-action cinema, 2.39:1 anamorphic widescreen, fine 35mm grain, naturalistic skin, practical lighting, no CGI gloss. Avoid: on-screen text, subtitles, watermarks, HUD or UI graphics, comic-book styling, capes, masks on the hero, glossy 3D-render look, extra fingers, changing hairstyles. (Continuous shot, part 2 of 2. Complete the described action and settle on the final beat. Use the final frame of part 1 as the starting reference so the move is unbroken.)"
S24-24B-a,24,24B,1/2,5,open sea → LOC-08 ext,"MS, low, on the bow, water-level, 32mm, violently handheld. Arjun in the bow of Bhaskar's boat, teal cloak snapping, one hand flat on the gunwale — ANCHORING the hull every time it should have gone over; cyan pulses along the waterline with each wave. Arjun (32, South Indian man, lean swimmer's build, deep brown skin, black mid-length hair pushed back with a grey streak at the RIGHT temple, heavy stubble, faint silver branching scars along both forearms). Setting: open sea → LOC-08 ext. dawn, category-five storm, 8m swell. Light: cyan pulse as the only steady light; lightning; lamp. Effect: anchoring: cyan hexagon lattice flashing along the hull's waterline on each impact, water deforming around a hull that refuses to roll. Audio: the chime, once per wave, becoming a rhythm. Photoreal live-action cinema, 2.39:1 anamorphic widescreen, fine 35mm grain, naturalistic skin, practical lighting, no CGI gloss. Avoid: on-screen text, subtitles, watermarks, HUD or UI graphics, comic-book styling, capes, masks on the hero, glossy 3D-render look, extra fingers, changing hairstyles. (Continuous shot, part 1 of 2. Begin the described action; end the clip mid-movement, not on a settle. Use the final frame of part 0 as the starting reference so the move is unbroken.)"
S24-24B-b,24,24B,2/2,5,open sea → LOC-08 ext,"MS, low, on the bow, water-level, 32mm, violently handheld. Arjun in the bow of Bhaskar's boat, teal cloak snapping, one hand flat on the gunwale — ANCHORING the hull every time it should have gone over; cyan pulses along the waterline with each wave. Arjun (32, South Indian man, lean swimmer's build, deep brown skin, black mid-length hair pushed back with a grey streak at the RIGHT temple, heavy stubble, faint silver branching scars along both forearms). Setting: open sea → LOC-08 ext. dawn, category-five storm, 8m swell. Light: cyan pulse as the only steady light; lightning; lamp. Effect: anchoring: cyan hexagon lattice flashing along the hull's waterline on each impact, water deforming around a hull that refuses to roll. Audio: the chime, once per wave, becoming a rhythm. Photoreal live-action cinema, 2.39:1 anamorphic widescreen, fine 35mm grain, naturalistic skin, practical lighting, no CGI gloss. Avoid: on-screen text, subtitles, watermarks, HUD or UI graphics, comic-book styling, capes, masks on the hero, glossy 3D-render look, extra fingers, changing hairstyles. (Continuous shot, part 2 of 2. Complete the described action and settle on the final beat. Use the final frame of part 1 as the starting reference so the move is unbroken.)"
S24-24C,24,24C,1/1,8,open sea → LOC-08 ext,"EWS, high, behind, 40mm, locked-off, no camera movement. Ninety boats in a following line, each one steering by the cyan light ahead of them like a lamp. Setting: open sea → LOC-08 ext. dawn, category-five storm, 8m swell. Light: cyan point source in a black storm. Effect: fleet CG. Audio: the Fleet theme rising under the storm. Photoreal live-action cinema, 2.39:1 anamorphic widescreen, fine 35mm grain, naturalistic skin, practical lighting, no CGI gloss. Avoid: on-screen text, subtitles, watermarks, HUD or UI graphics, comic-book styling, capes, masks on the hero, glossy 3D-render look, extra fingers, changing hairstyles."
S24-24D,24,24D,1/1,6,open sea → LOC-08 ext,"CU, eye, 85mm, handheld. Riya in skiff #6, orange flotation vest, braid plastered, water pouring off her, flying by hand in a category five. Riya (34, Bengali-Indian woman, athletic, storm-grey military command coat with oxblood shoulder piping, black hair). Setting: open sea → LOC-08 ext. dawn, category-five storm, 8m swell. Light: instrument glow, lightning. Effect: rain interaction. Audio: fan scream; her breathing steady. Photoreal live-action cinema, 2.39:1 anamorphic widescreen, fine 35mm grain, naturalistic skin, practical lighting, no CGI gloss. Avoid: on-screen text, subtitles, watermarks, HUD or UI graphics, comic-book styling, capes, masks on the hero, glossy 3D-render look, extra fingers, changing hairstyles."
S24-24E-a,24,24E,1/2,6,open sea → LOC-08 ext,"EWS, low, from the water, looking up, 25mm, slow rise. THE ARK REVEALED: 240 metres of bone-white on four legs, 80m above the sea, immaculate in a black storm, 144 white transmission spines lit along the upper deck. Setting: open sea → LOC-08 ext. dawn, category-five storm, 8m swell. Light: the Ark is self-lit and perfectly even — a clean white object in an filthy black sky. Effect: full CG rig, absolutely spotless, no rust, no rain streaking (the rain does not appear to stick to it). Audio: a rising sub-bass tone from the rig that the storm cannot cover. Photoreal live-action cinema, 2.39:1 anamorphic widescreen, fine 35mm grain, naturalistic skin, practical lighting, no CGI gloss. Avoid: on-screen text, subtitles, watermarks, HUD or UI graphics, comic-book styling, capes, masks on the hero, glossy 3D-render look, extra fingers, changing hairstyles. (Continuous shot, part 1 of 2. Begin the described action; end the clip mid-movement, not on a settle. Use the final frame of part 0 as the starting reference so the move is unbroken.)"
S24-24E-b,24,24E,2/2,6,open sea → LOC-08 ext,"EWS, low, from the water, looking up, 25mm, slow rise. THE ARK REVEALED: 240 metres of bone-white on four legs, 80m above the sea, immaculate in a black storm, 144 white transmission spines lit along the upper deck. Setting: open sea → LOC-08 ext. dawn, category-five storm, 8m swell. Light: the Ark is self-lit and perfectly even — a clean white object in an filthy black sky. Effect: full CG rig, absolutely spotless, no rust, no rain streaking (the rain does not appear to stick to it). Audio: a rising sub-bass tone from the rig that the storm cannot cover. Photoreal live-action cinema, 2.39:1 anamorphic widescreen, fine 35mm grain, naturalistic skin, practical lighting, no CGI gloss. Avoid: on-screen text, subtitles, watermarks, HUD or UI graphics, comic-book styling, capes, masks on the hero, glossy 3D-render look, extra fingers, changing hairstyles. (Continuous shot, part 2 of 2. Complete the described action and settle on the final beat. Use the final frame of part 1 as the starting reference so the move is unbroken.)"
S24-24F,24,24F,1/1,8,open sea → LOC-08 ext,"MS 2-shot, eye, 50mm, handheld. 'Look at that thing. It's so clean.' / Meera on the radio: 'That's how you know.'. Bhaskar (44, bald South Indian man, thick grey moustache, gold tooth, tattooed forearms, oily work vest). Arjun (32, South Indian man, lean swimmer's build, deep brown skin, black mid-length hair pushed back with a grey streak at the RIGHT temple, heavy stubble, faint silver branching scars along both forearms). Setting: open sea → LOC-08 ext. dawn, category-five storm, 8m swell. Light: the Ark's white bounce now keying their faces from ahead. Audio: radio distortion; the storm. Photoreal live-action cinema, 2.39:1 anamorphic widescreen, fine 35mm grain, naturalistic skin, practical lighting, no CGI gloss. Avoid: on-screen text, subtitles, watermarks, HUD or UI graphics, comic-book styling, capes, masks on the hero, glossy 3D-render look, extra fingers, changing hairstyles."
S25-25A,25,25A,1/1,8,LOC-08,"WS, low, from a pitching deck, 32mm, handheld. Grapples fired; cargo nets; the dredger's crane arm bent screaming against Leg Three. Setting: the Ark — a drilling rig re-clad in seamless bone-white lacquer, 30m ceilings, nothing on any wall, a 40m circular pool of black water, even sourceless shadowless white light. dawn, storm. Light: storm dark, boat lamps, white Ark bounce from above. Effect: CG leg; crane deformation; rain. Audio: steel failing; shouting in three languages. Photoreal live-action cinema, 2.39:1 anamorphic widescreen, fine 35mm grain, naturalistic skin, practical lighting, no CGI gloss. Avoid: on-screen text, subtitles, watermarks, HUD or UI graphics, comic-book styling, capes, masks on the hero, glossy 3D-render look, extra fingers, changing hairstyles."
S25-25B-a,25,25B,1/2,5,LOC-08,"MS, low, 40mm, handheld. Arjun anchors on a swinging cargo net and builds STAIRS out of hardlight up the leg — hexagon by hexagon, each one visibly costing him. Arjun (32, South Indian man, lean swimmer's build, deep brown skin, black mid-length hair pushed back with a grey streak at the RIGHT temple, heavy stubble, faint silver branching scars along both forearms). Setting: the Ark — a drilling rig re-clad in seamless bone-white lacquer, 30m ceilings, nothing on any wall, a 40m circular pool of black water, even sourceless shadowless white light. dawn, storm. Light: cyan from each new stair lighting the rain around it. Effect: sequential hexagonal stair construction, 1 step per 0.4s, each with a chime. Audio: a chime per step, ascending in pitch — the film's most musical VFX. Photoreal live-action cinema, 2.39:1 anamorphic widescreen, fine 35mm grain, naturalistic skin, practical lighting, no CGI gloss. Avoid: on-screen text, subtitles, watermarks, HUD or UI graphics, comic-book styling, capes, masks on the hero, glossy 3D-render look, extra fingers, changing hairstyles. (Continuous shot, part 1 of 2. Begin the described action; end the clip mid-movement, not on a settle. Use the final frame of part 0 as the starting reference so the move is unbroken.)"
S25-25B-b,25,25B,2/2,4,LOC-08,"MS, low, 40mm, handheld. Arjun anchors on a swinging cargo net and builds STAIRS out of hardlight up the leg — hexagon by hexagon, each one visibly costing him. Arjun (32, South Indian man, lean swimmer's build, deep brown skin, black mid-length hair pushed back with a grey streak at the RIGHT temple, heavy stubble, faint silver branching scars along both forearms). Setting: the Ark — a drilling rig re-clad in seamless bone-white lacquer, 30m ceilings, nothing on any wall, a 40m circular pool of black water, even sourceless shadowless white light. dawn, storm. Light: cyan from each new stair lighting the rain around it. Effect: sequential hexagonal stair construction, 1 step per 0.4s, each with a chime. Audio: a chime per step, ascending in pitch — the film's most musical VFX. Photoreal live-action cinema, 2.39:1 anamorphic widescreen, fine 35mm grain, naturalistic skin, practical lighting, no CGI gloss. Avoid: on-screen text, subtitles, watermarks, HUD or UI graphics, comic-book styling, capes, masks on the hero, glossy 3D-render look, extra fingers, changing hairstyles. (Continuous shot, part 2 of 2. Complete the described action and settle on the final beat. Use the final frame of part 1 as the starting reference so the move is unbroken.)"
S25-25C-a,25,25C,1/2,7,LOC-08,"EWS, extreme wide, low, from the water, 25mm, slow crane up the leg. THE FILM'S BIGGEST IMAGE: four hundred ordinary boat people climbing a staircase of cyan light up the leg of a bone-white rig in a category-five storm. Setting: the Ark — a drilling rig re-clad in seamless bone-white lacquer, 30m ceilings, nothing on any wall, a 40m circular pool of black water, even sourceless shadowless white light. dawn, storm. Light: the staircase is the only light in a black frame; four hundred silhouettes on it. Effect: crowd sim on hardlight geometry with correct translucency and shadow-casting. Audio: the Fleet theme and the Guardian theme played together for the first time. Photoreal live-action cinema, 2.39:1 anamorphic widescreen, fine 35mm grain, naturalistic skin, practical lighting, no CGI gloss. Avoid: on-screen text, subtitles, watermarks, HUD or UI graphics, comic-book styling, capes, masks on the hero, glossy 3D-render look, extra fingers, changing hairstyles. (Continuous shot, part 1 of 2. Begin the described action; end the clip mid-movement, not on a settle. Use the final frame of part 0 as the starting reference so the move is unbroken.)"
S25-25C-b,25,25C,2/2,6,LOC-08,"EWS, extreme wide, low, from the water, 25mm, slow crane up the leg. THE FILM'S BIGGEST IMAGE: four hundred ordinary boat people climbing a staircase of cyan light up the leg of a bone-white rig in a category-five storm. Setting: the Ark — a drilling rig re-clad in seamless bone-white lacquer, 30m ceilings, nothing on any wall, a 40m circular pool of black water, even sourceless shadowless white light. dawn, storm. Light: the staircase is the only light in a black frame; four hundred silhouettes on it. Effect: crowd sim on hardlight geometry with correct translucency and shadow-casting. Audio: the Fleet theme and the Guardian theme played together for the first time. Photoreal live-action cinema, 2.39:1 anamorphic widescreen, fine 35mm grain, naturalistic skin, practical lighting, no CGI gloss. Avoid: on-screen text, subtitles, watermarks, HUD or UI graphics, comic-book styling, capes, masks on the hero, glossy 3D-render look, extra fingers, changing hairstyles. (Continuous shot, part 2 of 2. Complete the described action and settle on the final beat. Use the final frame of part 1 as the starting reference so the move is unbroken.)"
S25-25D,25,25D,1/1,6,LOC-08,"MS, high, from the deck rail, 50mm, locked-off, no camera movement. Hollow at the rail above, calm, dropping resonance charges without hurry. the Hollow (figures in bone-white hooded lacquer coats and smooth half-masks covering only nose to chin so their calm eyes stay bare — they only ever WALK, never run). Setting: the Ark — a drilling rig re-clad in seamless bone-white lacquer, 30m ceilings, nothing on any wall, a 40m circular pool of black water, even sourceless shadowless white light. dawn, storm. Light: Ark white from behind them; they are silhouettes with white edges. Effect: charge drops. Audio: no shouting from them at all. Photoreal live-action cinema, 2.39:1 anamorphic widescreen, fine 35mm grain, naturalistic skin, practical lighting, no CGI gloss. Avoid: on-screen text, subtitles, watermarks, HUD or UI graphics, comic-book styling, capes, masks on the hero, glossy 3D-render look, extra fingers, changing hairstyles."
S25-25E,25,25E,1/1,7,LOC-08,"WS, low, 32mm, violent handheld. A charge takes out a section of stair; nine people fall; Arjun rebuilds it MID-FALL and catches them — and loses one. Arjun (32, South Indian man, lean swimmer's build, deep brown skin, black mid-length hair pushed back with a grey streak at the RIGHT temple, heavy stubble, faint silver branching scars along both forearms). Setting: the Ark — a drilling rig re-clad in seamless bone-white lacquer, 30m ceilings, nothing on any wall, a 40m circular pool of black water, even sourceless shadowless white light. dawn, storm. Light: detonation white, then cyan re-forming. Effect: stair destruction and reconstruction in the same 2 seconds. Audio: the chime rebuilding out of the explosion. Photoreal live-action cinema, 2.39:1 anamorphic widescreen, fine 35mm grain, naturalistic skin, practical lighting, no CGI gloss. Avoid: on-screen text, subtitles, watermarks, HUD or UI graphics, comic-book styling, capes, masks on the hero, glossy 3D-render look, extra fingers, changing hairstyles."
S25-25F-a,25,25F,1/2,5,LOC-08,"CU, eye, 100mm, locked-off, no camera movement. Bhaskar sees his nineteen-year-old nephew go into the black water. THE FILM DOES NOT CUT AWAY FROM HIS FACE. He keeps climbing. Bhaskar (44, bald South Indian man, thick grey moustache, gold tooth, tattooed forearms, oily work vest). Setting: the Ark — a drilling rig re-clad in seamless bone-white lacquer, 30m ceilings, nothing on any wall, a 40m circular pool of black water, even sourceless shadowless white light. dawn, storm. Light: cyan from the stair below, storm above. Audio: everything drops except rain for 4 seconds. Photoreal live-action cinema, 2.39:1 anamorphic widescreen, fine 35mm grain, naturalistic skin, practical lighting, no CGI gloss. Avoid: on-screen text, subtitles, watermarks, HUD or UI graphics, comic-book styling, capes, masks on the hero, glossy 3D-render look, extra fingers, changing hairstyles. (Continuous shot, part 1 of 2. Begin the described action; end the clip mid-movement, not on a settle. Use the final frame of part 0 as the starting reference so the move is unbroken.)"
S25-25F-b,25,25F,2/2,4,LOC-08,"CU, eye, 100mm, locked-off, no camera movement. Bhaskar sees his nineteen-year-old nephew go into the black water. THE FILM DOES NOT CUT AWAY FROM HIS FACE. He keeps climbing. Bhaskar (44, bald South Indian man, thick grey moustache, gold tooth, tattooed forearms, oily work vest). Setting: the Ark — a drilling rig re-clad in seamless bone-white lacquer, 30m ceilings, nothing on any wall, a 40m circular pool of black water, even sourceless shadowless white light. dawn, storm. Light: cyan from the stair below, storm above. Audio: everything drops except rain for 4 seconds. Photoreal live-action cinema, 2.39:1 anamorphic widescreen, fine 35mm grain, naturalistic skin, practical lighting, no CGI gloss. Avoid: on-screen text, subtitles, watermarks, HUD or UI graphics, comic-book styling, capes, masks on the hero, glossy 3D-render look, extra fingers, changing hairstyles. (Continuous shot, part 2 of 2. Complete the described action and settle on the final beat. Use the final frame of part 1 as the starting reference so the move is unbroken.)"
S25-25G,25,25G,1/1,7,LOC-08,"MS, eye, 50mm, handheld. Riya, braid soaked, orange vest, running the flank with a bullhorn and no rank: 'Nobody climbs alone, everybody climbs roped!'. Riya (34, Bengali-Indian woman, athletic, storm-grey military command coat with oxblood shoulder piping, black hair). Setting: the Ark — a drilling rig re-clad in seamless bone-white lacquer, 30m ceilings, nothing on any wall, a 40m circular pool of black water, even sourceless shadowless white light. dawn, storm. Light: lamp, cyan spill. Audio: bullhorn distortion. Photoreal live-action cinema, 2.39:1 anamorphic widescreen, fine 35mm grain, naturalistic skin, practical lighting, no CGI gloss. Avoid: on-screen text, subtitles, watermarks, HUD or UI graphics, comic-book styling, capes, masks on the hero, glossy 3D-render look, extra fingers, changing hairstyles."
S25-25H,25,25H,1/1,8,LOC-08,"MS 2-shot, eye, 75mm, locked-off, no camera movement. On the upper deck: Kira in the white shift at the rail — FREE, unguarded, choosing to be there — watching the staircase come up the leg. Her father beside her. Kira (17, mixed Nigerian-Indian girl, wiry, dark brown skin, SIX cornrows in a high knot with THREE copper clips on the left, one brass earring, grey cloth wraps on both forearms). Dev (58, South Indian man, tall and broad, grey beard, iron-grey hair swept back, LEFT eye brown and RIGHT eye crystalline white-blue, translucent crystal spreading from his left jaw down his neck, long plain charcoal coat, cracked bronze gorget, wedding band on a chain, barefoot). Setting: the Ark — a drilling rig re-clad in seamless bone-white lacquer, 30m ceilings, nothing on any wall, a 40m circular pool of black water, even sourceless shadowless white light. dawn, storm. Light: Ark white; storm behind. Audio: the storm, suddenly audible again. Photoreal live-action cinema, 2.39:1 anamorphic widescreen, fine 35mm grain, naturalistic skin, practical lighting, no CGI gloss. Avoid: on-screen text, subtitles, watermarks, HUD or UI graphics, comic-book styling, capes, masks on the hero, glossy 3D-render look, extra fingers, changing hairstyles."
S25-25I,25,25I,1/1,8,LOC-08,"CU, eye, 85mm, locked-off, no camera movement. Genuinely moved: 'That's the most Guardian thing I have ever seen.' Then, to a Hollow: 'Don't fire on the civilians. Not one.'. Dev (58, South Indian man, tall and broad, grey beard, iron-grey hair swept back, LEFT eye brown and RIGHT eye crystalline white-blue, translucent crystal spreading from his left jaw down his neck, long plain charcoal coat, cracked bronze gorget, wedding band on a chain, barefoot). Setting: the Ark — a drilling rig re-clad in seamless bone-white lacquer, 30m ceilings, nothing on any wall, a 40m circular pool of black water, even sourceless shadowless white light. dawn, storm. Light: Ark white key. Effect: crystallisation. Audio: his voice level. Photoreal live-action cinema, 2.39:1 anamorphic widescreen, fine 35mm grain, naturalistic skin, practical lighting, no CGI gloss. Avoid: on-screen text, subtitles, watermarks, HUD or UI graphics, comic-book styling, capes, masks on the hero, glossy 3D-render look, extra fingers, changing hairstyles."
S26-26A-a,26,26A,1/2,5,LOC-08,"EWS, eye, dead centre, 25mm, locked-off, no camera movement. A white cathedral of nothing. Two figures a hundred metres apart. Sera walks out to the middle and draws the resonance blade. Sera (29, pale Anglo-Indian woman, BOTH eyes mirrored chrome with no iris, platinum crown braid, no eyebrows, seamless bone-white lacquer armour with mirror-polished gauntlets). Arjun (32, South Indian man, lean swimmer's build, deep brown skin, black mid-length hair pushed back with a grey streak at the RIGHT temple, heavy stubble, faint silver branching scars along both forearms). Setting: the Ark — a drilling rig re-clad in seamless bone-white lacquer, 30m ceilings, nothing on any wall, a 40m circular pool of black water, even sourceless shadowless white light. dawn, interior, silent. Light: shadowless white; both figures cast NO shadow, which is the location's horror. Effect: mirror plates ray-traced. Audio: the room has no reverb; footsteps land dead. Photoreal live-action cinema, 2.39:1 anamorphic widescreen, fine 35mm grain, naturalistic skin, practical lighting, no CGI gloss. Avoid: on-screen text, subtitles, watermarks, HUD or UI graphics, comic-book styling, capes, masks on the hero, glossy 3D-render look, extra fingers, changing hairstyles. (Continuous shot, part 1 of 2. Begin the described action; end the clip mid-movement, not on a settle. Use the final frame of part 0 as the starting reference so the move is unbroken.)"
S26-26A-b,26,26A,2/2,4,LOC-08,"EWS, eye, dead centre, 25mm, locked-off, no camera movement. A white cathedral of nothing. Two figures a hundred metres apart. Sera walks out to the middle and draws the resonance blade. Sera (29, pale Anglo-Indian woman, BOTH eyes mirrored chrome with no iris, platinum crown braid, no eyebrows, seamless bone-white lacquer armour with mirror-polished gauntlets). Arjun (32, South Indian man, lean swimmer's build, deep brown skin, black mid-length hair pushed back with a grey streak at the RIGHT temple, heavy stubble, faint silver branching scars along both forearms). Setting: the Ark — a drilling rig re-clad in seamless bone-white lacquer, 30m ceilings, nothing on any wall, a 40m circular pool of black water, even sourceless shadowless white light. dawn, interior, silent. Light: shadowless white; both figures cast NO shadow, which is the location's horror. Effect: mirror plates ray-traced. Audio: the room has no reverb; footsteps land dead. Photoreal live-action cinema, 2.39:1 anamorphic widescreen, fine 35mm grain, naturalistic skin, practical lighting, no CGI gloss. Avoid: on-screen text, subtitles, watermarks, HUD or UI graphics, comic-book styling, capes, masks on the hero, glossy 3D-render look, extra fingers, changing hairstyles. (Continuous shot, part 2 of 2. Complete the described action and settle on the final beat. Use the final frame of part 1 as the starting reference so the move is unbroken.)"
S26-26B,26,26B,1/1,6,LOC-08,"MS, eye, 50mm, locked-off, no camera movement. 'You've done this twice. It went badly twice. Badly twice.'. Sera (29, pale Anglo-Indian woman, BOTH eyes mirrored chrome with no iris, platinum crown braid, no eyebrows, seamless bone-white lacquer armour with mirror-polished gauntlets). Setting: the Ark — a drilling rig re-clad in seamless bone-white lacquer, 30m ceilings, nothing on any wall, a 40m circular pool of black water, even sourceless shadowless white light. dawn, interior, silent. Light: white. Effect: chrome eyes. Audio: the echo. Photoreal live-action cinema, 2.39:1 anamorphic widescreen, fine 35mm grain, naturalistic skin, practical lighting, no CGI gloss. Avoid: on-screen text, subtitles, watermarks, HUD or UI graphics, comic-book styling, capes, masks on the hero, glossy 3D-render look, extra fingers, changing hairstyles."
S26-26C,26,26C,1/1,6,LOC-08,"WS, low, 32mm, handheld. BEAT ONE: he throws a bastion; reflected; he goes thirty metres down the hall. He gets up. Arjun (32, South Indian man, lean swimmer's build, deep brown skin, black mid-length hair pushed back with a grey streak at the RIGHT temple, heavy stubble, faint silver branching scars along both forearms). Sera (29, pale Anglo-Indian woman, BOTH eyes mirrored chrome with no iris, platinum crown braid, no eyebrows, seamless bone-white lacquer armour with mirror-polished gauntlets). Setting: the Ark — a drilling rig re-clad in seamless bone-white lacquer, 30m ceilings, nothing on any wall, a 40m circular pool of black water, even sourceless shadowless white light. dawn, interior, silent. Light: cyan flash, silver inversion. Effect: reflection inversion. Audio: chime; reversed chime; a body on lacquer. Photoreal live-action cinema, 2.39:1 anamorphic widescreen, fine 35mm grain, naturalistic skin, practical lighting, no CGI gloss. Avoid: on-screen text, subtitles, watermarks, HUD or UI graphics, comic-book styling, capes, masks on the hero, glossy 3D-render look, extra fingers, changing hairstyles."
S26-26D,26,26D,1/1,6,LOC-08,"WS, high, 40mm, handheld. BEAT TWO: same again. Blood in his teeth. Sera has not hurried once. Arjun (32, South Indian man, lean swimmer's build, deep brown skin, black mid-length hair pushed back with a grey streak at the RIGHT temple, heavy stubble, faint silver branching scars along both forearms). Sera (29, pale Anglo-Indian woman, BOTH eyes mirrored chrome with no iris, platinum crown braid, no eyebrows, seamless bone-white lacquer armour with mirror-polished gauntlets). Setting: the Ark — a drilling rig re-clad in seamless bone-white lacquer, 30m ceilings, nothing on any wall, a 40m circular pool of black water, even sourceless shadowless white light. dawn, interior, silent. Light: white. Effect: reflection. Audio: the same two sounds, which is the point. Photoreal live-action cinema, 2.39:1 anamorphic widescreen, fine 35mm grain, naturalistic skin, practical lighting, no CGI gloss. Avoid: on-screen text, subtitles, watermarks, HUD or UI graphics, comic-book styling, capes, masks on the hero, glossy 3D-render look, extra fingers, changing hairstyles."
S26-26E,26,26E,1/1,7,LOC-08,"MS, eye, three angles cut fast, 75mm, three whip pans. Three copy-steps from three angles; three cuts land: forearm, thigh, and a resonance-blade slash across the cuirass that opens a conduit channel — his LEFT ARM GOES DEAD. Sera (29, pale Anglo-Indian woman, BOTH eyes mirrored chrome with no iris, platinum crown braid, no eyebrows, seamless bone-white lacquer armour with mirror-polished gauntlets). Arjun (32, South Indian man, lean swimmer's build, deep brown skin, black mid-length hair pushed back with a grey streak at the RIGHT temple, heavy stubble, faint silver branching scars along both forearms). Setting: the Ark — a drilling rig re-clad in seamless bone-white lacquer, 30m ceilings, nothing on any wall, a 40m circular pool of black water, even sourceless shadowless white light. dawn, interior, silent. Light: white; the wounded conduit channel sparks cyan then goes grey. Effect: copy-step afterimages; conduit channel failure with light draining out of it like blood. Audio: the 4kHz blade whine stopping dead three times. Photoreal live-action cinema, 2.39:1 anamorphic widescreen, fine 35mm grain, naturalistic skin, practical lighting, no CGI gloss. Avoid: on-screen text, subtitles, watermarks, HUD or UI graphics, comic-book styling, capes, masks on the hero, glossy 3D-render look, extra fingers, changing hairstyles."
S26-26F-a,26,26F,1/2,5,LOC-08,"MS, very low, floor level, 40mm, locked-off, no camera movement. He crawls. She follows at a walk, narrating kindly: 'You keep trying to put a wall between yourself and a mirror. Between yourself and a mirror.'. Arjun (32, South Indian man, lean swimmer's build, deep brown skin, black mid-length hair pushed back with a grey streak at the RIGHT temple, heavy stubble, faint silver branching scars along both forearms). Sera (29, pale Anglo-Indian woman, BOTH eyes mirrored chrome with no iris, platinum crown braid, no eyebrows, seamless bone-white lacquer armour with mirror-polished gauntlets). Setting: the Ark — a drilling rig re-clad in seamless bone-white lacquer, 30m ceilings, nothing on any wall, a 40m circular pool of black water, even sourceless shadowless white light. dawn, interior, silent. Light: white; his blood is the only colour on the floor. Audio: her voice; his dragging. Photoreal live-action cinema, 2.39:1 anamorphic widescreen, fine 35mm grain, naturalistic skin, practical lighting, no CGI gloss. Avoid: on-screen text, subtitles, watermarks, HUD or UI graphics, comic-book styling, capes, masks on the hero, glossy 3D-render look, extra fingers, changing hairstyles. (Continuous shot, part 1 of 2. Begin the described action; end the clip mid-movement, not on a settle. Use the final frame of part 0 as the starting reference so the move is unbroken.)"
S26-26F-b,26,26F,2/2,4,LOC-08,"MS, very low, floor level, 40mm, locked-off, no camera movement. He crawls. She follows at a walk, narrating kindly: 'You keep trying to put a wall between yourself and a mirror. Between yourself and a mirror.'. Arjun (32, South Indian man, lean swimmer's build, deep brown skin, black mid-length hair pushed back with a grey streak at the RIGHT temple, heavy stubble, faint silver branching scars along both forearms). Sera (29, pale Anglo-Indian woman, BOTH eyes mirrored chrome with no iris, platinum crown braid, no eyebrows, seamless bone-white lacquer armour with mirror-polished gauntlets). Setting: the Ark — a drilling rig re-clad in seamless bone-white lacquer, 30m ceilings, nothing on any wall, a 40m circular pool of black water, even sourceless shadowless white light. dawn, interior, silent. Light: white; his blood is the only colour on the floor. Audio: her voice; his dragging. Photoreal live-action cinema, 2.39:1 anamorphic widescreen, fine 35mm grain, naturalistic skin, practical lighting, no CGI gloss. Avoid: on-screen text, subtitles, watermarks, HUD or UI graphics, comic-book styling, capes, masks on the hero, glossy 3D-render look, extra fingers, changing hairstyles. (Continuous shot, part 2 of 2. Complete the described action and settle on the final beat. Use the final frame of part 1 as the starting reference so the move is unbroken.)"
S26-26G,26,26G,1/1,7,LOC-08,"ECU, floor level, on his face, 85mm, locked-off, no camera movement. Face down on white lacquer, one arm dead — he LAUGHS. Once. Painfully. 'Third law. Never shield what you can move.'. Arjun (32, South Indian man, lean swimmer's build, deep brown skin, black mid-length hair pushed back with a grey streak at the RIGHT temple, heavy stubble, faint silver branching scars along both forearms). Setting: the Ark — a drilling rig re-clad in seamless bone-white lacquer, 30m ceilings, nothing on any wall, a 40m circular pool of black water, even sourceless shadowless white light. dawn, interior, silent. Light: white. Audio: the laugh; then silence. Photoreal live-action cinema, 2.39:1 anamorphic widescreen, fine 35mm grain, naturalistic skin, practical lighting, no CGI gloss. Avoid: on-screen text, subtitles, watermarks, HUD or UI graphics, comic-book styling, capes, masks on the hero, glossy 3D-render look, extra fingers, changing hairstyles."
S26-26H,26,26H,1/1,4,LOC-08,"insert, macro on the hand, 100mm macro, locked-off, no camera movement. His good palm goes flat — NOT in front of her. ON THE FLOOR. Setting: the Ark — a drilling rig re-clad in seamless bone-white lacquer, 30m ceilings, nothing on any wall, a 40m circular pool of black water, even sourceless shadowless white light. dawn, interior, silent. Light: white; cyan beginning under his fingers. Effect: cyan ignition under the palm. Audio: a single deep chime, different in pitch from all previous. Photoreal live-action cinema, 2.39:1 anamorphic widescreen, fine 35mm grain, naturalistic skin, practical lighting, no CGI gloss. Avoid: on-screen text, subtitles, watermarks, HUD or UI graphics, comic-book styling, capes, masks on the hero, glossy 3D-render look, extra fingers, changing hairstyles."
S26-26I,26,26I,1/1,7,LOC-08,"WS, low, wide, 32mm, locked-off, no camera movement. THE REVERSAL: the hardlight crystallises BENEATH the deck plate and prises it up; ten square metres of floor flips; Sera drops through her own floor — a fall she cannot reflect. Sera (29, pale Anglo-Indian woman, BOTH eyes mirrored chrome with no iris, platinum crown braid, no eyebrows, seamless bone-white lacquer armour with mirror-polished gauntlets). Setting: the Ark — a drilling rig re-clad in seamless bone-white lacquer, 30m ceilings, nothing on any wall, a 40m circular pool of black water, even sourceless shadowless white light. dawn, interior, silent. Light: cyan from below through the tearing seam. Effect: deck plate inversion and structural failure driven by hardlight from underneath. Audio: steel shearing; a long fall. Photoreal live-action cinema, 2.39:1 anamorphic widescreen, fine 35mm grain, naturalistic skin, practical lighting, no CGI gloss. Avoid: on-screen text, subtitles, watermarks, HUD or UI graphics, comic-book styling, capes, masks on the hero, glossy 3D-render look, extra fingers, changing hairstyles."
S26-26J,26,26J,1/1,7,LOC-08,"MS, extreme high, looking down through the hole, 40mm, locked-off, no camera movement. Sera wedged in the dark ballast void below, alive, chest plate cracked, staring up. Sera (29, pale Anglo-Indian woman, BOTH eyes mirrored chrome with no iris, platinum crown braid, no eyebrows, seamless bone-white lacquer armour with mirror-polished gauntlets). Setting: the Ark — a drilling rig re-clad in seamless bone-white lacquer, 30m ceilings, nothing on any wall, a 40m circular pool of black water, even sourceless shadowless white light. dawn, interior, silent. Light: one shaft of white from the hole; everything else black — the only chiaroscuro on the entire Ark. Effect: cracked plate. Audio: water sloshing below her. Photoreal live-action cinema, 2.39:1 anamorphic widescreen, fine 35mm grain, naturalistic skin, practical lighting, no CGI gloss. Avoid: on-screen text, subtitles, watermarks, HUD or UI graphics, comic-book styling, capes, masks on the hero, glossy 3D-render look, extra fingers, changing hairstyles."
S26-26K,26,26K,1/1,8,LOC-08,"ECU, eye, on the cracked gauntlet, 100mm macro, slow push. In the cracked mirror of her own gauntlet, six inches from her face, is HER OWN REFLECTION, and she cannot look away. Sera (29, pale Anglo-Indian woman, BOTH eyes mirrored chrome with no iris, platinum crown braid, no eyebrows, seamless bone-white lacquer armour with mirror-polished gauntlets). Setting: the Ark — a drilling rig re-clad in seamless bone-white lacquer, 30m ceilings, nothing on any wall, a 40m circular pool of black water, even sourceless shadowless white light. dawn, interior, silent. Light: the single white shaft. Effect: her face in her own broken plate, fragmented into nine pieces. Audio: her breathing changing for the first time in the film. Photoreal live-action cinema, 2.39:1 anamorphic widescreen, fine 35mm grain, naturalistic skin, practical lighting, no CGI gloss. Avoid: on-screen text, subtitles, watermarks, HUD or UI graphics, comic-book styling, capes, masks on the hero, glossy 3D-render look, extra fingers, changing hairstyles."
S26-26L-a,26,26L,1/2,5,LOC-08,"MS 2-shot, high/low reverse, 50mm, locked-off, no camera movement. 'Get me out — I can see her — who is that.' / 'That's you.' He leaves the rope. He doesn't wait to see if she takes it. Arjun (32, South Indian man, lean swimmer's build, deep brown skin, black mid-length hair pushed back with a grey streak at the RIGHT temple, heavy stubble, faint silver branching scars along both forearms). Sera (29, pale Anglo-Indian woman, BOTH eyes mirrored chrome with no iris, platinum crown braid, no eyebrows, seamless bone-white lacquer armour with mirror-polished gauntlets). Setting: the Ark — a drilling rig re-clad in seamless bone-white lacquer, 30m ceilings, nothing on any wall, a 40m circular pool of black water, even sourceless shadowless white light. dawn, interior, silent. Light: white above, black below. Audio: the rope hitting the void floor. Photoreal live-action cinema, 2.39:1 anamorphic widescreen, fine 35mm grain, naturalistic skin, practical lighting, no CGI gloss. Avoid: on-screen text, subtitles, watermarks, HUD or UI graphics, comic-book styling, capes, masks on the hero, glossy 3D-render look, extra fingers, changing hairstyles. (Continuous shot, part 1 of 2. Begin the described action; end the clip mid-movement, not on a settle. Use the final frame of part 0 as the starting reference so the move is unbroken.)"
S26-26L-b,26,26L,2/2,5,LOC-08,"MS 2-shot, high/low reverse, 50mm, locked-off, no camera movement. 'Get me out — I can see her — who is that.' / 'That's you.' He leaves the rope. He doesn't wait to see if she takes it. Arjun (32, South Indian man, lean swimmer's build, deep brown skin, black mid-length hair pushed back with a grey streak at the RIGHT temple, heavy stubble, faint silver branching scars along both forearms). Sera (29, pale Anglo-Indian woman, BOTH eyes mirrored chrome with no iris, platinum crown braid, no eyebrows, seamless bone-white lacquer armour with mirror-polished gauntlets). Setting: the Ark — a drilling rig re-clad in seamless bone-white lacquer, 30m ceilings, nothing on any wall, a 40m circular pool of black water, even sourceless shadowless white light. dawn, interior, silent. Light: white above, black below. Audio: the rope hitting the void floor. Photoreal live-action cinema, 2.39:1 anamorphic widescreen, fine 35mm grain, naturalistic skin, practical lighting, no CGI gloss. Avoid: on-screen text, subtitles, watermarks, HUD or UI graphics, comic-book styling, capes, masks on the hero, glossy 3D-render look, extra fingers, changing hairstyles. (Continuous shot, part 2 of 2. Complete the described action and settle on the final beat. Use the final frame of part 1 as the starting reference so the move is unbroken.)"
S27-27A-a,27,27A,1/2,5,LOC-08,"WS, high, 32mm, very slow descent. Kira at the eight primary tether-lines above the black water, gold already running up her forearms; Dev behind her, not touching, hands at his sides. Kira (17, mixed Nigerian-Indian girl, wiry, dark brown skin, SIX cornrows in a high knot with THREE copper clips on the left, one brass earring, grey cloth wraps on both forearms). Dev (58, South Indian man, tall and broad, grey beard, iron-grey hair swept back, LEFT eye brown and RIGHT eye crystalline white-blue, translucent crystal spreading from his left jaw down his neck, long plain charcoal coat, cracked bronze gorget, wedding band on a chain, barefoot). Setting: the Ark — a drilling rig re-clad in seamless bone-white lacquer, 30m ceilings, nothing on any wall, a 40m circular pool of black water, even sourceless shadowless white light. dawn, interior. Light: warm projection from below, white from everywhere. Effect: eight standing crystal tether-lines; her forearm ignition. Audio: the eight lines each holding a different pitch. Photoreal live-action cinema, 2.39:1 anamorphic widescreen, fine 35mm grain, naturalistic skin, practical lighting, no CGI gloss. Avoid: on-screen text, subtitles, watermarks, HUD or UI graphics, comic-book styling, capes, masks on the hero, glossy 3D-render look, extra fingers, changing hairstyles. (Continuous shot, part 1 of 2. Begin the described action; end the clip mid-movement, not on a settle. Use the final frame of part 0 as the starting reference so the move is unbroken.)"
S27-27A-b,27,27A,2/2,4,LOC-08,"WS, high, 32mm, very slow descent. Kira at the eight primary tether-lines above the black water, gold already running up her forearms; Dev behind her, not touching, hands at his sides. Kira (17, mixed Nigerian-Indian girl, wiry, dark brown skin, SIX cornrows in a high knot with THREE copper clips on the left, one brass earring, grey cloth wraps on both forearms). Dev (58, South Indian man, tall and broad, grey beard, iron-grey hair swept back, LEFT eye brown and RIGHT eye crystalline white-blue, translucent crystal spreading from his left jaw down his neck, long plain charcoal coat, cracked bronze gorget, wedding band on a chain, barefoot). Setting: the Ark — a drilling rig re-clad in seamless bone-white lacquer, 30m ceilings, nothing on any wall, a 40m circular pool of black water, even sourceless shadowless white light. dawn, interior. Light: warm projection from below, white from everywhere. Effect: eight standing crystal tether-lines; her forearm ignition. Audio: the eight lines each holding a different pitch. Photoreal live-action cinema, 2.39:1 anamorphic widescreen, fine 35mm grain, naturalistic skin, practical lighting, no CGI gloss. Avoid: on-screen text, subtitles, watermarks, HUD or UI graphics, comic-book styling, capes, masks on the hero, glossy 3D-render look, extra fingers, changing hairstyles. (Continuous shot, part 2 of 2. Complete the described action and settle on the final beat. Use the final frame of part 1 as the starting reference so the move is unbroken.)"
S27-27B,27,27B,1/1,7,LOC-08,"MS, eye, 50mm, locked-off, no camera movement. She raises her hands. Six tethers. Then — for the first time — a SEVENTH. The room brightens. Kira (17, mixed Nigerian-Indian girl, wiry, dark brown skin, SIX cornrows in a high knot with THREE copper clips on the left, one brass earring, grey cloth wraps on both forearms). Setting: the Ark — a drilling rig re-clad in seamless bone-white lacquer, 30m ceilings, nothing on any wall, a 40m circular pool of black water, even sourceless shadowless white light. dawn, interior. Light: her gold now overpowering the white. Effect: the seventh tether: brighter, unstable, wrong. Audio: seven tones, the seventh dissonant. Photoreal live-action cinema, 2.39:1 anamorphic widescreen, fine 35mm grain, naturalistic skin, practical lighting, no CGI gloss. Avoid: on-screen text, subtitles, watermarks, HUD or UI graphics, comic-book styling, capes, masks on the hero, glossy 3D-render look, extra fingers, changing hairstyles."
S27-27C,27,27C,1/1,5,LOC-08,"insert, floor level, 85mm, tracking with the object. A small brass object skids across white lacquer: THE ANCHOR-STONE, thrown from the hall doorway by a bleeding man in a torn mantle. Setting: the Ark — a drilling rig re-clad in seamless bone-white lacquer, 30m ceilings, nothing on any wall, a 40m circular pool of black water, even sourceless shadowless white light. dawn, interior. Light: white floor, amber pulse. Audio: brass on lacquer — small, tinny, and completely out of place. Photoreal live-action cinema, 2.39:1 anamorphic widescreen, fine 35mm grain, naturalistic skin, practical lighting, no CGI gloss. Avoid: on-screen text, subtitles, watermarks, HUD or UI graphics, comic-book styling, capes, masks on the hero, glossy 3D-render look, extra fingers, changing hairstyles."
S27-27D,27,27D,1/1,8,LOC-08,"MS, low, from the floor, 40mm, locked-off, no camera movement. The stone opens: a volumetric of Arjun recorded that morning at Bhaskar's yard, rain on his shoulders, reading awkwardly from a notebook. a shoulders-up projection of Arjun (grey temple streak, stubble, rain on his shoulders) whose edges dissolve into drifting light-grain. Setting: the Ark — a drilling rig re-clad in seamless bone-white lacquer, 30m ceilings, nothing on any wall, a 40m circular pool of black water, even sourceless shadowless white light. dawn, interior. Light: the volumetric is warm, grainy and low-res against the perfect white room. Effect: volumetric projection with grain and edge dissolve. Audio: his recorded voice carries YARD ROOM TONE — rain, a grinder — into a silent white room. Photoreal live-action cinema, 2.39:1 anamorphic widescreen, fine 35mm grain, naturalistic skin, practical lighting, no CGI gloss. Avoid: on-screen text, subtitles, watermarks, HUD or UI graphics, comic-book styling, capes, masks on the hero, glossy 3D-render look, extra fingers, changing hairstyles."
S27-27E-a,27,27E,1/2,7,LOC-08,"CU, eye, 75mm, locked-off, no camera movement. 'Three: Kira Okonkwo is seventeen years old. She robbed me in the rain, and she was right about the rig, and she flies kites like it's an argument she's winning.' Beat. 'It hurts, and I would not trade one line of it.'. a shoulders-up projection of Arjun (grey temple streak, stubble, rain on his shoulders) whose edges dissolve into drifting light-grain. Setting: the Ark — a drilling rig re-clad in seamless bone-white lacquer, 30m ceilings, nothing on any wall, a 40m circular pool of black water, even sourceless shadowless white light. dawn, interior. Light: self-lit volumetric. Effect: volumetric. Audio: his voice; nothing else. Photoreal live-action cinema, 2.39:1 anamorphic widescreen, fine 35mm grain, naturalistic skin, practical lighting, no CGI gloss. Avoid: on-screen text, subtitles, watermarks, HUD or UI graphics, comic-book styling, capes, masks on the hero, glossy 3D-render look, extra fingers, changing hairstyles. (Continuous shot, part 1 of 2. Begin the described action; end the clip mid-movement, not on a settle. Use the final frame of part 0 as the starting reference so the move is unbroken.)"
S27-27E-b,27,27E,2/2,7,LOC-08,"CU, eye, 75mm, locked-off, no camera movement. 'Three: Kira Okonkwo is seventeen years old. She robbed me in the rain, and she was right about the rig, and she flies kites like it's an argument she's winning.' Beat. 'It hurts, and I would not trade one line of it.'. a shoulders-up projection of Arjun (grey temple streak, stubble, rain on his shoulders) whose edges dissolve into drifting light-grain. Setting: the Ark — a drilling rig re-clad in seamless bone-white lacquer, 30m ceilings, nothing on any wall, a 40m circular pool of black water, even sourceless shadowless white light. dawn, interior. Light: self-lit volumetric. Effect: volumetric. Audio: his voice; nothing else. Photoreal live-action cinema, 2.39:1 anamorphic widescreen, fine 35mm grain, naturalistic skin, practical lighting, no CGI gloss. Avoid: on-screen text, subtitles, watermarks, HUD or UI graphics, comic-book styling, capes, masks on the hero, glossy 3D-render look, extra fingers, changing hairstyles. (Continuous shot, part 2 of 2. Complete the described action and settle on the final beat. Use the final frame of part 1 as the starting reference so the move is unbroken.)"
S27-27F,27,27F,1/1,7,LOC-08,"MS, eye, 50mm, locked-off, no camera movement. Seven tethers hang in the air, UNWOVEN. She lowers her hands. Kira (17, mixed Nigerian-Indian girl, wiry, dark brown skin, SIX cornrows in a high knot with THREE copper clips on the left, one brass earring, grey cloth wraps on both forearms). Setting: the Ark — a drilling rig re-clad in seamless bone-white lacquer, 30m ceilings, nothing on any wall, a 40m circular pool of black water, even sourceless shadowless white light. dawn, interior. Light: gold dying back to white. Effect: tethers holding, then slackening. Audio: seven tones sagging out of tune. Photoreal live-action cinema, 2.39:1 anamorphic widescreen, fine 35mm grain, naturalistic skin, practical lighting, no CGI gloss. Avoid: on-screen text, subtitles, watermarks, HUD or UI graphics, comic-book styling, capes, masks on the hero, glossy 3D-render look, extra fingers, changing hairstyles."
S27-27G-a,27,27G,1/2,5,LOC-08,"insert ×4, macro, 100mm macro, locked-off, no camera movement. One at a time: copper clip into a braid. Copper clip. Copper clip. Brass earring. Then her fist closing around Arjun's regulator. Setting: the Ark — a drilling rig re-clad in seamless bone-white lacquer, 30m ceilings, nothing on any wall, a 40m circular pool of black water, even sourceless shadowless white light. dawn, interior. Light: white. Audio: four small metallic sounds, spaced. Photoreal live-action cinema, 2.39:1 anamorphic widescreen, fine 35mm grain, naturalistic skin, practical lighting, no CGI gloss. Avoid: on-screen text, subtitles, watermarks, HUD or UI graphics, comic-book styling, capes, masks on the hero, glossy 3D-render look, extra fingers, changing hairstyles. (Continuous shot, part 1 of 2. Begin the described action; end the clip mid-movement, not on a settle. Use the final frame of part 0 as the starting reference so the move is unbroken.)"
S27-27G-b,27,27G,2/2,5,LOC-08,"insert ×4, macro, 100mm macro, locked-off, no camera movement. One at a time: copper clip into a braid. Copper clip. Copper clip. Brass earring. Then her fist closing around Arjun's regulator. Setting: the Ark — a drilling rig re-clad in seamless bone-white lacquer, 30m ceilings, nothing on any wall, a 40m circular pool of black water, even sourceless shadowless white light. dawn, interior. Light: white. Audio: four small metallic sounds, spaced. Photoreal live-action cinema, 2.39:1 anamorphic widescreen, fine 35mm grain, naturalistic skin, practical lighting, no CGI gloss. Avoid: on-screen text, subtitles, watermarks, HUD or UI graphics, comic-book styling, capes, masks on the hero, glossy 3D-render look, extra fingers, changing hairstyles. (Continuous shot, part 2 of 2. Complete the described action and settle on the final beat. Use the final frame of part 1 as the starting reference so the move is unbroken.)"
S27-27H-a,27,27H,1/2,7,LOC-08,"CU, eye, 85mm, locked-off, no camera movement. 'I was five. I remember two things. Her collar, and no sound. Everyone in that market got a whole life and I got a collar and a silence, and it is MINE, and you don't get it.'. Kira (17, mixed Nigerian-Indian girl, wiry, dark brown skin, SIX cornrows in a high knot with THREE copper clips on the left, one brass earring, grey cloth wraps on both forearms). Setting: the Ark — a drilling rig re-clad in seamless bone-white lacquer, 30m ceilings, nothing on any wall, a 40m circular pool of black water, even sourceless shadowless white light. dawn, interior. Light: white. Audio: her voice steady for the first time in the film. Photoreal live-action cinema, 2.39:1 anamorphic widescreen, fine 35mm grain, naturalistic skin, practical lighting, no CGI gloss. Avoid: on-screen text, subtitles, watermarks, HUD or UI graphics, comic-book styling, capes, masks on the hero, glossy 3D-render look, extra fingers, changing hairstyles. (Continuous shot, part 1 of 2. Begin the described action; end the clip mid-movement, not on a settle. Use the final frame of part 0 as the starting reference so the move is unbroken.)"
S27-27H-b,27,27H,2/2,7,LOC-08,"CU, eye, 85mm, locked-off, no camera movement. 'I was five. I remember two things. Her collar, and no sound. Everyone in that market got a whole life and I got a collar and a silence, and it is MINE, and you don't get it.'. Kira (17, mixed Nigerian-Indian girl, wiry, dark brown skin, SIX cornrows in a high knot with THREE copper clips on the left, one brass earring, grey cloth wraps on both forearms). Setting: the Ark — a drilling rig re-clad in seamless bone-white lacquer, 30m ceilings, nothing on any wall, a 40m circular pool of black water, even sourceless shadowless white light. dawn, interior. Light: white. Audio: her voice steady for the first time in the film. Photoreal live-action cinema, 2.39:1 anamorphic widescreen, fine 35mm grain, naturalistic skin, practical lighting, no CGI gloss. Avoid: on-screen text, subtitles, watermarks, HUD or UI graphics, comic-book styling, capes, masks on the hero, glossy 3D-render look, extra fingers, changing hairstyles. (Continuous shot, part 2 of 2. Complete the described action and settle on the final beat. Use the final frame of part 1 as the starting reference so the move is unbroken.)"
S27-27I-a,27,27I,1/2,6,LOC-08,"CU, eye, 85mm, locked-off, no camera movement. 'You said you'd give me a place to stand in with her. You can't even remember her face.' Off Dev: something goes very, very quiet. '...No. I can't.'. Dev (58, South Indian man, tall and broad, grey beard, iron-grey hair swept back, LEFT eye brown and RIGHT eye crystalline white-blue, translucent crystal spreading from his left jaw down his neck, long plain charcoal coat, cracked bronze gorget, wedding band on a chain, barefoot). Setting: the Ark — a drilling rig re-clad in seamless bone-white lacquer, 30m ceilings, nothing on any wall, a 40m circular pool of black water, even sourceless shadowless white light. dawn, interior. Light: white; the crystalline half of his face refracting the projection below. Effect: crystallisation. Audio: the projection loop is suddenly very loud. Photoreal live-action cinema, 2.39:1 anamorphic widescreen, fine 35mm grain, naturalistic skin, practical lighting, no CGI gloss. Avoid: on-screen text, subtitles, watermarks, HUD or UI graphics, comic-book styling, capes, masks on the hero, glossy 3D-render look, extra fingers, changing hairstyles. (Continuous shot, part 1 of 2. Begin the described action; end the clip mid-movement, not on a settle. Use the final frame of part 0 as the starting reference so the move is unbroken.)"
S27-27I-b,27,27I,2/2,5,LOC-08,"CU, eye, 85mm, locked-off, no camera movement. 'You said you'd give me a place to stand in with her. You can't even remember her face.' Off Dev: something goes very, very quiet. '...No. I can't.'. Dev (58, South Indian man, tall and broad, grey beard, iron-grey hair swept back, LEFT eye brown and RIGHT eye crystalline white-blue, translucent crystal spreading from his left jaw down his neck, long plain charcoal coat, cracked bronze gorget, wedding band on a chain, barefoot). Setting: the Ark — a drilling rig re-clad in seamless bone-white lacquer, 30m ceilings, nothing on any wall, a 40m circular pool of black water, even sourceless shadowless white light. dawn, interior. Light: white; the crystalline half of his face refracting the projection below. Effect: crystallisation. Audio: the projection loop is suddenly very loud. Photoreal live-action cinema, 2.39:1 anamorphic widescreen, fine 35mm grain, naturalistic skin, practical lighting, no CGI gloss. Avoid: on-screen text, subtitles, watermarks, HUD or UI graphics, comic-book styling, capes, masks on the hero, glossy 3D-render look, extra fingers, changing hairstyles. (Continuous shot, part 2 of 2. Complete the described action and settle on the final beat. Use the final frame of part 1 as the starting reference so the move is unbroken.)"
S27-27J-a,27,27J,1/2,6,LOC-08,"MS, low, 40mm, slow push. He puts his crystalline hand on the Concord spindle: 'I'm going to do it without you. It will be cruder. Some of them won't survive the pass. I don't know how to be a person who stops.'. Dev (58, South Indian man, tall and broad, grey beard, iron-grey hair swept back, LEFT eye brown and RIGHT eye crystalline white-blue, translucent crystal spreading from his left jaw down his neck, long plain charcoal coat, cracked bronze gorget, wedding band on a chain, barefoot). Setting: the Ark — a drilling rig re-clad in seamless bone-white lacquer, 30m ceilings, nothing on any wall, a 40m circular pool of black water, even sourceless shadowless white light. dawn, interior. Light: the spindle begins to light from within — the first non-even light on the Ark. Effect: spindle activation. Audio: a tone climbing out of the sub-bass. Photoreal live-action cinema, 2.39:1 anamorphic widescreen, fine 35mm grain, naturalistic skin, practical lighting, no CGI gloss. Avoid: on-screen text, subtitles, watermarks, HUD or UI graphics, comic-book styling, capes, masks on the hero, glossy 3D-render look, extra fingers, changing hairstyles. (Continuous shot, part 1 of 2. Begin the described action; end the clip mid-movement, not on a settle. Use the final frame of part 0 as the starting reference so the move is unbroken.)"
S27-27J-b,27,27J,2/2,6,LOC-08,"MS, low, 40mm, slow push. He puts his crystalline hand on the Concord spindle: 'I'm going to do it without you. It will be cruder. Some of them won't survive the pass. I don't know how to be a person who stops.'. Dev (58, South Indian man, tall and broad, grey beard, iron-grey hair swept back, LEFT eye brown and RIGHT eye crystalline white-blue, translucent crystal spreading from his left jaw down his neck, long plain charcoal coat, cracked bronze gorget, wedding band on a chain, barefoot). Setting: the Ark — a drilling rig re-clad in seamless bone-white lacquer, 30m ceilings, nothing on any wall, a 40m circular pool of black water, even sourceless shadowless white light. dawn, interior. Light: the spindle begins to light from within — the first non-even light on the Ark. Effect: spindle activation. Audio: a tone climbing out of the sub-bass. Photoreal live-action cinema, 2.39:1 anamorphic widescreen, fine 35mm grain, naturalistic skin, practical lighting, no CGI gloss. Avoid: on-screen text, subtitles, watermarks, HUD or UI graphics, comic-book styling, capes, masks on the hero, glossy 3D-render look, extra fingers, changing hairstyles. (Continuous shot, part 2 of 2. Complete the described action and settle on the final beat. Use the final frame of part 1 as the starting reference so the move is unbroken.)"
S27-27K-a,27,27K,1/2,5,LOC-08,"EWS aerial, drone, high above the rig, 24mm, slow rise. The Ark's 144 spines light one after another across 240 metres, and a white ring expands outward over the storm at the speed of weather. Setting: the Ark — a drilling rig re-clad in seamless bone-white lacquer, 30m ceilings, nothing on any wall, a 40m circular pool of black water, even sourceless shadowless white light. dawn, interior. Light: the Ark becomes, for four seconds, the brightest object in the film so far. Effect: the Concord launch: a soft white expanding annulus, no shockwave, no fire, gentle and enormous. Audio: the tone reaching a pitch that hurts, then going inaudible. Photoreal live-action cinema, 2.39:1 anamorphic widescreen, fine 35mm grain, naturalistic skin, practical lighting, no CGI gloss. Avoid: on-screen text, subtitles, watermarks, HUD or UI graphics, comic-book styling, capes, masks on the hero, glossy 3D-render look, extra fingers, changing hairstyles. (Continuous shot, part 1 of 2. Begin the described action; end the clip mid-movement, not on a settle. Use the final frame of part 0 as the starting reference so the move is unbroken.)"
S27-27K-b,27,27K,2/2,4,LOC-08,"EWS aerial, drone, high above the rig, 24mm, slow rise. The Ark's 144 spines light one after another across 240 metres, and a white ring expands outward over the storm at the speed of weather. Setting: the Ark — a drilling rig re-clad in seamless bone-white lacquer, 30m ceilings, nothing on any wall, a 40m circular pool of black water, even sourceless shadowless white light. dawn, interior. Light: the Ark becomes, for four seconds, the brightest object in the film so far. Effect: the Concord launch: a soft white expanding annulus, no shockwave, no fire, gentle and enormous. Audio: the tone reaching a pitch that hurts, then going inaudible. Photoreal live-action cinema, 2.39:1 anamorphic widescreen, fine 35mm grain, naturalistic skin, practical lighting, no CGI gloss. Avoid: on-screen text, subtitles, watermarks, HUD or UI graphics, comic-book styling, capes, masks on the hero, glossy 3D-render look, extra fingers, changing hairstyles. (Continuous shot, part 2 of 2. Complete the described action and settle on the final beat. Use the final frame of part 1 as the starting reference so the move is unbroken.)"
S27-27L-a,27,27L,1/2,6,LOC-08,"WS, eye, 40mm, slow lateral dolly. FORTY KILOMETRES AWAY, THE STILTWAY: a mother stops mid-sentence; a boy's hands go slack on a kite line; four hundred faces on the Long Walk go smooth and calm at the same instant, and STOP. Setting: the Ark — a drilling rig re-clad in seamless bone-white lacquer, 30m ceilings, nothing on any wall, a 40m circular pool of black water, even sourceless shadowless white light. dawn, interior. Light: grey morning storm-light, unchanged, which makes it unbearable. Effect: crowd performance — no VFX at all on the people. The absence of any effect is the effect. Audio: the city's sound dies in a two-second fade, leaving only rain. Photoreal live-action cinema, 2.39:1 anamorphic widescreen, fine 35mm grain, naturalistic skin, practical lighting, no CGI gloss. Avoid: on-screen text, subtitles, watermarks, HUD or UI graphics, comic-book styling, capes, masks on the hero, glossy 3D-render look, extra fingers, changing hairstyles. (Continuous shot, part 1 of 2. Begin the described action; end the clip mid-movement, not on a settle. Use the final frame of part 0 as the starting reference so the move is unbroken.)"
S27-27L-b,27,27L,2/2,6,LOC-08,"WS, eye, 40mm, slow lateral dolly. FORTY KILOMETRES AWAY, THE STILTWAY: a mother stops mid-sentence; a boy's hands go slack on a kite line; four hundred faces on the Long Walk go smooth and calm at the same instant, and STOP. Setting: the Ark — a drilling rig re-clad in seamless bone-white lacquer, 30m ceilings, nothing on any wall, a 40m circular pool of black water, even sourceless shadowless white light. dawn, interior. Light: grey morning storm-light, unchanged, which makes it unbearable. Effect: crowd performance — no VFX at all on the people. The absence of any effect is the effect. Audio: the city's sound dies in a two-second fade, leaving only rain. Photoreal live-action cinema, 2.39:1 anamorphic widescreen, fine 35mm grain, naturalistic skin, practical lighting, no CGI gloss. Avoid: on-screen text, subtitles, watermarks, HUD or UI graphics, comic-book styling, capes, masks on the hero, glossy 3D-render look, extra fingers, changing hairstyles. (Continuous shot, part 2 of 2. Complete the described action and settle on the final beat. Use the final frame of part 1 as the starting reference so the move is unbroken.)"
S28-28A-a,28,28A,1/2,6,LOC-09,"EWS, extreme wide, low, looking up, 21mm, slow crane up. A 200-metre geode: standing crystal filament floor to ceiling like the strings of a stadium-sized harp; a brass ring platform at the centre; a single catwalk in. Setting: the Cradle Loom — a 200m crystal geode lined floor to ceiling with standing filament like a giant harp, a brass ring platform at the centre, the walls themselves glowing white-blue. —, —. Light: fully emissive walls — white-blue, rising; there are no lamps anywhere in this location. Effect: the Loom: full CG cavity, 40,000 crystal strings with individual light propagation. Audio: 38Hz in every frame; the strings ringing faintly when the air moves. Photoreal live-action cinema, 2.39:1 anamorphic widescreen, fine 35mm grain, naturalistic skin, practical lighting, no CGI gloss. Avoid: on-screen text, subtitles, watermarks, HUD or UI graphics, comic-book styling, capes, masks on the hero, glossy 3D-render look, extra fingers, changing hairstyles. (Continuous shot, part 1 of 2. Begin the described action; end the clip mid-movement, not on a settle. Use the final frame of part 0 as the starting reference so the move is unbroken.)"
S28-28A-b,28,28A,2/2,6,LOC-09,"EWS, extreme wide, low, looking up, 21mm, slow crane up. A 200-metre geode: standing crystal filament floor to ceiling like the strings of a stadium-sized harp; a brass ring platform at the centre; a single catwalk in. Setting: the Cradle Loom — a 200m crystal geode lined floor to ceiling with standing filament like a giant harp, a brass ring platform at the centre, the walls themselves glowing white-blue. —, —. Light: fully emissive walls — white-blue, rising; there are no lamps anywhere in this location. Effect: the Loom: full CG cavity, 40,000 crystal strings with individual light propagation. Audio: 38Hz in every frame; the strings ringing faintly when the air moves. Photoreal live-action cinema, 2.39:1 anamorphic widescreen, fine 35mm grain, naturalistic skin, practical lighting, no CGI gloss. Avoid: on-screen text, subtitles, watermarks, HUD or UI graphics, comic-book styling, capes, masks on the hero, glossy 3D-render look, extra fingers, changing hairstyles. (Continuous shot, part 2 of 2. Complete the described action and settle on the final beat. Use the final frame of part 1 as the starting reference so the move is unbroken.)"
S28-28B-a,28,28B,1/2,5,LOC-09,"MS, eye, 50mm, slow push. Dev at the spindle, weaving eight million people BY HAND, crudely — and it is killing him. CRYSTALLISATION STAGE 4: left hand entirely crystal and CRACKING. Dev (58, South Indian man, tall and broad, grey beard, iron-grey hair swept back, LEFT eye brown and RIGHT eye crystalline white-blue, translucent crystal spreading from his left jaw down his neck, long plain charcoal coat, cracked bronze gorget, wedding band on a chain, barefoot). Setting: the Cradle Loom — a 200m crystal geode lined floor to ceiling with standing filament like a giant harp, a brass ring platform at the centre, the walls themselves glowing white-blue. —, —. Light: the spindle white-blue from below. Effect: Stage 4 with fracture propagation across the crystal in real time. Audio: crystal cracking, small and constant, under everything. Photoreal live-action cinema, 2.39:1 anamorphic widescreen, fine 35mm grain, naturalistic skin, practical lighting, no CGI gloss. Avoid: on-screen text, subtitles, watermarks, HUD or UI graphics, comic-book styling, capes, masks on the hero, glossy 3D-render look, extra fingers, changing hairstyles. (Continuous shot, part 1 of 2. Begin the described action; end the clip mid-movement, not on a settle. Use the final frame of part 0 as the starting reference so the move is unbroken.)"
S28-28B-b,28,28B,2/2,4,LOC-09,"MS, eye, 50mm, slow push. Dev at the spindle, weaving eight million people BY HAND, crudely — and it is killing him. CRYSTALLISATION STAGE 4: left hand entirely crystal and CRACKING. Dev (58, South Indian man, tall and broad, grey beard, iron-grey hair swept back, LEFT eye brown and RIGHT eye crystalline white-blue, translucent crystal spreading from his left jaw down his neck, long plain charcoal coat, cracked bronze gorget, wedding band on a chain, barefoot). Setting: the Cradle Loom — a 200m crystal geode lined floor to ceiling with standing filament like a giant harp, a brass ring platform at the centre, the walls themselves glowing white-blue. —, —. Light: the spindle white-blue from below. Effect: Stage 4 with fracture propagation across the crystal in real time. Audio: crystal cracking, small and constant, under everything. Photoreal live-action cinema, 2.39:1 anamorphic widescreen, fine 35mm grain, naturalistic skin, practical lighting, no CGI gloss. Avoid: on-screen text, subtitles, watermarks, HUD or UI graphics, comic-book styling, capes, masks on the hero, glossy 3D-render look, extra fingers, changing hairstyles. (Continuous shot, part 2 of 2. Complete the described action and settle on the final beat. Use the final frame of part 1 as the starting reference so the move is unbroken.)"
S28-28C,28,28C,1/1,8,LOC-09,"WS, low, along the catwalk, 32mm, steadicam follow. Arjun walks the catwalk: torn mantle, dead left arm, blood, one working hand. Arjun (32, South Indian man, lean swimmer's build, deep brown skin, black mid-length hair pushed back with a grey streak at the RIGHT temple, heavy stubble, faint silver branching scars along both forearms). Setting: the Cradle Loom — a 200m crystal geode lined floor to ceiling with standing filament like a giant harp, a brass ring platform at the centre, the walls themselves glowing white-blue. —, —. Light: emissive walls rimming him on both sides, no key at all on his face. Audio: his boots on brass; the hum. Photoreal live-action cinema, 2.39:1 anamorphic widescreen, fine 35mm grain, naturalistic skin, practical lighting, no CGI gloss. Avoid: on-screen text, subtitles, watermarks, HUD or UI graphics, comic-book styling, capes, masks on the hero, glossy 3D-render look, extra fingers, changing hairstyles."
S28-28D,28,28D,1/1,8,LOC-09,"WS, eye, 40mm, locked-off, no camera movement. BEAT ONE: Arjun builds a bastion. Dev makes a ROOM out of light around it and the bastion shatters like a teacup. 'I taught you that.'. Arjun (32, South Indian man, lean swimmer's build, deep brown skin, black mid-length hair pushed back with a grey streak at the RIGHT temple, heavy stubble, faint silver branching scars along both forearms). Dev (58, South Indian man, tall and broad, grey beard, iron-grey hair swept back, LEFT eye brown and RIGHT eye crystalline white-blue, translucent crystal spreading from his left jaw down his neck, long plain charcoal coat, cracked bronze gorget, wedding band on a chain, barefoot). Setting: the Cradle Loom — a 200m crystal geode lined floor to ceiling with standing filament like a giant harp, a brass ring platform at the centre, the walls themselves glowing white-blue. —, —. Light: cyan, then engulfed in white-blue architecture. Effect: Dev's Loom-class construction appears FULLY FORMED in one frame (he never builds), enclosing and crushing Arjun's cyan geometry. Audio: chime; then a cathedral-sized chord; then breaking glass. Photoreal live-action cinema, 2.39:1 anamorphic widescreen, fine 35mm grain, naturalistic skin, practical lighting, no CGI gloss. Avoid: on-screen text, subtitles, watermarks, HUD or UI graphics, comic-book styling, capes, masks on the hero, glossy 3D-render look, extra fingers, changing hairstyles."
S28-28E,28,28E,1/1,6,LOC-09,"MS, low, 40mm, handheld. BEAT TWO: Arjun drives a bastion up through the platform; Dev unmakes it with a gesture. 'And that.'. Arjun (32, South Indian man, lean swimmer's build, deep brown skin, black mid-length hair pushed back with a grey streak at the RIGHT temple, heavy stubble, faint silver branching scars along both forearms). Dev (58, South Indian man, tall and broad, grey beard, iron-grey hair swept back, LEFT eye brown and RIGHT eye crystalline white-blue, translucent crystal spreading from his left jaw down his neck, long plain charcoal coat, cracked bronze gorget, wedding band on a chain, barefoot). Setting: the Cradle Loom — a 200m crystal geode lined floor to ceiling with standing filament like a giant harp, a brass ring platform at the centre, the walls themselves glowing white-blue. —, —. Light: cyan, unmade. Effect: de-construction — the tessellation running backwards. Audio: the chime played backwards, cleanly. Photoreal live-action cinema, 2.39:1 anamorphic widescreen, fine 35mm grain, naturalistic skin, practical lighting, no CGI gloss. Avoid: on-screen text, subtitles, watermarks, HUD or UI graphics, comic-book styling, capes, masks on the hero, glossy 3D-render look, extra fingers, changing hairstyles."
S28-28F,28,28F,1/1,8,LOC-09,"MS, eye, 50mm, slow steadicam. Arjun STOPS. He walks the last twenty metres with his hands open. Arjun (32, South Indian man, lean swimmer's build, deep brown skin, black mid-length hair pushed back with a grey streak at the RIGHT temple, heavy stubble, faint silver branching scars along both forearms). Setting: the Cradle Loom — a 200m crystal geode lined floor to ceiling with standing filament like a giant harp, a brass ring platform at the centre, the walls themselves glowing white-blue. —, —. Light: emissive white-blue. Audio: the fighting sounds stop; only the hum. Photoreal live-action cinema, 2.39:1 anamorphic widescreen, fine 35mm grain, naturalistic skin, practical lighting, no CGI gloss. Avoid: on-screen text, subtitles, watermarks, HUD or UI graphics, comic-book styling, capes, masks on the hero, glossy 3D-render look, extra fingers, changing hairstyles."
S28-28G-a,28,28G,1/2,8,LOC-09,"CU, eye, 85mm, locked-off, no camera movement. 'You're right. I've had twelve years of your cure by accident. It's the worst thing that has ever happened to anyone, and I'm the only man alive who can tell you that from the inside, and you never once asked me.'. Arjun (32, South Indian man, lean swimmer's build, deep brown skin, black mid-length hair pushed back with a grey streak at the RIGHT temple, heavy stubble, faint silver branching scars along both forearms). Setting: the Cradle Loom — a 200m crystal geode lined floor to ceiling with standing filament like a giant harp, a brass ring platform at the centre, the walls themselves glowing white-blue. —, —. Light: white-blue, no fill. Audio: no score. Photoreal live-action cinema, 2.39:1 anamorphic widescreen, fine 35mm grain, naturalistic skin, practical lighting, no CGI gloss. Avoid: on-screen text, subtitles, watermarks, HUD or UI graphics, comic-book styling, capes, masks on the hero, glossy 3D-render look, extra fingers, changing hairstyles. (Continuous shot, part 1 of 2. Begin the described action; end the clip mid-movement, not on a settle. Use the final frame of part 0 as the starting reference so the move is unbroken.)"
S28-28G-b,28,28G,2/2,8,LOC-09,"CU, eye, 85mm, locked-off, no camera movement. 'You're right. I've had twelve years of your cure by accident. It's the worst thing that has ever happened to anyone, and I'm the only man alive who can tell you that from the inside, and you never once asked me.'. Arjun (32, South Indian man, lean swimmer's build, deep brown skin, black mid-length hair pushed back with a grey streak at the RIGHT temple, heavy stubble, faint silver branching scars along both forearms). Setting: the Cradle Loom — a 200m crystal geode lined floor to ceiling with standing filament like a giant harp, a brass ring platform at the centre, the walls themselves glowing white-blue. —, —. Light: white-blue, no fill. Audio: no score. Photoreal live-action cinema, 2.39:1 anamorphic widescreen, fine 35mm grain, naturalistic skin, practical lighting, no CGI gloss. Avoid: on-screen text, subtitles, watermarks, HUD or UI graphics, comic-book styling, capes, masks on the hero, glossy 3D-render look, extra fingers, changing hairstyles. (Continuous shot, part 2 of 2. Complete the described action and settle on the final beat. Use the final frame of part 1 as the starting reference so the move is unbroken.)"
S28-28H-a,28,28H,1/2,5,LOC-09,"CU, eye, 85mm, locked-off, no camera movement. Hands still on the spindle: 'Because the alternative is the shaft. The alternative is a boy who loved me pulling a ring.'. Dev (58, South Indian man, tall and broad, grey beard, iron-grey hair swept back, LEFT eye brown and RIGHT eye crystalline white-blue, translucent crystal spreading from his left jaw down his neck, long plain charcoal coat, cracked bronze gorget, wedding band on a chain, barefoot). Setting: the Cradle Loom — a 200m crystal geode lined floor to ceiling with standing filament like a giant harp, a brass ring platform at the centre, the walls themselves glowing white-blue. —, —. Light: white-blue, crystal refracting. Effect: crystallisation. Audio: crystal cracking. Photoreal live-action cinema, 2.39:1 anamorphic widescreen, fine 35mm grain, naturalistic skin, practical lighting, no CGI gloss. Avoid: on-screen text, subtitles, watermarks, HUD or UI graphics, comic-book styling, capes, masks on the hero, glossy 3D-render look, extra fingers, changing hairstyles. (Continuous shot, part 1 of 2. Begin the described action; end the clip mid-movement, not on a settle. Use the final frame of part 0 as the starting reference so the move is unbroken.)"
S28-28H-b,28,28H,2/2,4,LOC-09,"CU, eye, 85mm, locked-off, no camera movement. Hands still on the spindle: 'Because the alternative is the shaft. The alternative is a boy who loved me pulling a ring.'. Dev (58, South Indian man, tall and broad, grey beard, iron-grey hair swept back, LEFT eye brown and RIGHT eye crystalline white-blue, translucent crystal spreading from his left jaw down his neck, long plain charcoal coat, cracked bronze gorget, wedding band on a chain, barefoot). Setting: the Cradle Loom — a 200m crystal geode lined floor to ceiling with standing filament like a giant harp, a brass ring platform at the centre, the walls themselves glowing white-blue. —, —. Light: white-blue, crystal refracting. Effect: crystallisation. Audio: crystal cracking. Photoreal live-action cinema, 2.39:1 anamorphic widescreen, fine 35mm grain, naturalistic skin, practical lighting, no CGI gloss. Avoid: on-screen text, subtitles, watermarks, HUD or UI graphics, comic-book styling, capes, masks on the hero, glossy 3D-render look, extra fingers, changing hairstyles. (Continuous shot, part 2 of 2. Complete the described action and settle on the final beat. Use the final frame of part 1 as the starting reference so the move is unbroken.)"
S28-28I,28,28I,1/1,6,LOC-09,"insert, macro on the open palm, 100mm macro, locked-off, no camera movement. The anchor-stone held open on Arjun's palm — offered the way you'd offer food. Not a weapon. Setting: the Cradle Loom — a 200m crystal geode lined floor to ceiling with standing filament like a giant harp, a brass ring platform at the centre, the walls themselves glowing white-blue. —, —. Light: white-blue with the stone's amber. Effect: pulse. Audio: the 1Hz bell against the 38Hz hum. Photoreal live-action cinema, 2.39:1 anamorphic widescreen, fine 35mm grain, naturalistic skin, practical lighting, no CGI gloss. Avoid: on-screen text, subtitles, watermarks, HUD or UI graphics, comic-book styling, capes, masks on the hero, glossy 3D-render look, extra fingers, changing hairstyles."
S28-28J-a,28,28J,1/2,7,LOC-09,"MS 2-shot, eye, 50mm, very slow push. 'Amara was a carrier, Dev. She's in here. All of her. I'm giving it back so you know what you're selling.' / 'Arjun. Don't.'. Arjun (32, South Indian man, lean swimmer's build, deep brown skin, black mid-length hair pushed back with a grey streak at the RIGHT temple, heavy stubble, faint silver branching scars along both forearms). Dev (58, South Indian man, tall and broad, grey beard, iron-grey hair swept back, LEFT eye brown and RIGHT eye crystalline white-blue, translucent crystal spreading from his left jaw down his neck, long plain charcoal coat, cracked bronze gorget, wedding band on a chain, barefoot). Setting: the Cradle Loom — a 200m crystal geode lined floor to ceiling with standing filament like a giant harp, a brass ring platform at the centre, the walls themselves glowing white-blue. —, —. Light: white-blue. Effect: crystallisation. Audio: Dev afraid for the first time. Photoreal live-action cinema, 2.39:1 anamorphic widescreen, fine 35mm grain, naturalistic skin, practical lighting, no CGI gloss. Avoid: on-screen text, subtitles, watermarks, HUD or UI graphics, comic-book styling, capes, masks on the hero, glossy 3D-render look, extra fingers, changing hairstyles. (Continuous shot, part 1 of 2. Begin the described action; end the clip mid-movement, not on a settle. Use the final frame of part 0 as the starting reference so the move is unbroken.)"
S28-28J-b,28,28J,2/2,6,LOC-09,"MS 2-shot, eye, 50mm, very slow push. 'Amara was a carrier, Dev. She's in here. All of her. I'm giving it back so you know what you're selling.' / 'Arjun. Don't.'. Arjun (32, South Indian man, lean swimmer's build, deep brown skin, black mid-length hair pushed back with a grey streak at the RIGHT temple, heavy stubble, faint silver branching scars along both forearms). Dev (58, South Indian man, tall and broad, grey beard, iron-grey hair swept back, LEFT eye brown and RIGHT eye crystalline white-blue, translucent crystal spreading from his left jaw down his neck, long plain charcoal coat, cracked bronze gorget, wedding band on a chain, barefoot). Setting: the Cradle Loom — a 200m crystal geode lined floor to ceiling with standing filament like a giant harp, a brass ring platform at the centre, the walls themselves glowing white-blue. —, —. Light: white-blue. Effect: crystallisation. Audio: Dev afraid for the first time. Photoreal live-action cinema, 2.39:1 anamorphic widescreen, fine 35mm grain, naturalistic skin, practical lighting, no CGI gloss. Avoid: on-screen text, subtitles, watermarks, HUD or UI graphics, comic-book styling, capes, masks on the hero, glossy 3D-render look, extra fingers, changing hairstyles. (Continuous shot, part 2 of 2. Complete the described action and settle on the final beat. Use the final frame of part 1 as the starting reference so the move is unbroken.)"
S28-28K,28,28K,1/1,5,LOC-09,"ECU, macro, 100mm macro, locked-off, no camera movement. The stone pressed against the crystalline plate of Dev's chest. IT OPENS. Setting: the Cradle Loom — a 200m crystal geode lined floor to ceiling with standing filament like a giant harp, a brass ring platform at the centre, the walls themselves glowing white-blue. —, —. Light: amber flooding into white-blue. Effect: the stone's light entering crystal tissue and propagating through it like ink in water. Audio: everything stops. Photoreal live-action cinema, 2.39:1 anamorphic widescreen, fine 35mm grain, naturalistic skin, practical lighting, no CGI gloss. Avoid: on-screen text, subtitles, watermarks, HUD or UI graphics, comic-book styling, capes, masks on the hero, glossy 3D-render look, extra fingers, changing hairstyles."
S28-28L-a,28,28L,1/3,8,LOC-09,"MEMORY SEQUENCE, handheld, warm, intimate, first-person-adjacent, 35mm, loose handheld — the only warm handheld in Act III. THE FILM GOES SILENT AND WARM: Anjari market 14:11, real, unedited, from Amara's own trace. Her hands. The red thread. A five-year-old on her hip complaining about mangoes. 'Dev, she's heavy, she's your daughter, come and take her—' She turns, laughing, toward camera. Then, from inside her own last ninety seconds: the white light. Amara (33, tall Nigerian woman, close-cropped hair, field-medic kit, a RED THREAD bracelet on her wrist, laughing). Setting: the Cradle Loom — a 200m crystal geode lined floor to ceiling with standing filament like a giant harp, a brass ring platform at the centre, the walls themselves glowing white-blue. —, —. Light: real hot afternoon sun; full saturation; the warmest images in the entire film. Effect: period environment; the bloom's arrival at the end. Audio: a real market, at full volume, then absolute silence. Photoreal live-action cinema, 2.39:1 anamorphic widescreen, fine 35mm grain, naturalistic skin, practical lighting, no CGI gloss. Avoid: on-screen text, subtitles, watermarks, HUD or UI graphics, comic-book styling, capes, masks on the hero, glossy 3D-render look, extra fingers, changing hairstyles. (Continuous shot, part 1 of 3. Begin the described action; end the clip mid-movement, not on a settle. Use the final frame of part 0 as the starting reference so the move is unbroken.)"
S28-28L-b,28,28L,2/3,7,LOC-09,"MEMORY SEQUENCE, handheld, warm, intimate, first-person-adjacent, 35mm, loose handheld — the only warm handheld in Act III. THE FILM GOES SILENT AND WARM: Anjari market 14:11, real, unedited, from Amara's own trace. Her hands. The red thread. A five-year-old on her hip complaining about mangoes. 'Dev, she's heavy, she's your daughter, come and take her—' She turns, laughing, toward camera. Then, from inside her own last ninety seconds: the white light. Amara (33, tall Nigerian woman, close-cropped hair, field-medic kit, a RED THREAD bracelet on her wrist, laughing). Setting: the Cradle Loom — a 200m crystal geode lined floor to ceiling with standing filament like a giant harp, a brass ring platform at the centre, the walls themselves glowing white-blue. —, —. Light: real hot afternoon sun; full saturation; the warmest images in the entire film. Effect: period environment; the bloom's arrival at the end. Audio: a real market, at full volume, then absolute silence. Photoreal live-action cinema, 2.39:1 anamorphic widescreen, fine 35mm grain, naturalistic skin, practical lighting, no CGI gloss. Avoid: on-screen text, subtitles, watermarks, HUD or UI graphics, comic-book styling, capes, masks on the hero, glossy 3D-render look, extra fingers, changing hairstyles. (Continuous shot, part 2 of 3. Continue the described action already in progress; neither begin nor resolve it. Use the final frame of part 1 as the starting reference so the move is unbroken.)"
S28-28L-c,28,28L,3/3,7,LOC-09,"MEMORY SEQUENCE, handheld, warm, intimate, first-person-adjacent, 35mm, loose handheld — the only warm handheld in Act III. THE FILM GOES SILENT AND WARM: Anjari market 14:11, real, unedited, from Amara's own trace. Her hands. The red thread. A five-year-old on her hip complaining about mangoes. 'Dev, she's heavy, she's your daughter, come and take her—' She turns, laughing, toward camera. Then, from inside her own last ninety seconds: the white light. Amara (33, tall Nigerian woman, close-cropped hair, field-medic kit, a RED THREAD bracelet on her wrist, laughing). Setting: the Cradle Loom — a 200m crystal geode lined floor to ceiling with standing filament like a giant harp, a brass ring platform at the centre, the walls themselves glowing white-blue. —, —. Light: real hot afternoon sun; full saturation; the warmest images in the entire film. Effect: period environment; the bloom's arrival at the end. Audio: a real market, at full volume, then absolute silence. Photoreal live-action cinema, 2.39:1 anamorphic widescreen, fine 35mm grain, naturalistic skin, practical lighting, no CGI gloss. Avoid: on-screen text, subtitles, watermarks, HUD or UI graphics, comic-book styling, capes, masks on the hero, glossy 3D-render look, extra fingers, changing hairstyles. (Continuous shot, part 3 of 3. Complete the described action and settle on the final beat. Use the final frame of part 2 as the starting reference so the move is unbroken.)"
S28-28M-a,28,28M,1/2,5,LOC-09,"MS, low, 40mm, locked-off, no camera movement. Dev Aranya gets it back. All of it. At once. He makes a sound no human being should make and falls to his knees on the brass ring, both hands over his face — one flesh, one crystal. Dev (58, South Indian man, tall and broad, grey beard, iron-grey hair swept back, LEFT eye brown and RIGHT eye crystalline white-blue, translucent crystal spreading from his left jaw down his neck, long plain charcoal coat, cracked bronze gorget, wedding band on a chain, barefoot). Setting: the Cradle Loom — a 200m crystal geode lined floor to ceiling with standing filament like a giant harp, a brass ring platform at the centre, the walls themselves glowing white-blue. —, —. Light: white-blue, and amber leaking out between his fingers. Effect: crystallisation; light through the crystal hand. Audio: the sound; then the 38Hz hum, alone. Photoreal live-action cinema, 2.39:1 anamorphic widescreen, fine 35mm grain, naturalistic skin, practical lighting, no CGI gloss. Avoid: on-screen text, subtitles, watermarks, HUD or UI graphics, comic-book styling, capes, masks on the hero, glossy 3D-render look, extra fingers, changing hairstyles. (Continuous shot, part 1 of 2. Begin the described action; end the clip mid-movement, not on a settle. Use the final frame of part 0 as the starting reference so the move is unbroken.)"
S28-28M-b,28,28M,2/2,5,LOC-09,"MS, low, 40mm, locked-off, no camera movement. Dev Aranya gets it back. All of it. At once. He makes a sound no human being should make and falls to his knees on the brass ring, both hands over his face — one flesh, one crystal. Dev (58, South Indian man, tall and broad, grey beard, iron-grey hair swept back, LEFT eye brown and RIGHT eye crystalline white-blue, translucent crystal spreading from his left jaw down his neck, long plain charcoal coat, cracked bronze gorget, wedding band on a chain, barefoot). Setting: the Cradle Loom — a 200m crystal geode lined floor to ceiling with standing filament like a giant harp, a brass ring platform at the centre, the walls themselves glowing white-blue. —, —. Light: white-blue, and amber leaking out between his fingers. Effect: crystallisation; light through the crystal hand. Audio: the sound; then the 38Hz hum, alone. Photoreal live-action cinema, 2.39:1 anamorphic widescreen, fine 35mm grain, naturalistic skin, practical lighting, no CGI gloss. Avoid: on-screen text, subtitles, watermarks, HUD or UI graphics, comic-book styling, capes, masks on the hero, glossy 3D-render look, extra fingers, changing hairstyles. (Continuous shot, part 2 of 2. Complete the described action and settle on the final beat. Use the final frame of part 1 as the starting reference so the move is unbroken.)"
S28-28N-a,28,28N,1/2,5,LOC-09,"CU, eye, low, 85mm, locked-off, no camera movement. 'Oh. Oh, there you are.' Above him, eight million minds hang half-woven. Dev (58, South Indian man, tall and broad, grey beard, iron-grey hair swept back, LEFT eye brown and RIGHT eye crystalline white-blue, translucent crystal spreading from his left jaw down his neck, long plain charcoal coat, cracked bronze gorget, wedding band on a chain, barefoot). Setting: the Cradle Loom — a 200m crystal geode lined floor to ceiling with standing filament like a giant harp, a brass ring platform at the centre, the walls themselves glowing white-blue. —, —. Light: white-blue from above through the half-woven field. Effect: the half-woven Concord as a vast, slow, unstable lattice overhead. Audio: eight million faint tones, none of them resolving. Photoreal live-action cinema, 2.39:1 anamorphic widescreen, fine 35mm grain, naturalistic skin, practical lighting, no CGI gloss. Avoid: on-screen text, subtitles, watermarks, HUD or UI graphics, comic-book styling, capes, masks on the hero, glossy 3D-render look, extra fingers, changing hairstyles. (Continuous shot, part 1 of 2. Begin the described action; end the clip mid-movement, not on a settle. Use the final frame of part 0 as the starting reference so the move is unbroken.)"
S28-28N-b,28,28N,2/2,4,LOC-09,"CU, eye, low, 85mm, locked-off, no camera movement. 'Oh. Oh, there you are.' Above him, eight million minds hang half-woven. Dev (58, South Indian man, tall and broad, grey beard, iron-grey hair swept back, LEFT eye brown and RIGHT eye crystalline white-blue, translucent crystal spreading from his left jaw down his neck, long plain charcoal coat, cracked bronze gorget, wedding band on a chain, barefoot). Setting: the Cradle Loom — a 200m crystal geode lined floor to ceiling with standing filament like a giant harp, a brass ring platform at the centre, the walls themselves glowing white-blue. —, —. Light: white-blue from above through the half-woven field. Effect: the half-woven Concord as a vast, slow, unstable lattice overhead. Audio: eight million faint tones, none of them resolving. Photoreal live-action cinema, 2.39:1 anamorphic widescreen, fine 35mm grain, naturalistic skin, practical lighting, no CGI gloss. Avoid: on-screen text, subtitles, watermarks, HUD or UI graphics, comic-book styling, capes, masks on the hero, glossy 3D-render look, extra fingers, changing hairstyles. (Continuous shot, part 2 of 2. Complete the described action and settle on the final beat. Use the final frame of part 1 as the starting reference so the move is unbroken.)"
S29-29A,29,29A,1/1,8,LOC-09 → LOC-08,"WS, low, 32mm, handheld. The Loom climbing to white. Arjun tears the mantle open and puts the copper disc against his sternum. Reverses it. Arjun (32, South Indian man, lean swimmer's build, deep brown skin, black mid-length hair pushed back with a grey streak at the RIGHT temple, heavy stubble, faint silver branching scars along both forearms). Setting: LOC-09 → LOC-08. sunrise, storm breaking. Light: white-blue rising to painful. Effect: stabiliser reversal — a small, unglamorous mechanical action. Audio: Meera on the radio, distorted: 'GROUND IT.'. Photoreal live-action cinema, 2.39:1 anamorphic widescreen, fine 35mm grain, naturalistic skin, practical lighting, no CGI gloss. Avoid: on-screen text, subtitles, watermarks, HUD or UI graphics, comic-book styling, capes, masks on the hero, glossy 3D-render look, extra fingers, changing hairstyles."
S29-29B,29,29B,1/1,5,LOC-09 → LOC-08,"MS, eye, running, 40mm, handheld tracking. Kira comes down the catwalk at a dead run: 'NO—'. Kira (17, mixed Nigerian-Indian girl, wiry, dark brown skin, SIX cornrows in a high knot with THREE copper clips on the left, one brass earring, grey cloth wraps on both forearms). Setting: LOC-09 → LOC-08. sunrise, storm breaking. Light: white-blue. Audio: her boots; her voice. Photoreal live-action cinema, 2.39:1 anamorphic widescreen, fine 35mm grain, naturalistic skin, practical lighting, no CGI gloss. Avoid: on-screen text, subtitles, watermarks, HUD or UI graphics, comic-book styling, capes, masks on the hero, glossy 3D-render look, extra fingers, changing hairstyles."
S29-29C-a,29,29C,1/2,5,LOC-09 → LOC-08,"CU, eye, 85mm, locked-off, no camera movement. THE SHOT THAT ENDS PEOPLE: he turns, completely calm, and SMILES at her. 'Kira Okonkwo. Seventeen. Kites.' Beat. 'See? I still had it.'. Arjun (32, South Indian man, lean swimmer's build, deep brown skin, black mid-length hair pushed back with a grey streak at the RIGHT temple, heavy stubble, faint silver branching scars along both forearms). Setting: LOC-09 → LOC-08. sunrise, storm breaking. Light: white-blue key, warm amber fill from the stone at his feet. Audio: the score's Memory theme, solo piano, first time unaccompanied. Photoreal live-action cinema, 2.39:1 anamorphic widescreen, fine 35mm grain, naturalistic skin, practical lighting, no CGI gloss. Avoid: on-screen text, subtitles, watermarks, HUD or UI graphics, comic-book styling, capes, masks on the hero, glossy 3D-render look, extra fingers, changing hairstyles. (Continuous shot, part 1 of 2. Begin the described action; end the clip mid-movement, not on a settle. Use the final frame of part 0 as the starting reference so the move is unbroken.)"
S29-29C-b,29,29C,2/2,5,LOC-09 → LOC-08,"CU, eye, 85mm, locked-off, no camera movement. THE SHOT THAT ENDS PEOPLE: he turns, completely calm, and SMILES at her. 'Kira Okonkwo. Seventeen. Kites.' Beat. 'See? I still had it.'. Arjun (32, South Indian man, lean swimmer's build, deep brown skin, black mid-length hair pushed back with a grey streak at the RIGHT temple, heavy stubble, faint silver branching scars along both forearms). Setting: LOC-09 → LOC-08. sunrise, storm breaking. Light: white-blue key, warm amber fill from the stone at his feet. Audio: the score's Memory theme, solo piano, first time unaccompanied. Photoreal live-action cinema, 2.39:1 anamorphic widescreen, fine 35mm grain, naturalistic skin, practical lighting, no CGI gloss. Avoid: on-screen text, subtitles, watermarks, HUD or UI graphics, comic-book styling, capes, masks on the hero, glossy 3D-render look, extra fingers, changing hairstyles. (Continuous shot, part 2 of 2. Complete the described action and settle on the final beat. Use the final frame of part 1 as the starting reference so the move is unbroken.)"
S29-29D-a,29,29D,1/2,5,LOC-09 → LOC-08,"MS, low, 50mm, locked-off, no camera movement. Dev, on his knees, looks up and does the last free thing he has: 'Not him.' Both hands on the spindle. He REVERSES THE LOOM HIMSELF, taking the first third of the load through his own crystal body. Dev (58, South Indian man, tall and broad, grey beard, iron-grey hair swept back, LEFT eye brown and RIGHT eye crystalline white-blue, translucent crystal spreading from his left jaw down his neck, long plain charcoal coat, cracked bronze gorget, wedding band on a chain, barefoot). Setting: LOC-09 → LOC-08. sunrise, storm breaking. Light: white flooding up through him. Effect: light entering a crystalline body and fracturing outward. Audio: the hum inverting into a descending tone. Photoreal live-action cinema, 2.39:1 anamorphic widescreen, fine 35mm grain, naturalistic skin, practical lighting, no CGI gloss. Avoid: on-screen text, subtitles, watermarks, HUD or UI graphics, comic-book styling, capes, masks on the hero, glossy 3D-render look, extra fingers, changing hairstyles. (Continuous shot, part 1 of 2. Begin the described action; end the clip mid-movement, not on a settle. Use the final frame of part 0 as the starting reference so the move is unbroken.)"
S29-29D-b,29,29D,2/2,4,LOC-09 → LOC-08,"MS, low, 50mm, locked-off, no camera movement. Dev, on his knees, looks up and does the last free thing he has: 'Not him.' Both hands on the spindle. He REVERSES THE LOOM HIMSELF, taking the first third of the load through his own crystal body. Dev (58, South Indian man, tall and broad, grey beard, iron-grey hair swept back, LEFT eye brown and RIGHT eye crystalline white-blue, translucent crystal spreading from his left jaw down his neck, long plain charcoal coat, cracked bronze gorget, wedding band on a chain, barefoot). Setting: LOC-09 → LOC-08. sunrise, storm breaking. Light: white flooding up through him. Effect: light entering a crystalline body and fracturing outward. Audio: the hum inverting into a descending tone. Photoreal live-action cinema, 2.39:1 anamorphic widescreen, fine 35mm grain, naturalistic skin, practical lighting, no CGI gloss. Avoid: on-screen text, subtitles, watermarks, HUD or UI graphics, comic-book styling, capes, masks on the hero, glossy 3D-render look, extra fingers, changing hairstyles. (Continuous shot, part 2 of 2. Complete the described action and settle on the final beat. Use the final frame of part 1 as the starting reference so the move is unbroken.)"
S29-29E,29,29E,1/1,8,LOC-09 → LOC-08,"CU, eye, 85mm, locked-off, no camera movement. Dev burns from the inside out — white light through crystal, fractures racing across chest and face — and in the last two seconds it is unmistakably HIS OWN FACE, human, wrecked, awake. Dev (58, South Indian man, tall and broad, grey beard, iron-grey hair swept back, LEFT eye brown and RIGHT eye crystalline white-blue, translucent crystal spreading from his left jaw down his neck, long plain charcoal coat, cracked bronze gorget, wedding band on a chain, barefoot). Setting: LOC-09 → LOC-08. sunrise, storm breaking. Light: he is his own light source. Effect: crystal-to-ash transition that must resolve to a HUMAN face in the final 48 frames. Audio: cracking; and under it, one clean human breath. Photoreal live-action cinema, 2.39:1 anamorphic widescreen, fine 35mm grain, naturalistic skin, practical lighting, no CGI gloss. Avoid: on-screen text, subtitles, watermarks, HUD or UI graphics, comic-book styling, capes, masks on the hero, glossy 3D-render look, extra fingers, changing hairstyles."
S29-29F-a,29,29F,1/2,5,LOC-09 → LOC-08,"MS 2-shot, eye, 75mm, locked-off, no camera movement. He finds Kira in the light: 'Kira.' And he gets it right. 'Your mother's laugh. It came out of you.' Then ash and white light. Dev (58, South Indian man, tall and broad, grey beard, iron-grey hair swept back, LEFT eye brown and RIGHT eye crystalline white-blue, translucent crystal spreading from his left jaw down his neck, long plain charcoal coat, cracked bronze gorget, wedding band on a chain, barefoot). Kira (17, mixed Nigerian-Indian girl, wiry, dark brown skin, SIX cornrows in a high knot with THREE copper clips on the left, one brass earring, grey cloth wraps on both forearms). Setting: LOC-09 → LOC-08. sunrise, storm breaking. Light: blinding. Effect: dissolution to ash and light. Audio: silence on the cut. Photoreal live-action cinema, 2.39:1 anamorphic widescreen, fine 35mm grain, naturalistic skin, practical lighting, no CGI gloss. Avoid: on-screen text, subtitles, watermarks, HUD or UI graphics, comic-book styling, capes, masks on the hero, glossy 3D-render look, extra fingers, changing hairstyles. (Continuous shot, part 1 of 2. Begin the described action; end the clip mid-movement, not on a settle. Use the final frame of part 0 as the starting reference so the move is unbroken.)"
S29-29F-b,29,29F,2/2,4,LOC-09 → LOC-08,"MS 2-shot, eye, 75mm, locked-off, no camera movement. He finds Kira in the light: 'Kira.' And he gets it right. 'Your mother's laugh. It came out of you.' Then ash and white light. Dev (58, South Indian man, tall and broad, grey beard, iron-grey hair swept back, LEFT eye brown and RIGHT eye crystalline white-blue, translucent crystal spreading from his left jaw down his neck, long plain charcoal coat, cracked bronze gorget, wedding band on a chain, barefoot). Kira (17, mixed Nigerian-Indian girl, wiry, dark brown skin, SIX cornrows in a high knot with THREE copper clips on the left, one brass earring, grey cloth wraps on both forearms). Setting: LOC-09 → LOC-08. sunrise, storm breaking. Light: blinding. Effect: dissolution to ash and light. Audio: silence on the cut. Photoreal live-action cinema, 2.39:1 anamorphic widescreen, fine 35mm grain, naturalistic skin, practical lighting, no CGI gloss. Avoid: on-screen text, subtitles, watermarks, HUD or UI graphics, comic-book styling, capes, masks on the hero, glossy 3D-render look, extra fingers, changing hairstyles. (Continuous shot, part 2 of 2. Complete the described action and settle on the final beat. Use the final frame of part 1 as the starting reference so the move is unbroken.)"
S29-29G-a,29,29G,1/2,5,LOC-09 → LOC-08,"WS, low, 32mm, locked-off, no camera movement. THE REST OF THE LOAD COMES DOWN. Arjun anchors, both palms on bare crystal, and GROUNDS IT. Every filament in his body lights at once; the conduit channels blow out; cyan goes to white and past white. Arjun (32, South Indian man, lean swimmer's build, deep brown skin, black mid-length hair pushed back with a grey streak at the RIGHT temple, heavy stubble, faint silver branching scars along both forearms). Setting: LOC-09 → LOC-08. sunrise, storm breaking. Light: he becomes the brightest object ever seen in the film; the camera exposure visibly cannot hold it. Effect: full-body Threadwork white-out with conduit rupture; practical exposure clipping preserved, not smoothed. Audio: a roar with no low end — all treble, like a held breath. Photoreal live-action cinema, 2.39:1 anamorphic widescreen, fine 35mm grain, naturalistic skin, practical lighting, no CGI gloss. Avoid: on-screen text, subtitles, watermarks, HUD or UI graphics, comic-book styling, capes, masks on the hero, glossy 3D-render look, extra fingers, changing hairstyles. (Continuous shot, part 1 of 2. Begin the described action; end the clip mid-movement, not on a settle. Use the final frame of part 0 as the starting reference so the move is unbroken.)"
S29-29G-b,29,29G,2/2,4,LOC-09 → LOC-08,"WS, low, 32mm, locked-off, no camera movement. THE REST OF THE LOAD COMES DOWN. Arjun anchors, both palms on bare crystal, and GROUNDS IT. Every filament in his body lights at once; the conduit channels blow out; cyan goes to white and past white. Arjun (32, South Indian man, lean swimmer's build, deep brown skin, black mid-length hair pushed back with a grey streak at the RIGHT temple, heavy stubble, faint silver branching scars along both forearms). Setting: LOC-09 → LOC-08. sunrise, storm breaking. Light: he becomes the brightest object ever seen in the film; the camera exposure visibly cannot hold it. Effect: full-body Threadwork white-out with conduit rupture; practical exposure clipping preserved, not smoothed. Audio: a roar with no low end — all treble, like a held breath. Photoreal live-action cinema, 2.39:1 anamorphic widescreen, fine 35mm grain, naturalistic skin, practical lighting, no CGI gloss. Avoid: on-screen text, subtitles, watermarks, HUD or UI graphics, comic-book styling, capes, masks on the hero, glossy 3D-render look, extra fingers, changing hairstyles. (Continuous shot, part 2 of 2. Complete the described action and settle on the final beat. Use the final frame of part 1 as the starting reference so the move is unbroken.)"
S29-29H,29,29H,1/1,6,LOC-09 → LOC-08,"EWS satellite/orbital, orbital, —, locked-off, no camera movement. From orbit: a column of light forty kilometres wide standing on the delta for two seconds, then gone. Setting: LOC-09 → LOC-08. sunrise, storm breaking. Light: the light is the subject. Effect: orbital plate; cloud displacement; the column has no smoke and no debris. Audio: nothing. Space. Photoreal live-action cinema, 2.39:1 anamorphic widescreen, fine 35mm grain, naturalistic skin, practical lighting, no CGI gloss. Avoid: on-screen text, subtitles, watermarks, HUD or UI graphics, comic-book styling, capes, masks on the hero, glossy 3D-render look, extra fingers, changing hairstyles."
S29-29I-a,29,29I,1/2,5,LOC-09 → LOC-08,"WS, eye, 40mm, locked-off, no camera movement. THE STILTWAY: four hundred faces on the Long Walk come back on ALL AT ONCE, mid-sentence. A mother finishes her sentence. A boy's hands close on a kite line. Setting: LOC-09 → LOC-08. sunrise, storm breaking. Light: grey morning. Audio: the city's sound rushing back in like water. Photoreal live-action cinema, 2.39:1 anamorphic widescreen, fine 35mm grain, naturalistic skin, practical lighting, no CGI gloss. Avoid: on-screen text, subtitles, watermarks, HUD or UI graphics, comic-book styling, capes, masks on the hero, glossy 3D-render look, extra fingers, changing hairstyles. (Continuous shot, part 1 of 2. Begin the described action; end the clip mid-movement, not on a settle. Use the final frame of part 0 as the starting reference so the move is unbroken.)"
S29-29I-b,29,29I,2/2,4,LOC-09 → LOC-08,"WS, eye, 40mm, locked-off, no camera movement. THE STILTWAY: four hundred faces on the Long Walk come back on ALL AT ONCE, mid-sentence. A mother finishes her sentence. A boy's hands close on a kite line. Setting: LOC-09 → LOC-08. sunrise, storm breaking. Light: grey morning. Audio: the city's sound rushing back in like water. Photoreal live-action cinema, 2.39:1 anamorphic widescreen, fine 35mm grain, naturalistic skin, practical lighting, no CGI gloss. Avoid: on-screen text, subtitles, watermarks, HUD or UI graphics, comic-book styling, capes, masks on the hero, glossy 3D-render look, extra fingers, changing hairstyles. (Continuous shot, part 2 of 2. Complete the described action and settle on the final beat. Use the final frame of part 1 as the starting reference so the move is unbroken.)"
S29-29J,29,29J,1/1,8,LOC-09 → LOC-08,"INTERIOR MEMORY SEQUENCE, whip-cut inserts, all white, various, locked-off, no camera movement. SIX SECONDS INSIDE ARJUN: notebook pages / Ila's badly-drawn fish / Riya in the rain / the noodle stall / Meera's brass hand / Bhaskar's gold tooth / a saffron kite — each arriving and then simply GOING OUT, like windows in a tower at the end of a night. The last to go is Kira on the salt flats, laughing, mid-swing on a gold line. Setting: LOC-09 → LOC-08. sunrise, storm breaking. Light: pure white ground, each memory a warm island in it. Effect: memories extinguishing, not shattering. No glass, no shards, no fire. They just stop being lit. Audio: each memory carries two seconds of its own scene's audio, then silence. Photoreal live-action cinema, 2.39:1 anamorphic widescreen, fine 35mm grain, naturalistic skin, practical lighting, no CGI gloss. Avoid: on-screen text, subtitles, watermarks, HUD or UI graphics, comic-book styling, capes, masks on the hero, glossy 3D-render look, extra fingers, changing hairstyles."
S29-29K-a,29,29K,1/2,5,LOC-09 → LOC-08,"WS, high, 32mm, slow descent. EXT. THE ARK, SUNRISE: the 144 spines go dark one by one. The Loom's hum STOPS — and its absence is the loudest thing in the film. Setting: LOC-09 → LOC-08. sunrise, storm breaking. Light: the Ark's self-light dying; real dawn arriving to replace it. Effect: spine shutdown sequence. Audio: THE 38Hz DROPS OUT after 129 minutes of film. The silence is physical. Photoreal live-action cinema, 2.39:1 anamorphic widescreen, fine 35mm grain, naturalistic skin, practical lighting, no CGI gloss. Avoid: on-screen text, subtitles, watermarks, HUD or UI graphics, comic-book styling, capes, masks on the hero, glossy 3D-render look, extra fingers, changing hairstyles. (Continuous shot, part 1 of 2. Begin the described action; end the clip mid-movement, not on a settle. Use the final frame of part 0 as the starting reference so the move is unbroken.)"
S29-29K-b,29,29K,2/2,5,LOC-09 → LOC-08,"WS, high, 32mm, slow descent. EXT. THE ARK, SUNRISE: the 144 spines go dark one by one. The Loom's hum STOPS — and its absence is the loudest thing in the film. Setting: LOC-09 → LOC-08. sunrise, storm breaking. Light: the Ark's self-light dying; real dawn arriving to replace it. Effect: spine shutdown sequence. Audio: THE 38Hz DROPS OUT after 129 minutes of film. The silence is physical. Photoreal live-action cinema, 2.39:1 anamorphic widescreen, fine 35mm grain, naturalistic skin, practical lighting, no CGI gloss. Avoid: on-screen text, subtitles, watermarks, HUD or UI graphics, comic-book styling, capes, masks on the hero, glossy 3D-render look, extra fingers, changing hairstyles. (Continuous shot, part 2 of 2. Complete the described action and settle on the final beat. Use the final frame of part 1 as the starting reference so the move is unbroken.)"
S29-29L-a,29,29L,1/2,5,LOC-09 → LOC-08,"MS, eye, 50mm, handheld. Kira drags Arjun out onto the upper deck. He is breathing. His Threadwork is DEAD PEWTER. His eyes are open and pleasant and empty. Kira (17, mixed Nigerian-Indian girl, wiry, dark brown skin, SIX cornrows in a high knot with THREE copper clips on the left, one brass earring, grey cloth wraps on both forearms). Arjun (32, South Indian man, lean swimmer's build, deep brown skin, black mid-length hair pushed back with a grey streak at the RIGHT temple, heavy stubble, faint silver branching scars along both forearms). Setting: LOC-09 → LOC-08. sunrise, storm breaking. Light: first real sunlight of the film on white lacquer. Effect: Threadwork rendered permanently dead: matte grey, no emission, ever again. Audio: wind; boats; people. Photoreal live-action cinema, 2.39:1 anamorphic widescreen, fine 35mm grain, naturalistic skin, practical lighting, no CGI gloss. Avoid: on-screen text, subtitles, watermarks, HUD or UI graphics, comic-book styling, capes, masks on the hero, glossy 3D-render look, extra fingers, changing hairstyles. (Continuous shot, part 1 of 2. Begin the described action; end the clip mid-movement, not on a settle. Use the final frame of part 0 as the starting reference so the move is unbroken.)"
S29-29L-b,29,29L,2/2,4,LOC-09 → LOC-08,"MS, eye, 50mm, handheld. Kira drags Arjun out onto the upper deck. He is breathing. His Threadwork is DEAD PEWTER. His eyes are open and pleasant and empty. Kira (17, mixed Nigerian-Indian girl, wiry, dark brown skin, SIX cornrows in a high knot with THREE copper clips on the left, one brass earring, grey cloth wraps on both forearms). Arjun (32, South Indian man, lean swimmer's build, deep brown skin, black mid-length hair pushed back with a grey streak at the RIGHT temple, heavy stubble, faint silver branching scars along both forearms). Setting: LOC-09 → LOC-08. sunrise, storm breaking. Light: first real sunlight of the film on white lacquer. Effect: Threadwork rendered permanently dead: matte grey, no emission, ever again. Audio: wind; boats; people. Photoreal live-action cinema, 2.39:1 anamorphic widescreen, fine 35mm grain, naturalistic skin, practical lighting, no CGI gloss. Avoid: on-screen text, subtitles, watermarks, HUD or UI graphics, comic-book styling, capes, masks on the hero, glossy 3D-render look, extra fingers, changing hairstyles. (Continuous shot, part 2 of 2. Complete the described action and settle on the final beat. Use the final frame of part 1 as the starting reference so the move is unbroken.)"
S29-29M-a,29,29M,1/2,7,LOC-09 → LOC-08,"EWS, low, from the deck, looking up, 25mm, slow crane up. AND THE STORM BREAKS. Not dramatically — it thins, and tears, and there is a seam of gold, and then, for the first time in two hours and five minutes: SKY. Setting: LOC-09 → LOC-08. sunrise, storm breaking. Light: clean blue with gold at the seam; the first unfiltered sunlight since Sc.1. Effect: cloud dissolution; this is the single most important lighting event in the film. Audio: wind dropping; and the score, finally, in a major key, full. Photoreal live-action cinema, 2.39:1 anamorphic widescreen, fine 35mm grain, naturalistic skin, practical lighting, no CGI gloss. Avoid: on-screen text, subtitles, watermarks, HUD or UI graphics, comic-book styling, capes, masks on the hero, glossy 3D-render look, extra fingers, changing hairstyles. (Continuous shot, part 1 of 2. Begin the described action; end the clip mid-movement, not on a settle. Use the final frame of part 0 as the starting reference so the move is unbroken.)"
S29-29M-b,29,29M,2/2,7,LOC-09 → LOC-08,"EWS, low, from the deck, looking up, 25mm, slow crane up. AND THE STORM BREAKS. Not dramatically — it thins, and tears, and there is a seam of gold, and then, for the first time in two hours and five minutes: SKY. Setting: LOC-09 → LOC-08. sunrise, storm breaking. Light: clean blue with gold at the seam; the first unfiltered sunlight since Sc.1. Effect: cloud dissolution; this is the single most important lighting event in the film. Audio: wind dropping; and the score, finally, in a major key, full. Photoreal live-action cinema, 2.39:1 anamorphic widescreen, fine 35mm grain, naturalistic skin, practical lighting, no CGI gloss. Avoid: on-screen text, subtitles, watermarks, HUD or UI graphics, comic-book styling, capes, masks on the hero, glossy 3D-render look, extra fingers, changing hairstyles. (Continuous shot, part 2 of 2. Complete the described action and settle on the final beat. Use the final frame of part 1 as the starting reference so the move is unbroken.)"
S29-29N,29,29N,1/1,8,LOC-09 → LOC-08,"WS, eye, 40mm, locked-off, no camera movement. Four hundred soaked boat people on the deck of a bone-white rig, looking up at blue. Setting: LOC-09 → LOC-08. sunrise, storm breaking. Light: blue sky bounce on four hundred wet faces. Effect: crowd. Audio: nobody cheers. They just look. Photoreal live-action cinema, 2.39:1 anamorphic widescreen, fine 35mm grain, naturalistic skin, practical lighting, no CGI gloss. Avoid: on-screen text, subtitles, watermarks, HUD or UI graphics, comic-book styling, capes, masks on the hero, glossy 3D-render look, extra fingers, changing hairstyles."
S29-29O-a,29,29O,1/2,6,LOC-09 → LOC-08,"CU, eye, 85mm, handheld, close. Riya takes his face in both hands: 'Do you know me?' / 'No. Should I be worried? You look like it's bad news.' / She laughs and it comes out as a sob. Forehead to forehead. Riya (34, Bengali-Indian woman, athletic, storm-grey military command coat with oxblood shoulder piping, black hair). Arjun (32, South Indian man, lean swimmer's build, deep brown skin, black mid-length hair pushed back with a grey streak at the RIGHT temple, heavy stubble, faint silver branching scars along both forearms). Setting: LOC-09 → LOC-08. sunrise, storm breaking. Light: golden sunrise key. Audio: her laugh-sob; wind. Photoreal live-action cinema, 2.39:1 anamorphic widescreen, fine 35mm grain, naturalistic skin, practical lighting, no CGI gloss. Avoid: on-screen text, subtitles, watermarks, HUD or UI graphics, comic-book styling, capes, masks on the hero, glossy 3D-render look, extra fingers, changing hairstyles. (Continuous shot, part 1 of 2. Begin the described action; end the clip mid-movement, not on a settle. Use the final frame of part 0 as the starting reference so the move is unbroken.)"
S29-29O-b,29,29O,2/2,6,LOC-09 → LOC-08,"CU, eye, 85mm, handheld, close. Riya takes his face in both hands: 'Do you know me?' / 'No. Should I be worried? You look like it's bad news.' / She laughs and it comes out as a sob. Forehead to forehead. Riya (34, Bengali-Indian woman, athletic, storm-grey military command coat with oxblood shoulder piping, black hair). Arjun (32, South Indian man, lean swimmer's build, deep brown skin, black mid-length hair pushed back with a grey streak at the RIGHT temple, heavy stubble, faint silver branching scars along both forearms). Setting: LOC-09 → LOC-08. sunrise, storm breaking. Light: golden sunrise key. Audio: her laugh-sob; wind. Photoreal live-action cinema, 2.39:1 anamorphic widescreen, fine 35mm grain, naturalistic skin, practical lighting, no CGI gloss. Avoid: on-screen text, subtitles, watermarks, HUD or UI graphics, comic-book styling, capes, masks on the hero, glossy 3D-render look, extra fingers, changing hairstyles. (Continuous shot, part 2 of 2. Complete the described action and settle on the final beat. Use the final frame of part 1 as the starting reference so the move is unbroken.)"
S29-29P-a,29,29P,1/2,5,LOC-09 → LOC-08,"WS, eye, 32mm, locked-off, no camera movement. Kira apart at the rail, watching the sun come up over ninety fishing boats, palms open, gold light still running quietly in her hands. Kira (17, mixed Nigerian-Indian girl, wiry, dark brown skin, SIX cornrows in a high knot with THREE copper clips on the left, one brass earring, grey cloth wraps on both forearms). Setting: LOC-09 → LOC-08. sunrise, storm breaking. Light: sunrise backlight; gold on gold. Effect: resting tether glow. Audio: the sea; the score resolving. Photoreal live-action cinema, 2.39:1 anamorphic widescreen, fine 35mm grain, naturalistic skin, practical lighting, no CGI gloss. Avoid: on-screen text, subtitles, watermarks, HUD or UI graphics, comic-book styling, capes, masks on the hero, glossy 3D-render look, extra fingers, changing hairstyles. (Continuous shot, part 1 of 2. Begin the described action; end the clip mid-movement, not on a settle. Use the final frame of part 0 as the starting reference so the move is unbroken.)"
S29-29P-b,29,29P,2/2,5,LOC-09 → LOC-08,"WS, eye, 32mm, locked-off, no camera movement. Kira apart at the rail, watching the sun come up over ninety fishing boats, palms open, gold light still running quietly in her hands. Kira (17, mixed Nigerian-Indian girl, wiry, dark brown skin, SIX cornrows in a high knot with THREE copper clips on the left, one brass earring, grey cloth wraps on both forearms). Setting: LOC-09 → LOC-08. sunrise, storm breaking. Light: sunrise backlight; gold on gold. Effect: resting tether glow. Audio: the sea; the score resolving. Photoreal live-action cinema, 2.39:1 anamorphic widescreen, fine 35mm grain, naturalistic skin, practical lighting, no CGI gloss. Avoid: on-screen text, subtitles, watermarks, HUD or UI graphics, comic-book styling, capes, masks on the hero, glossy 3D-render look, extra fingers, changing hairstyles. (Continuous shot, part 2 of 2. Complete the described action and settle on the final beat. Use the final frame of part 1 as the starting reference so the move is unbroken.)"
S30-30A-a,30,30A,1/2,6,LOC-03 + LOC-10,"EWS aerial, drone, slow descent through the towers, 24mm, aerial descent — the mirror of shot 3A. The Stiltway in CLEAN MORNING LIGHT: loud, wet, alive, rebuilding. The Long Walk's mid-span is NEW UNTREATED BAMBOO, pale and bright against everything rusted. Setting: the Stiltway — nine towers of stacked shipping containers and bamboo scaffold linked by rope walkways, saffron and teal tarpaulins, LED string lights, grey monsoon water below, intercut with a corrugated rooftop kite-field high above the Stiltway: a red water-tank, antenna masts, laundry lines, pigeon coops. morning, four months later, CLEAR — the only clear-sky scene. Light: clear morning sun, hard and warm — the first clean sky in the film. Effect: CG city; the rebuilt span — CONTINUITY CRITICAL. Audio: hammering, radios, kids, gulls, engines. The city at full volume. Photoreal live-action cinema, 2.39:1 anamorphic widescreen, fine 35mm grain, naturalistic skin, practical lighting, no CGI gloss. Avoid: on-screen text, subtitles, watermarks, HUD or UI graphics, comic-book styling, capes, masks on the hero, glossy 3D-render look, extra fingers, changing hairstyles. (Continuous shot, part 1 of 2. Begin the described action; end the clip mid-movement, not on a settle. Use the final frame of part 0 as the starting reference so the move is unbroken.)"
S30-30A-b,30,30A,2/2,6,LOC-03 + LOC-10,"EWS aerial, drone, slow descent through the towers, 24mm, aerial descent — the mirror of shot 3A. The Stiltway in CLEAN MORNING LIGHT: loud, wet, alive, rebuilding. The Long Walk's mid-span is NEW UNTREATED BAMBOO, pale and bright against everything rusted. Setting: the Stiltway — nine towers of stacked shipping containers and bamboo scaffold linked by rope walkways, saffron and teal tarpaulins, LED string lights, grey monsoon water below, intercut with a corrugated rooftop kite-field high above the Stiltway: a red water-tank, antenna masts, laundry lines, pigeon coops. morning, four months later, CLEAR — the only clear-sky scene. Light: clear morning sun, hard and warm — the first clean sky in the film. Effect: CG city; the rebuilt span — CONTINUITY CRITICAL. Audio: hammering, radios, kids, gulls, engines. The city at full volume. Photoreal live-action cinema, 2.39:1 anamorphic widescreen, fine 35mm grain, naturalistic skin, practical lighting, no CGI gloss. Avoid: on-screen text, subtitles, watermarks, HUD or UI graphics, comic-book styling, capes, masks on the hero, glossy 3D-render look, extra fingers, changing hairstyles. (Continuous shot, part 2 of 2. Complete the described action and settle on the final beat. Use the final frame of part 1 as the starting reference so the move is unbroken.)"
S30-30B,30,30B,1/1,8,LOC-03 + LOC-10,"WS, low, tilting up the ropes, 32mm, slow tilt up — mirror of shot 3C. Hundreds of memorial kites along the ropes — AND THIS TIME THEY ARE COLOURED. Saffron, teal, oxblood, magenta. Setting: the Stiltway — nine towers of stacked shipping containers and bamboo scaffold linked by rope walkways, saffron and teal tarpaulins, LED string lights, grey monsoon water below, intercut with a corrugated rooftop kite-field high above the Stiltway: a red water-tank, antenna masts, laundry lines, pigeon coops. morning, four months later, CLEAR — the only clear-sky scene. Light: backlit by clear sun; the colour is the point. Effect: cloth sim. Audio: paper and wind; and this time it sounds like celebration. Photoreal live-action cinema, 2.39:1 anamorphic widescreen, fine 35mm grain, naturalistic skin, practical lighting, no CGI gloss. Avoid: on-screen text, subtitles, watermarks, HUD or UI graphics, comic-book styling, capes, masks on the hero, glossy 3D-render look, extra fingers, changing hairstyles."
S30-30C-a,30,30C,1/2,6,LOC-03 + LOC-10,"WS, low, hero angle, earned, 32mm, slow crane up. KIRA OKONKWO in a fitted Corps Tether mantle, full saffron cloak, six braids, three copper clips, brass regulator on her belt — six gold tethers out, hauling a four-tonne girder into place while twenty workers guide it and a dozen kids run underneath screaming. Kira (17, mixed Nigerian-Indian girl, wiry, dark brown skin, SIX cornrows in a high knot with THREE copper clips on the left, one brass earring, grey cloth wraps on both forearms). Setting: the Stiltway — nine towers of stacked shipping containers and bamboo scaffold linked by rope walkways, saffron and teal tarpaulins, LED string lights, grey monsoon water below, intercut with a corrugated rooftop kite-field high above the Stiltway: a red water-tank, antenna masts, laundry lines, pigeon coops. morning, four months later, CLEAR — the only clear-sky scene. Light: clear sun; the gold tethers barely visible against a bright sky, which is right — she doesn't need the dark to be seen. Effect: six load-bearing tethers with a real girder; the gold now reads as work light, not weapon light. Audio: steel, shouting, laughter; the Guardian theme in a new, lighter orchestration. Photoreal live-action cinema, 2.39:1 anamorphic widescreen, fine 35mm grain, naturalistic skin, practical lighting, no CGI gloss. Avoid: on-screen text, subtitles, watermarks, HUD or UI graphics, comic-book styling, capes, masks on the hero, glossy 3D-render look, extra fingers, changing hairstyles. (Continuous shot, part 1 of 2. Begin the described action; end the clip mid-movement, not on a settle. Use the final frame of part 0 as the starting reference so the move is unbroken.)"
S30-30C-b,30,30C,2/2,5,LOC-03 + LOC-10,"WS, low, hero angle, earned, 32mm, slow crane up. KIRA OKONKWO in a fitted Corps Tether mantle, full saffron cloak, six braids, three copper clips, brass regulator on her belt — six gold tethers out, hauling a four-tonne girder into place while twenty workers guide it and a dozen kids run underneath screaming. Kira (17, mixed Nigerian-Indian girl, wiry, dark brown skin, SIX cornrows in a high knot with THREE copper clips on the left, one brass earring, grey cloth wraps on both forearms). Setting: the Stiltway — nine towers of stacked shipping containers and bamboo scaffold linked by rope walkways, saffron and teal tarpaulins, LED string lights, grey monsoon water below, intercut with a corrugated rooftop kite-field high above the Stiltway: a red water-tank, antenna masts, laundry lines, pigeon coops. morning, four months later, CLEAR — the only clear-sky scene. Light: clear sun; the gold tethers barely visible against a bright sky, which is right — she doesn't need the dark to be seen. Effect: six load-bearing tethers with a real girder; the gold now reads as work light, not weapon light. Audio: steel, shouting, laughter; the Guardian theme in a new, lighter orchestration. Photoreal live-action cinema, 2.39:1 anamorphic widescreen, fine 35mm grain, naturalistic skin, practical lighting, no CGI gloss. Avoid: on-screen text, subtitles, watermarks, HUD or UI graphics, comic-book styling, capes, masks on the hero, glossy 3D-render look, extra fingers, changing hairstyles. (Continuous shot, part 2 of 2. Complete the described action and settle on the final beat. Use the final frame of part 1 as the starting reference so the move is unbroken.)"
S30-30D,30,30D,1/1,8,LOC-03 + LOC-10,"MS 2-shot, eye, 50mm, handheld, loose and warm. 'LEFT! LEFT, GIRL—' / 'IT IS LEFT!' Bhaskar has a new apprentice's cap on the crate beside him and does not explain it. Kira (17, mixed Nigerian-Indian girl, wiry, dark brown skin, SIX cornrows in a high knot with THREE copper clips on the left, one brass earring, grey cloth wraps on both forearms). Bhaskar (44, bald South Indian man, thick grey moustache, gold tooth, tattooed forearms, oily work vest). Setting: the Stiltway — nine towers of stacked shipping containers and bamboo scaffold linked by rope walkways, saffron and teal tarpaulins, LED string lights, grey monsoon water below, intercut with a corrugated rooftop kite-field high above the Stiltway: a red water-tank, antenna masts, laundry lines, pigeon coops. morning, four months later, CLEAR — the only clear-sky scene. Light: clear sun. Audio: the yard. Photoreal live-action cinema, 2.39:1 anamorphic widescreen, fine 35mm grain, naturalistic skin, practical lighting, no CGI gloss. Avoid: on-screen text, subtitles, watermarks, HUD or UI graphics, comic-book styling, capes, masks on the hero, glossy 3D-render look, extra fingers, changing hairstyles."
S30-30E-a,30,30E,1/2,5,LOC-03 + LOC-10,"WS, eye, water level, 40mm, locked-off, no camera movement. A jetty. Arjun in a plain cotton shirt, sleeves rolled, barefoot, hands on his knees, watching the water with the perfect calm of a man with nothing behind him. His Threadwork is dull pewter. Arjun (32, South Indian man, lean swimmer's build, deep brown skin, black mid-length hair pushed back with a grey streak at the RIGHT temple, heavy stubble, faint silver branching scars along both forearms). Setting: the Stiltway — nine towers of stacked shipping containers and bamboo scaffold linked by rope walkways, saffron and teal tarpaulins, LED string lights, grey monsoon water below, intercut with a corrugated rooftop kite-field high above the Stiltway: a red water-tank, antenna masts, laundry lines, pigeon coops. morning, four months later, CLEAR — the only clear-sky scene. Light: clear morning, water bounce. Effect: dead Threadwork. Audio: water on wood. Photoreal live-action cinema, 2.39:1 anamorphic widescreen, fine 35mm grain, naturalistic skin, practical lighting, no CGI gloss. Avoid: on-screen text, subtitles, watermarks, HUD or UI graphics, comic-book styling, capes, masks on the hero, glossy 3D-render look, extra fingers, changing hairstyles. (Continuous shot, part 1 of 2. Begin the described action; end the clip mid-movement, not on a settle. Use the final frame of part 0 as the starting reference so the move is unbroken.)"
S30-30E-b,30,30E,2/2,4,LOC-03 + LOC-10,"WS, eye, water level, 40mm, locked-off, no camera movement. A jetty. Arjun in a plain cotton shirt, sleeves rolled, barefoot, hands on his knees, watching the water with the perfect calm of a man with nothing behind him. His Threadwork is dull pewter. Arjun (32, South Indian man, lean swimmer's build, deep brown skin, black mid-length hair pushed back with a grey streak at the RIGHT temple, heavy stubble, faint silver branching scars along both forearms). Setting: the Stiltway — nine towers of stacked shipping containers and bamboo scaffold linked by rope walkways, saffron and teal tarpaulins, LED string lights, grey monsoon water below, intercut with a corrugated rooftop kite-field high above the Stiltway: a red water-tank, antenna masts, laundry lines, pigeon coops. morning, four months later, CLEAR — the only clear-sky scene. Light: clear morning, water bounce. Effect: dead Threadwork. Audio: water on wood. Photoreal live-action cinema, 2.39:1 anamorphic widescreen, fine 35mm grain, naturalistic skin, practical lighting, no CGI gloss. Avoid: on-screen text, subtitles, watermarks, HUD or UI graphics, comic-book styling, capes, masks on the hero, glossy 3D-render look, extra fingers, changing hairstyles. (Continuous shot, part 2 of 2. Complete the described action and settle on the final beat. Use the final frame of part 1 as the starting reference so the move is unbroken.)"
S30-30F-a,30,30F,1/2,6,LOC-03 + LOC-10,"MS 2-shot, eye, 50mm, locked-off, no camera movement. Riya sits down with two glasses of chai. 'Chai.' / He sips, makes a face: 'It's very sweet.' / 'Yes. It is.' They sit. Arjun (32, South Indian man, lean swimmer's build, deep brown skin, black mid-length hair pushed back with a grey streak at the RIGHT temple, heavy stubble, faint silver branching scars along both forearms). Riya (34, Bengali-Indian woman, athletic, storm-grey military command coat with oxblood shoulder piping, black hair). Setting: the Stiltway — nine towers of stacked shipping containers and bamboo scaffold linked by rope walkways, saffron and teal tarpaulins, LED string lights, grey monsoon water below, intercut with a corrugated rooftop kite-field high above the Stiltway: a red water-tank, antenna masts, laundry lines, pigeon coops. morning, four months later, CLEAR — the only clear-sky scene. Light: clear morning. Audio: the city behind them. Photoreal live-action cinema, 2.39:1 anamorphic widescreen, fine 35mm grain, naturalistic skin, practical lighting, no CGI gloss. Avoid: on-screen text, subtitles, watermarks, HUD or UI graphics, comic-book styling, capes, masks on the hero, glossy 3D-render look, extra fingers, changing hairstyles. (Continuous shot, part 1 of 2. Begin the described action; end the clip mid-movement, not on a settle. Use the final frame of part 0 as the starting reference so the move is unbroken.)"
S30-30F-b,30,30F,2/2,5,LOC-03 + LOC-10,"MS 2-shot, eye, 50mm, locked-off, no camera movement. Riya sits down with two glasses of chai. 'Chai.' / He sips, makes a face: 'It's very sweet.' / 'Yes. It is.' They sit. Arjun (32, South Indian man, lean swimmer's build, deep brown skin, black mid-length hair pushed back with a grey streak at the RIGHT temple, heavy stubble, faint silver branching scars along both forearms). Riya (34, Bengali-Indian woman, athletic, storm-grey military command coat with oxblood shoulder piping, black hair). Setting: the Stiltway — nine towers of stacked shipping containers and bamboo scaffold linked by rope walkways, saffron and teal tarpaulins, LED string lights, grey monsoon water below, intercut with a corrugated rooftop kite-field high above the Stiltway: a red water-tank, antenna masts, laundry lines, pigeon coops. morning, four months later, CLEAR — the only clear-sky scene. Light: clear morning. Audio: the city behind them. Photoreal live-action cinema, 2.39:1 anamorphic widescreen, fine 35mm grain, naturalistic skin, practical lighting, no CGI gloss. Avoid: on-screen text, subtitles, watermarks, HUD or UI graphics, comic-book styling, capes, masks on the hero, glossy 3D-render look, extra fingers, changing hairstyles. (Continuous shot, part 2 of 2. Complete the described action and settle on the final beat. Use the final frame of part 1 as the starting reference so the move is unbroken.)"
S30-30G-a,30,30G,1/3,6,LOC-03 + LOC-10,"insert, DIRECTLY OVERHEAD, LOCKED — the signature insert, final use, 40mm macro, locked-off, no camera movement. THE NOTEBOOK placed in his hands: waterlogged, swollen, red boot-lace. Opened. The last page. We hear it in his own four-month-old voice. Setting: the Stiltway — nine towers of stacked shipping containers and bamboo scaffold linked by rope walkways, saffron and teal tarpaulins, LED string lights, grey monsoon water below, intercut with a corrugated rooftop kite-field high above the Stiltway: a red water-tank, antenna masts, laundry lines, pigeon coops. morning, four months later, CLEAR — the only clear-sky scene. Light: clear sun on wet-warped paper. Audio: his V.O.; the city faded back. Photoreal live-action cinema, 2.39:1 anamorphic widescreen, fine 35mm grain, naturalistic skin, practical lighting, no CGI gloss. Avoid: on-screen text, subtitles, watermarks, HUD or UI graphics, comic-book styling, capes, masks on the hero, glossy 3D-render look, extra fingers, changing hairstyles. (Continuous shot, part 1 of 3. Begin the described action; end the clip mid-movement, not on a settle. Use the final frame of part 0 as the starting reference so the move is unbroken.)"
S30-30G-b,30,30G,2/3,6,LOC-03 + LOC-10,"insert, DIRECTLY OVERHEAD, LOCKED — the signature insert, final use, 40mm macro, locked-off, no camera movement. THE NOTEBOOK placed in his hands: waterlogged, swollen, red boot-lace. Opened. The last page. We hear it in his own four-month-old voice. Setting: the Stiltway — nine towers of stacked shipping containers and bamboo scaffold linked by rope walkways, saffron and teal tarpaulins, LED string lights, grey monsoon water below, intercut with a corrugated rooftop kite-field high above the Stiltway: a red water-tank, antenna masts, laundry lines, pigeon coops. morning, four months later, CLEAR — the only clear-sky scene. Light: clear sun on wet-warped paper. Audio: his V.O.; the city faded back. Photoreal live-action cinema, 2.39:1 anamorphic widescreen, fine 35mm grain, naturalistic skin, practical lighting, no CGI gloss. Avoid: on-screen text, subtitles, watermarks, HUD or UI graphics, comic-book styling, capes, masks on the hero, glossy 3D-render look, extra fingers, changing hairstyles. (Continuous shot, part 2 of 3. Continue the described action already in progress; neither begin nor resolve it. Use the final frame of part 1 as the starting reference so the move is unbroken.)"
S30-30G-c,30,30G,3/3,6,LOC-03 + LOC-10,"insert, DIRECTLY OVERHEAD, LOCKED — the signature insert, final use, 40mm macro, locked-off, no camera movement. THE NOTEBOOK placed in his hands: waterlogged, swollen, red boot-lace. Opened. The last page. We hear it in his own four-month-old voice. Setting: the Stiltway — nine towers of stacked shipping containers and bamboo scaffold linked by rope walkways, saffron and teal tarpaulins, LED string lights, grey monsoon water below, intercut with a corrugated rooftop kite-field high above the Stiltway: a red water-tank, antenna masts, laundry lines, pigeon coops. morning, four months later, CLEAR — the only clear-sky scene. Light: clear sun on wet-warped paper. Audio: his V.O.; the city faded back. Photoreal live-action cinema, 2.39:1 anamorphic widescreen, fine 35mm grain, naturalistic skin, practical lighting, no CGI gloss. Avoid: on-screen text, subtitles, watermarks, HUD or UI graphics, comic-book styling, capes, masks on the hero, glossy 3D-render look, extra fingers, changing hairstyles. (Continuous shot, part 3 of 3. Complete the described action and settle on the final beat. Use the final frame of part 2 as the starting reference so the move is unbroken.)"
S30-30H-a,30,30H,1/2,5,LOC-03 + LOC-10,"CU, eye, 85mm, locked-off, no camera movement. He reads it twice. His face doesn't change much — there's no memory to attach it to. But his thumb goes over the last line, once. Arjun (32, South Indian man, lean swimmer's build, deep brown skin, black mid-length hair pushed back with a grey streak at the RIGHT temple, heavy stubble, faint silver branching scars along both forearms). Setting: the Stiltway — nine towers of stacked shipping containers and bamboo scaffold linked by rope walkways, saffron and teal tarpaulins, LED string lights, grey monsoon water below, intercut with a corrugated rooftop kite-field high above the Stiltway: a red water-tank, antenna masts, laundry lines, pigeon coops. morning, four months later, CLEAR — the only clear-sky scene. Light: clear sun. Audio: paper; water. Photoreal live-action cinema, 2.39:1 anamorphic widescreen, fine 35mm grain, naturalistic skin, practical lighting, no CGI gloss. Avoid: on-screen text, subtitles, watermarks, HUD or UI graphics, comic-book styling, capes, masks on the hero, glossy 3D-render look, extra fingers, changing hairstyles. (Continuous shot, part 1 of 2. Begin the described action; end the clip mid-movement, not on a settle. Use the final frame of part 0 as the starting reference so the move is unbroken.)"
S30-30H-b,30,30H,2/2,4,LOC-03 + LOC-10,"CU, eye, 85mm, locked-off, no camera movement. He reads it twice. His face doesn't change much — there's no memory to attach it to. But his thumb goes over the last line, once. Arjun (32, South Indian man, lean swimmer's build, deep brown skin, black mid-length hair pushed back with a grey streak at the RIGHT temple, heavy stubble, faint silver branching scars along both forearms). Setting: the Stiltway — nine towers of stacked shipping containers and bamboo scaffold linked by rope walkways, saffron and teal tarpaulins, LED string lights, grey monsoon water below, intercut with a corrugated rooftop kite-field high above the Stiltway: a red water-tank, antenna masts, laundry lines, pigeon coops. morning, four months later, CLEAR — the only clear-sky scene. Light: clear sun. Audio: paper; water. Photoreal live-action cinema, 2.39:1 anamorphic widescreen, fine 35mm grain, naturalistic skin, practical lighting, no CGI gloss. Avoid: on-screen text, subtitles, watermarks, HUD or UI graphics, comic-book styling, capes, masks on the hero, glossy 3D-render look, extra fingers, changing hairstyles. (Continuous shot, part 2 of 2. Complete the described action and settle on the final beat. Use the final frame of part 1 as the starting reference so the move is unbroken.)"
S30-30I-a,30,30I,1/2,5,LOC-03 + LOC-10,"MS 2-shot, eye, 50mm, locked-off, no camera movement. 'Was I? Better or worse than this?' / Riya, watching Kira haul four tonnes of steel on threads of gold light: 'Oh, you were nowhere near.'. Arjun (32, South Indian man, lean swimmer's build, deep brown skin, black mid-length hair pushed back with a grey streak at the RIGHT temple, heavy stubble, faint silver branching scars along both forearms). Riya (34, Bengali-Indian woman, athletic, storm-grey military command coat with oxblood shoulder piping, black hair). Setting: the Stiltway — nine towers of stacked shipping containers and bamboo scaffold linked by rope walkways, saffron and teal tarpaulins, LED string lights, grey monsoon water below, intercut with a corrugated rooftop kite-field high above the Stiltway: a red water-tank, antenna masts, laundry lines, pigeon coops. morning, four months later, CLEAR — the only clear-sky scene. Light: clear sun. Effect: tethers in background. Audio: the yard; her small laugh. Photoreal live-action cinema, 2.39:1 anamorphic widescreen, fine 35mm grain, naturalistic skin, practical lighting, no CGI gloss. Avoid: on-screen text, subtitles, watermarks, HUD or UI graphics, comic-book styling, capes, masks on the hero, glossy 3D-render look, extra fingers, changing hairstyles. (Continuous shot, part 1 of 2. Begin the described action; end the clip mid-movement, not on a settle. Use the final frame of part 0 as the starting reference so the move is unbroken.)"
S30-30I-b,30,30I,2/2,4,LOC-03 + LOC-10,"MS 2-shot, eye, 50mm, locked-off, no camera movement. 'Was I? Better or worse than this?' / Riya, watching Kira haul four tonnes of steel on threads of gold light: 'Oh, you were nowhere near.'. Arjun (32, South Indian man, lean swimmer's build, deep brown skin, black mid-length hair pushed back with a grey streak at the RIGHT temple, heavy stubble, faint silver branching scars along both forearms). Riya (34, Bengali-Indian woman, athletic, storm-grey military command coat with oxblood shoulder piping, black hair). Setting: the Stiltway — nine towers of stacked shipping containers and bamboo scaffold linked by rope walkways, saffron and teal tarpaulins, LED string lights, grey monsoon water below, intercut with a corrugated rooftop kite-field high above the Stiltway: a red water-tank, antenna masts, laundry lines, pigeon coops. morning, four months later, CLEAR — the only clear-sky scene. Light: clear sun. Effect: tethers in background. Audio: the yard; her small laugh. Photoreal live-action cinema, 2.39:1 anamorphic widescreen, fine 35mm grain, naturalistic skin, practical lighting, no CGI gloss. Avoid: on-screen text, subtitles, watermarks, HUD or UI graphics, comic-book styling, capes, masks on the hero, glossy 3D-render look, extra fingers, changing hairstyles. (Continuous shot, part 2 of 2. Complete the described action and settle on the final beat. Use the final frame of part 1 as the starting reference so the move is unbroken.)"
S30-30J-a,30,30J,1/2,5,LOC-03 + LOC-10,"MS, low, 40mm, handheld. Kira drops onto the jetty, lands light, out of breath, grinning, and puts out her hand: 'Morning. I'm Kira.' / 'Arjun. Apparently.' / 'Yeah. Apparently.'. Kira (17, mixed Nigerian-Indian girl, wiry, dark brown skin, SIX cornrows in a high knot with THREE copper clips on the left, one brass earring, grey cloth wraps on both forearms). Arjun (32, South Indian man, lean swimmer's build, deep brown skin, black mid-length hair pushed back with a grey streak at the RIGHT temple, heavy stubble, faint silver branching scars along both forearms). Setting: the Stiltway — nine towers of stacked shipping containers and bamboo scaffold linked by rope walkways, saffron and teal tarpaulins, LED string lights, grey monsoon water below, intercut with a corrugated rooftop kite-field high above the Stiltway: a red water-tank, antenna masts, laundry lines, pigeon coops. morning, four months later, CLEAR — the only clear-sky scene. Light: clear sun. Audio: her landing; the handshake. Photoreal live-action cinema, 2.39:1 anamorphic widescreen, fine 35mm grain, naturalistic skin, practical lighting, no CGI gloss. Avoid: on-screen text, subtitles, watermarks, HUD or UI graphics, comic-book styling, capes, masks on the hero, glossy 3D-render look, extra fingers, changing hairstyles. (Continuous shot, part 1 of 2. Begin the described action; end the clip mid-movement, not on a settle. Use the final frame of part 0 as the starting reference so the move is unbroken.)"
S30-30J-b,30,30J,2/2,4,LOC-03 + LOC-10,"MS, low, 40mm, handheld. Kira drops onto the jetty, lands light, out of breath, grinning, and puts out her hand: 'Morning. I'm Kira.' / 'Arjun. Apparently.' / 'Yeah. Apparently.'. Kira (17, mixed Nigerian-Indian girl, wiry, dark brown skin, SIX cornrows in a high knot with THREE copper clips on the left, one brass earring, grey cloth wraps on both forearms). Arjun (32, South Indian man, lean swimmer's build, deep brown skin, black mid-length hair pushed back with a grey streak at the RIGHT temple, heavy stubble, faint silver branching scars along both forearms). Setting: the Stiltway — nine towers of stacked shipping containers and bamboo scaffold linked by rope walkways, saffron and teal tarpaulins, LED string lights, grey monsoon water below, intercut with a corrugated rooftop kite-field high above the Stiltway: a red water-tank, antenna masts, laundry lines, pigeon coops. morning, four months later, CLEAR — the only clear-sky scene. Light: clear sun. Audio: her landing; the handshake. Photoreal live-action cinema, 2.39:1 anamorphic widescreen, fine 35mm grain, naturalistic skin, practical lighting, no CGI gloss. Avoid: on-screen text, subtitles, watermarks, HUD or UI graphics, comic-book styling, capes, masks on the hero, glossy 3D-render look, extra fingers, changing hairstyles. (Continuous shot, part 2 of 2. Complete the described action and settle on the final beat. Use the final frame of part 1 as the starting reference so the move is unbroken.)"
S30-30K,30,30K,1/1,8,LOC-03 + LOC-10,"WS, low, 32mm, steadicam follow up the stair. 'Come up on the roof. There's wind.' They climb toward Tower Six. Kira (17, mixed Nigerian-Indian girl, wiry, dark brown skin, SIX cornrows in a high knot with THREE copper clips on the left, one brass earring, grey cloth wraps on both forearms). Arjun (32, South Indian man, lean swimmer's build, deep brown skin, black mid-length hair pushed back with a grey streak at the RIGHT temple, heavy stubble, faint silver branching scars along both forearms). Setting: the Stiltway — nine towers of stacked shipping containers and bamboo scaffold linked by rope walkways, saffron and teal tarpaulins, LED string lights, grey monsoon water below, intercut with a corrugated rooftop kite-field high above the Stiltway: a red water-tank, antenna masts, laundry lines, pigeon coops. morning, four months later, CLEAR — the only clear-sky scene. Light: clear sun through the scaffold, flickering across them. Audio: footsteps on new bamboo — a different, brighter sound than old wood. Photoreal live-action cinema, 2.39:1 anamorphic widescreen, fine 35mm grain, naturalistic skin, practical lighting, no CGI gloss. Avoid: on-screen text, subtitles, watermarks, HUD or UI graphics, comic-book styling, capes, masks on the hero, glossy 3D-render look, extra fingers, changing hairstyles."
S30-30L,30,30L,1/1,5,LOC-03 + LOC-10,"insert, eye, 85mm, locked-off, no camera movement. The red water-tank. KIRA scratched into the paint, years old, half rusted over. Setting: the Stiltway — nine towers of stacked shipping containers and bamboo scaffold linked by rope walkways, saffron and teal tarpaulins, LED string lights, grey monsoon water below, intercut with a corrugated rooftop kite-field high above the Stiltway: a red water-tank, antenna masts, laundry lines, pigeon coops. morning, four months later, CLEAR — the only clear-sky scene. Light: clear sun. Audio: wind; kids. Photoreal live-action cinema, 2.39:1 anamorphic widescreen, fine 35mm grain, naturalistic skin, practical lighting, no CGI gloss. Avoid: on-screen text, subtitles, watermarks, HUD or UI graphics, comic-book styling, capes, masks on the hero, glossy 3D-render look, extra fingers, changing hairstyles."
S30-30M-a,30,30M,1/2,5,LOC-03 + LOC-10,"MS 2-shot, eye, 50mm, locked-off, no camera movement. She puts the KITE SPOOL in his hands and steps back: 'Hold the anchor. Let the corner argue.'. Kira (17, mixed Nigerian-Indian girl, wiry, dark brown skin, SIX cornrows in a high knot with THREE copper clips on the left, one brass earring, grey cloth wraps on both forearms). Arjun (32, South Indian man, lean swimmer's build, deep brown skin, black mid-length hair pushed back with a grey streak at the RIGHT temple, heavy stubble, faint silver branching scars along both forearms). Setting: the Stiltway — nine towers of stacked shipping containers and bamboo scaffold linked by rope walkways, saffron and teal tarpaulins, LED string lights, grey monsoon water below, intercut with a corrugated rooftop kite-field high above the Stiltway: a red water-tank, antenna masts, laundry lines, pigeon coops. morning, four months later, CLEAR — the only clear-sky scene. Light: clear sun, wind in everything. Audio: the two soft sternum-taps from Sc.13 return in the score, alone. Photoreal live-action cinema, 2.39:1 anamorphic widescreen, fine 35mm grain, naturalistic skin, practical lighting, no CGI gloss. Avoid: on-screen text, subtitles, watermarks, HUD or UI graphics, comic-book styling, capes, masks on the hero, glossy 3D-render look, extra fingers, changing hairstyles. (Continuous shot, part 1 of 2. Begin the described action; end the clip mid-movement, not on a settle. Use the final frame of part 0 as the starting reference so the move is unbroken.)"
S30-30M-b,30,30M,2/2,4,LOC-03 + LOC-10,"MS 2-shot, eye, 50mm, locked-off, no camera movement. She puts the KITE SPOOL in his hands and steps back: 'Hold the anchor. Let the corner argue.'. Kira (17, mixed Nigerian-Indian girl, wiry, dark brown skin, SIX cornrows in a high knot with THREE copper clips on the left, one brass earring, grey cloth wraps on both forearms). Arjun (32, South Indian man, lean swimmer's build, deep brown skin, black mid-length hair pushed back with a grey streak at the RIGHT temple, heavy stubble, faint silver branching scars along both forearms). Setting: the Stiltway — nine towers of stacked shipping containers and bamboo scaffold linked by rope walkways, saffron and teal tarpaulins, LED string lights, grey monsoon water below, intercut with a corrugated rooftop kite-field high above the Stiltway: a red water-tank, antenna masts, laundry lines, pigeon coops. morning, four months later, CLEAR — the only clear-sky scene. Light: clear sun, wind in everything. Audio: the two soft sternum-taps from Sc.13 return in the score, alone. Photoreal live-action cinema, 2.39:1 anamorphic widescreen, fine 35mm grain, naturalistic skin, practical lighting, no CGI gloss. Avoid: on-screen text, subtitles, watermarks, HUD or UI graphics, comic-book styling, capes, masks on the hero, glossy 3D-render look, extra fingers, changing hairstyles. (Continuous shot, part 2 of 2. Complete the described action and settle on the final beat. Use the final frame of part 1 as the starting reference so the move is unbroken.)"
S30-30N-a,30,30N,1/2,5,LOC-03 + LOC-10,"CU, eye, 85mm, very slow push. He looks at the spool. Something in his face MOVES — not memory; the SHAPE of memory. A man recognising the fit of a thing his hands know. '...Huh.'. Arjun (32, South Indian man, lean swimmer's build, deep brown skin, black mid-length hair pushed back with a grey streak at the RIGHT temple, heavy stubble, faint silver branching scars along both forearms). Setting: the Stiltway — nine towers of stacked shipping containers and bamboo scaffold linked by rope walkways, saffron and teal tarpaulins, LED string lights, grey monsoon water below, intercut with a corrugated rooftop kite-field high above the Stiltway: a red water-tank, antenna masts, laundry lines, pigeon coops. morning, four months later, CLEAR — the only clear-sky scene. Light: clear sun, warm. Audio: wind; line beginning to run. Photoreal live-action cinema, 2.39:1 anamorphic widescreen, fine 35mm grain, naturalistic skin, practical lighting, no CGI gloss. Avoid: on-screen text, subtitles, watermarks, HUD or UI graphics, comic-book styling, capes, masks on the hero, glossy 3D-render look, extra fingers, changing hairstyles. (Continuous shot, part 1 of 2. Begin the described action; end the clip mid-movement, not on a settle. Use the final frame of part 0 as the starting reference so the move is unbroken.)"
S30-30N-b,30,30N,2/2,5,LOC-03 + LOC-10,"CU, eye, 85mm, very slow push. He looks at the spool. Something in his face MOVES — not memory; the SHAPE of memory. A man recognising the fit of a thing his hands know. '...Huh.'. Arjun (32, South Indian man, lean swimmer's build, deep brown skin, black mid-length hair pushed back with a grey streak at the RIGHT temple, heavy stubble, faint silver branching scars along both forearms). Setting: the Stiltway — nine towers of stacked shipping containers and bamboo scaffold linked by rope walkways, saffron and teal tarpaulins, LED string lights, grey monsoon water below, intercut with a corrugated rooftop kite-field high above the Stiltway: a red water-tank, antenna masts, laundry lines, pigeon coops. morning, four months later, CLEAR — the only clear-sky scene. Light: clear sun, warm. Audio: wind; line beginning to run. Photoreal live-action cinema, 2.39:1 anamorphic widescreen, fine 35mm grain, naturalistic skin, practical lighting, no CGI gloss. Avoid: on-screen text, subtitles, watermarks, HUD or UI graphics, comic-book styling, capes, masks on the hero, glossy 3D-render look, extra fingers, changing hairstyles. (Continuous shot, part 2 of 2. Complete the described action and settle on the final beat. Use the final frame of part 1 as the starting reference so the move is unbroken.)"
S30-30O-a,30,30O,1/3,6,LOC-03 + LOC-10,"EWS, low, looking up past them, 25mm, slow crane up and back. He lets the line out. The saffron kite goes up over the Stiltway, over ninety boats, over a rebuilt walkway, into a sky with NOTHING IN IT AT ALL. Kira watching him, not the kite. HOLD. HOLD. Arjun (32, South Indian man, lean swimmer's build, deep brown skin, black mid-length hair pushed back with a grey streak at the RIGHT temple, heavy stubble, faint silver branching scars along both forearms). Kira (17, mixed Nigerian-Indian girl, wiry, dark brown skin, SIX cornrows in a high knot with THREE copper clips on the left, one brass earring, grey cloth wraps on both forearms). Setting: the Stiltway — nine towers of stacked shipping containers and bamboo scaffold linked by rope walkways, saffron and teal tarpaulins, LED string lights, grey monsoon water below, intercut with a corrugated rooftop kite-field high above the Stiltway: a red water-tank, antenna masts, laundry lines, pigeon coops. morning, four months later, CLEAR — the only clear-sky scene. Light: clear blue, hard sun, the whole frame open. Effect: kite; CG city below. Audio: wind, line, city; the full theme, resolving. Photoreal live-action cinema, 2.39:1 anamorphic widescreen, fine 35mm grain, naturalistic skin, practical lighting, no CGI gloss. Avoid: on-screen text, subtitles, watermarks, HUD or UI graphics, comic-book styling, capes, masks on the hero, glossy 3D-render look, extra fingers, changing hairstyles. (Continuous shot, part 1 of 3. Begin the described action; end the clip mid-movement, not on a settle. Use the final frame of part 0 as the starting reference so the move is unbroken.)"
S30-30O-b,30,30O,2/3,6,LOC-03 + LOC-10,"EWS, low, looking up past them, 25mm, slow crane up and back. He lets the line out. The saffron kite goes up over the Stiltway, over ninety boats, over a rebuilt walkway, into a sky with NOTHING IN IT AT ALL. Kira watching him, not the kite. HOLD. HOLD. Arjun (32, South Indian man, lean swimmer's build, deep brown skin, black mid-length hair pushed back with a grey streak at the RIGHT temple, heavy stubble, faint silver branching scars along both forearms). Kira (17, mixed Nigerian-Indian girl, wiry, dark brown skin, SIX cornrows in a high knot with THREE copper clips on the left, one brass earring, grey cloth wraps on both forearms). Setting: the Stiltway — nine towers of stacked shipping containers and bamboo scaffold linked by rope walkways, saffron and teal tarpaulins, LED string lights, grey monsoon water below, intercut with a corrugated rooftop kite-field high above the Stiltway: a red water-tank, antenna masts, laundry lines, pigeon coops. morning, four months later, CLEAR — the only clear-sky scene. Light: clear blue, hard sun, the whole frame open. Effect: kite; CG city below. Audio: wind, line, city; the full theme, resolving. Photoreal live-action cinema, 2.39:1 anamorphic widescreen, fine 35mm grain, naturalistic skin, practical lighting, no CGI gloss. Avoid: on-screen text, subtitles, watermarks, HUD or UI graphics, comic-book styling, capes, masks on the hero, glossy 3D-render look, extra fingers, changing hairstyles. (Continuous shot, part 2 of 3. Continue the described action already in progress; neither begin nor resolve it. Use the final frame of part 1 as the starting reference so the move is unbroken.)"
S30-30O-c,30,30O,3/3,6,LOC-03 + LOC-10,"EWS, low, looking up past them, 25mm, slow crane up and back. He lets the line out. The saffron kite goes up over the Stiltway, over ninety boats, over a rebuilt walkway, into a sky with NOTHING IN IT AT ALL. Kira watching him, not the kite. HOLD. HOLD. Arjun (32, South Indian man, lean swimmer's build, deep brown skin, black mid-length hair pushed back with a grey streak at the RIGHT temple, heavy stubble, faint silver branching scars along both forearms). Kira (17, mixed Nigerian-Indian girl, wiry, dark brown skin, SIX cornrows in a high knot with THREE copper clips on the left, one brass earring, grey cloth wraps on both forearms). Setting: the Stiltway — nine towers of stacked shipping containers and bamboo scaffold linked by rope walkways, saffron and teal tarpaulins, LED string lights, grey monsoon water below, intercut with a corrugated rooftop kite-field high above the Stiltway: a red water-tank, antenna masts, laundry lines, pigeon coops. morning, four months later, CLEAR — the only clear-sky scene. Light: clear blue, hard sun, the whole frame open. Effect: kite; CG city below. Audio: wind, line, city; the full theme, resolving. Photoreal live-action cinema, 2.39:1 anamorphic widescreen, fine 35mm grain, naturalistic skin, practical lighting, no CGI gloss. Avoid: on-screen text, subtitles, watermarks, HUD or UI graphics, comic-book styling, capes, masks on the hero, glossy 3D-render look, extra fingers, changing hairstyles. (Continuous shot, part 3 of 3. Complete the described action and settle on the final beat. Use the final frame of part 2 as the starting reference so the move is unbroken.)"
S30-30P-a,30,30P,1/2,5,LOC-03 + LOC-10,"TITLE, —, —, locked-off, no camera movement. CUT TO BLACK. Title card: THE LAST GUARDIAN. Three seconds later, smaller, fading in: 'the first of the next.'. Setting: the Stiltway — nine towers of stacked shipping containers and bamboo scaffold linked by rope walkways, saffron and teal tarpaulins, LED string lights, grey monsoon water below, intercut with a corrugated rooftop kite-field high above the Stiltway: a red water-tank, antenna masts, laundry lines, pigeon coops. morning, four months later, CLEAR — the only clear-sky scene. Light: white on black. Effect: title design. Audio: one held note, then silence. Photoreal live-action cinema, 2.39:1 anamorphic widescreen, fine 35mm grain, naturalistic skin, practical lighting, no CGI gloss. Avoid: on-screen text, subtitles, watermarks, HUD or UI graphics, comic-book styling, capes, masks on the hero, glossy 3D-render look, extra fingers, changing hairstyles. (Continuous shot, part 1 of 2. Begin the described action; end the clip mid-movement, not on a settle. Use the final frame of part 0 as the starting reference so the move is unbroken.)"
S30-30P-b,30,30P,2/2,5,LOC-03 + LOC-10,"TITLE, —, —, locked-off, no camera movement. CUT TO BLACK. Title card: THE LAST GUARDIAN. Three seconds later, smaller, fading in: 'the first of the next.'. Setting: the Stiltway — nine towers of stacked shipping containers and bamboo scaffold linked by rope walkways, saffron and teal tarpaulins, LED string lights, grey monsoon water below, intercut with a corrugated rooftop kite-field high above the Stiltway: a red water-tank, antenna masts, laundry lines, pigeon coops. morning, four months later, CLEAR — the only clear-sky scene. Light: white on black. Effect: title design. Audio: one held note, then silence. Photoreal live-action cinema, 2.39:1 anamorphic widescreen, fine 35mm grain, naturalistic skin, practical lighting, no CGI gloss. Avoid: on-screen text, subtitles, watermarks, HUD or UI graphics, comic-book styling, capes, masks on the hero, glossy 3D-render look, extra fingers, changing hairstyles. (Continuous shot, part 2 of 2. Complete the described action and settle on the final beat. Use the final frame of part 1 as the starting reference so the move is unbroken.)"
S30-30Q-a,30,30Q,1/3,8,LOC-03 + LOC-10,"POST-CREDIT MS, low, 40mm, locked-off, no camera movement. POST-CREDITS: the Ark's ballast void, dark, water sloshing, an untaken rope. Sera Vance against a bulkhead, staring at her own reflection in her own broken plate, four months of crying on her face. She whispers her brother's name: 'Tomas.' Again. Getting it right. Sera (29, pale Anglo-Indian woman, BOTH eyes mirrored chrome with no iris, platinum crown braid, no eyebrows, seamless bone-white lacquer armour with mirror-polished gauntlets). Setting: the Stiltway — nine towers of stacked shipping containers and bamboo scaffold linked by rope walkways, saffron and teal tarpaulins, LED string lights, grey monsoon water below, intercut with a corrugated rooftop kite-field high above the Stiltway: a red water-tank, antenna masts, laundry lines, pigeon coops. morning, four months later, CLEAR — the only clear-sky scene. Light: one shaft of white from the hole above; deep black everywhere else. Effect: cracked mirror reflection. Audio: water; her voice; cut to black. Photoreal live-action cinema, 2.39:1 anamorphic widescreen, fine 35mm grain, naturalistic skin, practical lighting, no CGI gloss. Avoid: on-screen text, subtitles, watermarks, HUD or UI graphics, comic-book styling, capes, masks on the hero, glossy 3D-render look, extra fingers, changing hairstyles. (Continuous shot, part 1 of 3. Begin the described action; end the clip mid-movement, not on a settle. Use the final frame of part 0 as the starting reference so the move is unbroken.)"
S30-30Q-b,30,30Q,2/3,7,LOC-03 + LOC-10,"POST-CREDIT MS, low, 40mm, locked-off, no camera movement. POST-CREDITS: the Ark's ballast void, dark, water sloshing, an untaken rope. Sera Vance against a bulkhead, staring at her own reflection in her own broken plate, four months of crying on her face. She whispers her brother's name: 'Tomas.' Again. Getting it right. Sera (29, pale Anglo-Indian woman, BOTH eyes mirrored chrome with no iris, platinum crown braid, no eyebrows, seamless bone-white lacquer armour with mirror-polished gauntlets). Setting: the Stiltway — nine towers of stacked shipping containers and bamboo scaffold linked by rope walkways, saffron and teal tarpaulins, LED string lights, grey monsoon water below, intercut with a corrugated rooftop kite-field high above the Stiltway: a red water-tank, antenna masts, laundry lines, pigeon coops. morning, four months later, CLEAR — the only clear-sky scene. Light: one shaft of white from the hole above; deep black everywhere else. Effect: cracked mirror reflection. Audio: water; her voice; cut to black. Photoreal live-action cinema, 2.39:1 anamorphic widescreen, fine 35mm grain, naturalistic skin, practical lighting, no CGI gloss. Avoid: on-screen text, subtitles, watermarks, HUD or UI graphics, comic-book styling, capes, masks on the hero, glossy 3D-render look, extra fingers, changing hairstyles. (Continuous shot, part 2 of 3. Continue the described action already in progress; neither begin nor resolve it. Use the final frame of part 1 as the starting reference so the move is unbroken.)"
S30-30Q-c,30,30Q,3/3,7,LOC-03 + LOC-10,"POST-CREDIT MS, low, 40mm, locked-off, no camera movement. POST-CREDITS: the Ark's ballast void, dark, water sloshing, an untaken rope. Sera Vance against a bulkhead, staring at her own reflection in her own broken plate, four months of crying on her face. She whispers her brother's name: 'Tomas.' Again. Getting it right. Sera (29, pale Anglo-Indian woman, BOTH eyes mirrored chrome with no iris, platinum crown braid, no eyebrows, seamless bone-white lacquer armour with mirror-polished gauntlets). Setting: the Stiltway — nine towers of stacked shipping containers and bamboo scaffold linked by rope walkways, saffron and teal tarpaulins, LED string lights, grey monsoon water below, intercut with a corrugated rooftop kite-field high above the Stiltway: a red water-tank, antenna masts, laundry lines, pigeon coops. morning, four months later, CLEAR — the only clear-sky scene. Light: one shaft of white from the hole above; deep black everywhere else. Effect: cracked mirror reflection. Audio: water; her voice; cut to black. Photoreal live-action cinema, 2.39:1 anamorphic widescreen, fine 35mm grain, naturalistic skin, practical lighting, no CGI gloss. Avoid: on-screen text, subtitles, watermarks, HUD or UI graphics, comic-book styling, capes, masks on the hero, glossy 3D-render look, extra fingers, changing hairstyles. (Continuous shot, part 3 of 3. Complete the described action and settle on the final beat. Use the final frame of part 2 as the starting reference so the move is unbroken.)"